job_id,job_title,company,location,experience,salary_inr,employment_type,skills,salary_lpa
JOB00001,AI/ML Engineer,NextGen Systems,Chennai,0-1 years,402451,Full-time,Python; SQL; Pandas; NumPy; Machine Learning; Deep Learning; PyTorch; Git,4.02451
JOB00002,AI/ML Engineer,InnoByte,Mumbai,1-3 years,1769141,Full-time,Python; SQL; Pandas; NumPy; Machine Learning; Deep Learning; PyTorch; Git,17.69141
JOB00003,Software Developer,DataBridge,Mumbai,3-5 years,808517,Full-time,Python; SQL; Git; REST API; HTML; CSS; JavaScript; DSA,8.08517
JOB00004,Cloud Engineer,DataBridge,Pune,3-5 years,1229796,Contract,Python; Linux; Git; AWS; Azure; Docker; Networking; Terraform; Statistics,12.29796
JOB00005,Software Developer,NextGen Systems,Chennai,0-1 years,1063557,Contract,Python; SQL; Git; REST API; HTML; CSS; JavaScript; DSA; PyTorch,10.63557
JOB00006,Software Developer,InnoByte,Hyderabad,1-3 years,1146765,Internship,Python; SQL; Git; REST API; HTML; CSS; JavaScript; DSA,11.46765
JOB00007,Data Analyst,VisionWorks,Mumbai,0-1 years,1880358,Contract,Python; SQL; Excel; Power BI; Pandas; Statistics; Data Visualization,18.80358
JOB00008,Software Developer,InnoByte,Bengaluru,3-5 years,1827594,Full-time,Python; SQL; Git; REST API; HTML; CSS; JavaScript; DSA; Pandas; Linux,18.27594
JOB00009,Data Analyst,DataBridge,Remote,0-1 years,2143731,Contract,Python; SQL; Excel; Power BI; Pandas; Statistics; Data Visualization,21.43731
JOB00010,Data Analyst,DataBridge,Delhi NCR,1-3 years,1095056,Internship,Python; SQL; Excel; Power BI; Pandas; Statistics; Data Visualization; Networking; Docker; Terraform,10.95056
JOB00011,AI/ML Engineer,CloudPeak,Mumbai,3-5 years,1627440,Full-time,Python; SQL; Pandas; NumPy; Machine Learning; Deep Learning; PyTorch; Git,16.2744
JOB00012,Full Stack Developer,Aster Labs,Remote,0-1 years,1785740,Full-time,HTML; CSS; JavaScript; React; Node.js; SQL; Git; REST API; Power BI; Machine Learning; Linux,17.8574
JOB00013,Software Developer,DataBridge,Mumbai,3-5 years,488807,Contract,Python; SQL; Git; REST API; HTML; CSS; JavaScript; DSA; Power BI; Networking,4.88807
JOB00014,Full Stack Developer,CloudPeak,Chennai,3-5 years,905493,Internship,HTML; CSS; JavaScript; React; Node.js; SQL; Git; REST API; Power BI; Python; Deep Learning,9.05493
JOB00015,Cloud Engineer,DataBridge,Chennai,3-5 years,1109161,Contract,Python; Linux; Git; AWS; Azure; Docker; Networking; Terraform; REST API; PyTorch,11.09161
JOB00016,Software Developer,InnoByte,Chennai,3-5 years,2155863,Full-time,Python; SQL; Git; REST API; HTML; CSS; JavaScript; DSA,21.55863
JOB00017,AI/ML Engineer,VisionWorks,Mumbai,1-3 years,1599668,Internship,Python; SQL; Pandas; NumPy; Machine Learning; Deep Learning; PyTorch; Git; CSS; Power BI; Statistics,15.99668
JOB00018,Software Developer,NextGen Systems,Remote,3-5 years,1779650,Contract,Python; SQL; Git; REST API; HTML; CSS; JavaScript; DSA,17.7965
JOB00019,Software Developer,TechNova,Delhi NCR,3-5 years,1301527,Contract,Python; SQL; Git; REST API; HTML; CSS; JavaScript; DSA; PyTorch; Excel,13.01527
JOB00020,Cloud Engineer,NextGen Systems,Remote,3-5 years,573159,Internship,Python; Linux; Git; AWS; Azure; Docker; Networking; Terraform; Scikit-learn,5.73159
JOB00021,Cloud Engineer,CloudPeak,Mumbai,3-5 years,1134154,Full-time,Python; Linux; Git; AWS; Azure; Docker; Networking; Terraform; Excel,11.34154
JOB00022,Cloud Engineer,Aster Labs,Remote,1-3 years,584603,Full-time,Python; Linux; Git; AWS; Azure; Docker; Networking; Terraform; SQL; CSS,5.84603
JOB00023,Software Developer,VisionWorks,Remote,0-1 years,529628,Internship,Python; SQL; Git; REST API; HTML; CSS; JavaScript; DSA; Data Visualization,5.29628
JOB00024,Full Stack Developer,CloudPeak,Hyderabad,3-5 years,1503021,Internship,HTML; CSS; JavaScript; React; Node.js; SQL; Git; REST API; Scikit-learn,15.03021
JOB00025,Data Scientist,DataBridge,Delhi NCR,1-3 years,1933905,Contract,Python; SQL; Pandas; NumPy; Statistics; Machine Learning; Scikit-learn; Power BI; Terraform,19.33905
JOB00026,AI/ML Engineer,InnoByte,Chennai,0-1 years,1296835,Full-time,Python; SQL; Pandas; NumPy; Machine Learning; Deep Learning; PyTorch; Git; React; Statistics,12.96835
JOB00027,Data Analyst,DataBridge,Mumbai,0-1 years,1583772,Full-time,Python; SQL; Excel; Power BI; Pandas; Statistics; Data Visualization,15.83772
JOB00028,Software Developer,InnoByte,Bengaluru,1-3 years,830125,Full-time,Python; SQL; Git; REST API; HTML; CSS; JavaScript; DSA,8.30125
JOB00029,Cloud Engineer,VisionWorks,Chennai,3-5 years,1752948,Full-time,Python; Linux; Git; AWS; Azure; Docker; Networking; Terraform; Node.js,17.52948
JOB00030,AI/ML Engineer,InnoByte,Bengaluru,3-5 years,749318,Contract,Python; SQL; Pandas; NumPy; Machine Learning; Deep Learning; PyTorch; Git; HTML; Scikit-learn; REST API,7.49318
JOB00031,Data Analyst,InnoByte,Bengaluru,1-3 years,1762147,Internship,Python; SQL; Excel; Power BI; Pandas; Statistics; Data Visualization; NumPy; PyTorch; Azure,17.62147
JOB00032,Data Analyst,DataBridge,Chennai,3-5 years,871470,Contract,Python; SQL; Excel; Power BI; Pandas; Statistics; Data Visualization,8.7147
JOB00033,Full Stack Developer,InnoByte,Pune,3-5 years,873882,Full-time,HTML; CSS; JavaScript; React; Node.js; SQL; Git; REST API; Docker; Machine Learning; Python,8.73882
JOB00034,Software Developer,DataBridge,Chennai,1-3 years,545586,Contract,Python; SQL; Git; REST API; HTML; CSS; JavaScript; DSA,5.45586
JOB00035,Data Scientist,CloudPeak,Pune,0-1 years,472967,Contract,Python; SQL; Pandas; NumPy; Statistics; Machine Learning; Scikit-learn; Power BI; Networking,4.72967
JOB00036,Data Analyst,DataBridge,Hyderabad,0-1 years,674632,Full-time,Python; SQL; Excel; Power BI; Pandas; Statistics; Data Visualization; Linux; NumPy; REST API,6.74632
JOB00037,Cloud Engineer,Aster Labs,Bengaluru,0-1 years,1918618,Internship,Python; Linux; Git; AWS; Azure; Docker; Networking; Terraform,19.18618
JOB00038,Data Scientist,InnoByte,Remote,0-1 years,1414993,Full-time,Python; SQL; Pandas; NumPy; Statistics; Machine Learning; Scikit-learn; Power BI; Azure,14.14993
JOB00039,Cloud Engineer,DataBridge,Pune,0-1 years,1766023,Internship,Python; Linux; Git; AWS; Azure; Docker; Networking; Terraform,17.66023
JOB00040,Full Stack Developer,InnoByte,Pune,3-5 years,1648937,Internship,HTML; CSS; JavaScript; React; Node.js; SQL; Git; REST API,16.48937
JOB00041,Cloud Engineer,Aster Labs,Chennai,1-3 years,1754517,Contract,Python; Linux; Git; AWS; Azure; Docker; Networking; Terraform; Node.js; JavaScript,17.54517
JOB00042,Full Stack Developer,InnoByte,Bengaluru,1-3 years,1926774,Internship,HTML; CSS; JavaScript; React; Node.js; SQL; Git; REST API; Python; NumPy,19.26774
JOB00043,Cloud Engineer,DataBridge,Mumbai,1-3 years,503638,Full-time,Python; Linux; Git; AWS; Azure; Docker; Networking; Terraform,5.03638
JOB00044,Data Analyst,DataBridge,Hyderabad,1-3 years,2193963,Full-time,Python; SQL; Excel; Power BI; Pandas; Statistics; Data Visualization,21.93963
JOB00045,Data Scientist,NextGen Systems,Delhi NCR,0-1 years,1750610,Full-time,Python; SQL; Pandas; NumPy; Statistics; Machine Learning; Scikit-learn; Power BI; React; AWS,17.5061
JOB00046,Data Analyst,CloudPeak,Hyderabad,1-3 years,574470,Internship,Python; SQL; Excel; Power BI; Pandas; Statistics; Data Visualization,5.7447
JOB00047,Full Stack Developer,VisionWorks,Hyderabad,0-1 years,1409919,Full-time,HTML; CSS; JavaScript; React; Node.js; SQL; Git; REST API; Excel; Machine Learning,14.09919
JOB00048,AI/ML Engineer,CloudPeak,Delhi NCR,1-3 years,1049518,Full-time,Python; SQL; Pandas; NumPy; Machine Learning; Deep Learning; PyTorch; Git; JavaScript; Azure; AWS,10.49518
JOB00049,AI/ML Engineer,InnoByte,Delhi NCR,0-1 years,584616,Internship,Python; SQL; Pandas; NumPy; Machine Learning; Deep Learning; PyTorch; Git; Terraform; REST API; AWS,5.84616
JOB00050,Software Developer,CloudPeak,Bengaluru,1-3 years,1251328,Contract,Python; SQL; Git; REST API; HTML; CSS; JavaScript; DSA; Terraform; Docker,12.51328
JOB00051,Software Developer,InnoByte,Hyderabad,3-5 years,1748660,Contract,Python; SQL; Git; REST API; HTML; CSS; JavaScript; DSA; Linux; Machine Learning,17.4866
JOB00052,Cloud Engineer,CloudPeak,Remote,0-1 years,2163209,Contract,Python; Linux; Git; AWS; Azure; Docker; Networking; Terraform; Machine Learning,21.63209
JOB00053,Software Developer,CodeCraft,Remote,3-5 years,1990783,Internship,Python; SQL; Git; REST API; HTML; CSS; JavaScript; DSA; NumPy,19.90783
JOB00054,Full Stack Developer,TechNova,Remote,1-3 years,1152248,Full-time,HTML; CSS; JavaScript; React; Node.js; SQL; Git; REST API; Docker; Data Visualization,11.52248
JOB00055,Full Stack Developer,TechNova,Delhi NCR,0-1 years,817504,Contract,HTML; CSS; JavaScript; React; Node.js; SQL; Git; REST API; Pandas; Networking; Linux,8.17504
JOB00056,Data Analyst,CodeCraft,Delhi NCR,3-5 years,1086406,Contract,Python; SQL; Excel; Power BI; Pandas; Statistics; Data Visualization; CSS; JavaScript,10.86406
JOB00057,Software Developer,NextGen Systems,Chennai,3-5 years,2189282,Contract,Python; SQL; Git; REST API; HTML; CSS; JavaScript; DSA,21.89282
JOB00058,Software Developer,CodeCraft,Hyderabad,3-5 years,1601100,Contract,Python; SQL; Git; REST API; HTML; CSS; JavaScript; DSA,16.011
JOB00059,Data Scientist,DataBridge,Hyderabad,0-1 years,1157813,Internship,Python; SQL; Pandas; NumPy; Statistics; Machine Learning; Scikit-learn; Power BI,11.57813
JOB00060,Data Scientist,DataBridge,Hyderabad,1-3 years,1440351,Full-time,Python; SQL; Pandas; NumPy; Statistics; Machine Learning; Scikit-learn; Power BI,14.40351
JOB00061,AI/ML Engineer,NextGen Systems,Mumbai,1-3 years,1859434,Internship,Python; SQL; Pandas; NumPy; Machine Learning; Deep Learning; PyTorch; Git; Networking; DSA,18.59434
JOB00062,Data Scientist,CloudPeak,Chennai,1-3 years,1512687,Internship,Python; SQL; Pandas; NumPy; Statistics; Machine Learning; Scikit-learn; Power BI; Networking; HTML,15.12687
JOB00063,Data Scientist,TechNova,Hyderabad,1-3 years,1201601,Full-time,Python; SQL; Pandas; NumPy; Statistics; Machine Learning; Scikit-learn; Power BI; HTML,12.01601
JOB00064,Data Scientist,DataBridge,Mumbai,1-3 years,1277276,Internship,Python; SQL; Pandas; NumPy; Statistics; Machine Learning; Scikit-learn; Power BI; PyTorch; Terraform,12.77276
JOB00065,Full Stack Developer,Aster Labs,Bengaluru,0-1 years,945143,Internship,HTML; CSS; JavaScript; React; Node.js; SQL; Git; REST API,9.45143
JOB00066,Data Analyst,TechNova,Bengaluru,0-1 years,659023,Contract,Python; SQL; Excel; Power BI; Pandas; Statistics; Data Visualization; Git,6.59023
JOB00067,Cloud Engineer,CodeCraft,Delhi NCR,3-5 years,1305076,Full-time,Python; Linux; Git; AWS; Azure; Docker; Networking; Terraform,13.05076
JOB00068,AI/ML Engineer,TechNova,Remote,0-1 years,659479,Contract,Python; SQL; Pandas; NumPy; Machine Learning; Deep Learning; PyTorch; Git; Scikit-learn; Power BI; HTML,6.59479
JOB00069,Full Stack Developer,TechNova,Mumbai,0-1 years,1324231,Full-time,HTML; CSS; JavaScript; React; Node.js; SQL; Git; REST API; Statistics,13.24231
JOB00070,Data Scientist,Aster Labs,Remote,1-3 years,1750011,Internship,Python; SQL; Pandas; NumPy; Statistics; Machine Learning; Scikit-learn; Power BI; PyTorch,17.50011
JOB00071,AI/ML Engineer,VisionWorks,Pune,1-3 years,1909558,Full-time,Python; SQL; Pandas; NumPy; Machine Learning; Deep Learning; PyTorch; Git; Terraform; React; Docker,19.09558
JOB00072,AI/ML Engineer,DataBridge,Hyderabad,1-3 years,1664386,Full-time,Python; SQL; Pandas; NumPy; Machine Learning; Deep Learning; PyTorch; Git; Statistics; Scikit-learn,16.64386
JOB00073,AI/ML Engineer,Aster Labs,Mumbai,0-1 years,1054323,Full-time,Python; SQL; Pandas; NumPy; Machine Learning; Deep Learning; PyTorch; Git; HTML; JavaScript,10.54323
JOB00074,Full Stack Developer,CloudPeak,Delhi NCR,0-1 years,1805318,Full-time,HTML; CSS; JavaScript; React; Node.js; SQL; Git; REST API; Power BI,18.05318
JOB00075,Data Scientist,DataBridge,Remote,1-3 years,480580,Contract,Python; SQL; Pandas; NumPy; Statistics; Machine Learning; Scikit-learn; Power BI; JavaScript; PyTorch; Node.js,4.8058
JOB00076,Cloud Engineer,CodeCraft,Pune,0-1 years,2146697,Contract,Python; Linux; Git; AWS; Azure; Docker; Networking; Terraform,21.46697
JOB00077,Data Analyst,DataBridge,Hyderabad,1-3 years,1373891,Contract,Python; SQL; Excel; Power BI; Pandas; Statistics; Data Visualization; NumPy; Scikit-learn; HTML,13.73891
JOB00078,Software Developer,VisionWorks,Chennai,3-5 years,2112668,Internship,Python; SQL; Git; REST API; HTML; CSS; JavaScript; DSA; NumPy; Power BI; Excel,21.12668
JOB00079,Software Developer,VisionWorks,Chennai,0-1 years,634582,Contract,Python; SQL; Git; REST API; HTML; CSS; JavaScript; DSA; AWS; Data Visualization; PyTorch,6.34582
JOB00080,Data Scientist,Aster Labs,Remote,1-3 years,1035445,Contract,Python; SQL; Pandas; NumPy; Statistics; Machine Learning; Scikit-learn; Power BI; Docker; PyTorch,10.35445
JOB00081,Data Scientist,TechNova,Hyderabad,0-1 years,390649,Internship,Python; SQL; Pandas; NumPy; Statistics; Machine Learning; Scikit-learn; Power BI; CSS; REST API,3.90649
JOB00082,Software Developer,TechNova,Chennai,0-1 years,1931741,Full-time,Python; SQL; Git; REST API; HTML; CSS; JavaScript; DSA,19.31741
JOB00083,Cloud Engineer,VisionWorks,Delhi NCR,0-1 years,614704,Internship,Python; Linux; Git; AWS; Azure; Docker; Networking; Terraform; Machine Learning,6.14704
JOB00084,Full Stack Developer,InnoByte,Remote,0-1 years,1620649,Contract,HTML; CSS; JavaScript; React; Node.js; SQL; Git; REST API; Machine Learning; Pandas; Docker,16.20649
JOB00085,Software Developer,CodeCraft,Pune,3-5 years,1004221,Full-time,Python; SQL; Git; REST API; HTML; CSS; JavaScript; DSA,10.04221
JOB00086,Software Developer,NextGen Systems,Remote,3-5 years,1812119,Internship,Python; SQL; Git; REST API; HTML; CSS; JavaScript; DSA; Deep Learning,18.12119
JOB00087,Software Developer,CodeCraft,Delhi NCR,1-3 years,1078139,Full-time,Python; SQL; Git; REST API; HTML; CSS; JavaScript; DSA,10.78139
JOB00088,Cloud Engineer,VisionWorks,Bengaluru,1-3 years,2074552,Contract,Python; Linux; Git; AWS; Azure; Docker; Networking; Terraform; CSS; REST API,20.74552
JOB00089,AI/ML Engineer,NextGen Systems,Mumbai,3-5 years,1888880,Contract,Python; SQL; Pandas; NumPy; Machine Learning; Deep Learning; PyTorch; Git; Data Visualization; REST API; Docker,18.8888
JOB00090,Data Scientist,InnoByte,Hyderabad,1-3 years,2092169,Full-time,Python; SQL; Pandas; NumPy; Statistics; Machine Learning; Scikit-learn; Power BI; Git; JavaScript; Excel,20.92169
JOB00091,Data Scientist,Aster Labs,Chennai,1-3 years,2134577,Full-time,Python; SQL; Pandas; NumPy; Statistics; Machine Learning; Scikit-learn; Power BI; JavaScript; AWS; REST API,21.34577
JOB00092,Data Analyst,NextGen Systems,Mumbai,0-1 years,2196164,Internship,Python; SQL; Excel; Power BI; Pandas; Statistics; Data Visualization; Machine Learning; JavaScript,21.96164
JOB00093,Full Stack Developer,CodeCraft,Pune,3-5 years,856160,Full-time,HTML; CSS; JavaScript; React; Node.js; SQL; Git; REST API,8.5616
JOB00094,AI/ML Engineer,NextGen Systems,Chennai,1-3 years,545147,Internship,Python; SQL; Pandas; NumPy; Machine Learning; Deep Learning; PyTorch; Git; Scikit-learn; React; AWS,5.45147
JOB00095,Full Stack Developer,Aster Labs,Pune,3-5 years,1510716,Internship,HTML; CSS; JavaScript; React; Node.js; SQL; Git; REST API; Pandas; Scikit-learn,15.10716
JOB00096,Data Analyst,NextGen Systems,Chennai,0-1 years,993035,Internship,Python; SQL; Excel; Power BI; Pandas; Statistics; Data Visualization; PyTorch; JavaScript,9.93035
JOB00097,Full Stack Developer,DataBridge,Delhi NCR,1-3 years,751690,Contract,HTML; CSS; JavaScript; React; Node.js; SQL; Git; REST API; Data Visualization; Docker,7.5169
JOB00098,AI/ML Engineer,DataBridge,Hyderabad,0-1 years,971273,Contract,Python; SQL; Pandas; NumPy; Machine Learning; Deep Learning; PyTorch; Git; DSA; Excel,9.71273
JOB00099,Software Developer,TechNova,Mumbai,1-3 years,445453,Internship,Python; SQL; Git; REST API; HTML; CSS; JavaScript; DSA; Networking,4.45453
JOB00100,Full Stack Developer,VisionWorks,Pune,1-3 years,1334396,Full-time,HTML; CSS; JavaScript; React; Node.js; SQL; Git; REST API; Data Visualization; AWS; Networking,13.34396
JOB00101,Software Developer,InnoByte,Pune,1-3 years,2074101,Full-time,Python; SQL; Git; REST API; HTML; CSS; JavaScript; DSA; Scikit-learn; Deep Learning,20.74101
JOB00102,Cloud Engineer,CloudPeak,Remote,3-5 years,668194,Contract,Python; Linux; Git; AWS; Azure; Docker; Networking; Terraform,6.68194
JOB00103,Software Developer,CodeCraft,Mumbai,3-5 years,1520363,Internship,Python; SQL; Git; REST API; HTML; CSS; JavaScript; DSA; Deep Learning,15.20363
JOB00104,Full Stack Developer,CodeCraft,Hyderabad,3-5 years,2153900,Internship,HTML; CSS; JavaScript; React; Node.js; SQL; Git; REST API; Python; Terraform; Networking,21.539
JOB00105,Software Developer,DataBridge,Delhi NCR,0-1 years,1949575,Contract,Python; SQL; Git; REST API; HTML; CSS; JavaScript; DSA,19.49575
JOB00106,AI/ML Engineer,DataBridge,Chennai,3-5 years,679372,Full-time,Python; SQL; Pandas; NumPy; Machine Learning; Deep Learning; PyTorch; Git,6.79372
JOB00107,Full Stack Developer,VisionWorks,Delhi NCR,3-5 years,1206723,Contract,HTML; CSS; JavaScript; React; Node.js; SQL; Git; REST API,12.06723
JOB00108,Data Analyst,NextGen Systems,Delhi NCR,1-3 years,835440,Internship,Python; SQL; Excel; Power BI; Pandas; Statistics; Data Visualization,8.3544
JOB00109,Data Scientist,DataBridge,Hyderabad,3-5 years,1791550,Internship,Python; SQL; Pandas; NumPy; Statistics; Machine Learning; Scikit-learn; Power BI,17.9155
JOB00110,AI/ML Engineer,DataBridge,Delhi NCR,0-1 years,590703,Contract,Python; SQL; Pandas; NumPy; Machine Learning; Deep Learning; PyTorch; Git; REST API,5.90703
JOB00111,Full Stack Developer,CloudPeak,Remote,1-3 years,475070,Internship,HTML; CSS; JavaScript; React; Node.js; SQL; Git; REST API,4.7507
JOB00112,AI/ML Engineer,NextGen Systems,Delhi NCR,1-3 years,1332930,Contract,Python; SQL; Pandas; NumPy; Machine Learning; Deep Learning; PyTorch; Git; React; DSA,13.3293
JOB00113,Cloud Engineer,Aster Labs,Mumbai,1-3 years,1256029,Full-time,Python; Linux; Git; AWS; Azure; Docker; Networking; Terraform; React; Data Visualization; DSA,12.56029
JOB00114,Software Developer,NextGen Systems,Mumbai,0-1 years,1953818,Full-time,Python; SQL; Git; REST API; HTML; CSS; JavaScript; DSA; AWS,19.53818
JOB00115,Data Scientist,VisionWorks,Bengaluru,1-3 years,1681240,Contract,Python; SQL; Pandas; NumPy; Statistics; Machine Learning; Scikit-learn; Power BI; Git; Deep Learning; Node.js,16.8124
JOB00116,Data Scientist,CloudPeak,Hyderabad,1-3 years,2148796,Internship,Python; SQL; Pandas; NumPy; Statistics; Machine Learning; Scikit-learn; Power BI; JavaScript; DSA,21.48796
JOB00117,Data Scientist,InnoByte,Hyderabad,1-3 years,1303839,Contract,Python; SQL; Pandas; NumPy; Statistics; Machine Learning; Scikit-learn; Power BI; Networking; Azure,13.03839
JOB00118,Software Developer,TechNova,Chennai,3-5 years,1216642,Contract,Python; SQL; Git; REST API; HTML; CSS; JavaScript; DSA; Statistics; AWS; React,12.16642
JOB00119,Cloud Engineer,CloudPeak,Hyderabad,1-3 years,910057,Internship,Python; Linux; Git; AWS; Azure; Docker; Networking; Terraform; React; DSA; JavaScript,9.10057
JOB00120,Data Scientist,DataBridge,Delhi NCR,0-1 years,410543,Contract,Python; SQL; Pandas; NumPy; Statistics; Machine Learning; Scikit-learn; Power BI,4.10543
JOB00121,Cloud Engineer,CodeCraft,Bengaluru,0-1 years,1508155,Full-time,Python; Linux; Git; AWS; Azure; Docker; Networking; Terraform,15.08155
JOB00122,Data Scientist,CloudPeak,Pune,3-5 years,1708345,Contract,Python; SQL; Pandas; NumPy; Statistics; Machine Learning; Scikit-learn; Power BI,17.08345
JOB00123,Cloud Engineer,DataBridge,Pune,3-5 years,1340316,Full-time,Python; Linux; Git; AWS; Azure; Docker; Networking; Terraform; REST API; SQL,13.40316
JOB00124,Data Scientist,CloudPeak,Remote,0-1 years,1915088,Contract,Python; SQL; Pandas; NumPy; Statistics; Machine Learning; Scikit-learn; Power BI; React,19.15088
JOB00125,Data Scientist,TechNova,Hyderabad,3-5 years,2070816,Contract,Python; SQL; Pandas; NumPy; Statistics; Machine Learning; Scikit-learn; Power BI; React; Git,20.70816
JOB00126,Cloud Engineer,Aster Labs,Mumbai,3-5 years,1073777,Contract,Python; Linux; Git; AWS; Azure; Docker; Networking; Terraform; Excel; React; SQL,10.73777
JOB00127,Data Scientist,CodeCraft,Chennai,1-3 years,1549146,Full-time,Python; SQL; Pandas; NumPy; Statistics; Machine Learning; Scikit-learn; Power BI; Docker; Excel,15.49146
JOB00128,Data Analyst,TechNova,Chennai,3-5 years,1388779,Internship,Python; SQL; Excel; Power BI; Pandas; Statistics; Data Visualization; Node.js; Terraform; Deep Learning,13.88779
JOB00129,Data Analyst,VisionWorks,Bengaluru,3-5 years,2183310,Contract,Python; SQL; Excel; Power BI; Pandas; Statistics; Data Visualization,21.8331
JOB00130,Software Developer,CloudPeak,Bengaluru,1-3 years,2176478,Contract,Python; SQL; Git; REST API; HTML; CSS; JavaScript; DSA; PyTorch,21.76478
JOB00131,Data Analyst,VisionWorks,Remote,3-5 years,1014086,Full-time,Python; SQL; Excel; Power BI; Pandas; Statistics; Data Visualization; CSS; Machine Learning; Node.js,10.14086
JOB00132,Cloud Engineer,NextGen Systems,Chennai,3-5 years,842348,Full-time,Python; Linux; Git; AWS; Azure; Docker; Networking; Terraform,8.42348
JOB00133,Data Scientist,InnoByte,Pune,0-1 years,1944610,Internship,Python; SQL; Pandas; NumPy; Statistics; Machine Learning; Scikit-learn; Power BI,19.4461
JOB00134,Data Analyst,Aster Labs,Remote,0-1 years,446450,Contract,Python; SQL; Excel; Power BI; Pandas; Statistics; Data Visualization,4.4645
JOB00135,Data Analyst,CodeCraft,Mumbai,3-5 years,862119,Full-time,Python; SQL; Excel; Power BI; Pandas; Statistics; Data Visualization; NumPy; Deep Learning,8.62119
JOB00136,Full Stack Developer,CodeCraft,Mumbai,3-5 years,1628196,Full-time,HTML; CSS; JavaScript; React; Node.js; SQL; Git; REST API; DSA,16.28196
JOB00137,Data Scientist,NextGen Systems,Pune,1-3 years,1317101,Internship,Python; SQL; Pandas; NumPy; Statistics; Machine Learning; Scikit-learn; Power BI; Excel,13.17101
JOB00138,Software Developer,Aster Labs,Mumbai,1-3 years,1276374,Internship,Python; SQL; Git; REST API; HTML; CSS; JavaScript; DSA; Node.js; Excel; Data Visualization,12.76374
JOB00139,Data Scientist,CodeCraft,Remote,1-3 years,767788,Full-time,Python; SQL; Pandas; NumPy; Statistics; Machine Learning; Scikit-learn; Power BI; PyTorch; HTML,7.67788
JOB00140,Full Stack Developer,CodeCraft,Hyderabad,0-1 years,396010,Internship,HTML; CSS; JavaScript; React; Node.js; SQL; Git; REST API; Pandas; Networking; Statistics,3.9601
JOB00141,AI/ML Engineer,VisionWorks,Remote,1-3 years,1621726,Full-time,Python; SQL; Pandas; NumPy; Machine Learning; Deep Learning; PyTorch; Git,16.21726
JOB00142,Cloud Engineer,NextGen Systems,Delhi NCR,3-5 years,1652103,Internship,Python; Linux; Git; AWS; Azure; Docker; Networking; Terraform; Machine Learning; JavaScript,16.52103
JOB00143,AI/ML Engineer,TechNova,Hyderabad,1-3 years,1665875,Full-time,Python; SQL; Pandas; NumPy; Machine Learning; Deep Learning; PyTorch; Git; DSA,16.65875
JOB00144,Cloud Engineer,Aster Labs,Delhi NCR,1-3 years,968891,Full-time,Python; Linux; Git; AWS; Azure; Docker; Networking; Terraform; Excel; Data Visualization,9.68891
JOB00145,Full Stack Developer,Aster Labs,Mumbai,3-5 years,2188071,Contract,HTML; CSS; JavaScript; React; Node.js; SQL; Git; REST API; Terraform,21.88071
JOB00146,Full Stack Developer,Aster Labs,Remote,0-1 years,1915648,Contract,HTML; CSS; JavaScript; React; Node.js; SQL; Git; REST API; Scikit-learn; Networking,19.15648
JOB00147,Software Developer,CodeCraft,Remote,3-5 years,2153845,Contract,Python; SQL; Git; REST API; HTML; CSS; JavaScript; DSA; Machine Learning,21.53845
JOB00148,Software Developer,Aster Labs,Delhi NCR,3-5 years,1303755,Internship,Python; SQL; Git; REST API; HTML; CSS; JavaScript; DSA; AWS; Networking; Deep Learning,13.03755
JOB00149,Data Analyst,TechNova,Mumbai,3-5 years,1338758,Contract,Python; SQL; Excel; Power BI; Pandas; Statistics; Data Visualization; Networking; DSA; HTML,13.38758
JOB00150,Cloud Engineer,VisionWorks,Delhi NCR,1-3 years,1682538,Internship,Python; Linux; Git; AWS; Azure; Docker; Networking; Terraform; Data Visualization,16.82538
JOB00151,Data Scientist,TechNova,Bengaluru,1-3 years,643133,Contract,Python; SQL; Pandas; NumPy; Statistics; Machine Learning; Scikit-learn; Power BI,6.43133
JOB00152,Software Developer,CloudPeak,Pune,1-3 years,842411,Contract,Python; SQL; Git; REST API; HTML; CSS; JavaScript; DSA,8.42411
JOB00153,AI/ML Engineer,VisionWorks,Mumbai,1-3 years,2098381,Contract,Python; SQL; Pandas; NumPy; Machine Learning; Deep Learning; PyTorch; Git; Data Visualization; REST API; DSA,20.98381
JOB00154,Software Developer,DataBridge,Remote,1-3 years,1282594,Full-time,Python; SQL; Git; REST API; HTML; CSS; JavaScript; DSA; Linux; React,12.82594
JOB00155,AI/ML Engineer,CodeCraft,Hyderabad,0-1 years,476982,Full-time,Python; SQL; Pandas; NumPy; Machine Learning; Deep Learning; PyTorch; Git; Terraform; Node.js,4.76982
JOB00156,Data Scientist,DataBridge,Delhi NCR,3-5 years,1739926,Internship,Python; SQL; Pandas; NumPy; Statistics; Machine Learning; Scikit-learn; Power BI,17.39926
JOB00157,Software Developer,Aster Labs,Chennai,0-1 years,2000027,Internship,Python; SQL; Git; REST API; HTML; CSS; JavaScript; DSA,20.00027
JOB00158,Full Stack Developer,DataBridge,Mumbai,0-1 years,2090254,Full-time,HTML; CSS; JavaScript; React; Node.js; SQL; Git; REST API,20.90254
JOB00159,Data Analyst,CloudPeak,Chennai,3-5 years,931487,Contract,Python; SQL; Excel; Power BI; Pandas; Statistics; Data Visualization; AWS,9.31487
JOB00160,Full Stack Developer,TechNova,Chennai,0-1 years,1736338,Contract,HTML; CSS; JavaScript; React; Node.js; SQL; Git; REST API,17.36338
JOB00161,Full Stack Developer,TechNova,Chennai,3-5 years,906516,Contract,HTML; CSS; JavaScript; React; Node.js; SQL; Git; REST API; AWS; Docker,9.06516
JOB00162,Cloud Engineer,InnoByte,Pune,1-3 years,1913773,Contract,Python; Linux; Git; AWS; Azure; Docker; Networking; Terraform,19.13773
JOB00163,Cloud Engineer,DataBridge,Mumbai,0-1 years,1297924,Internship,Python; Linux; Git; AWS; Azure; Docker; Networking; Terraform,12.97924
JOB00164,AI/ML Engineer,VisionWorks,Remote,1-3 years,477560,Contract,Python; SQL; Pandas; NumPy; Machine Learning; Deep Learning; PyTorch; Git; React; AWS,4.7756
JOB00165,AI/ML Engineer,VisionWorks,Bengaluru,0-1 years,1378168,Contract,Python; SQL; Pandas; NumPy; Machine Learning; Deep Learning; PyTorch; Git,13.78168
JOB00166,Cloud Engineer,NextGen Systems,Mumbai,3-5 years,614642,Internship,Python; Linux; Git; AWS; Azure; Docker; Networking; Terraform; Data Visualization,6.14642
JOB00167,Cloud Engineer,VisionWorks,Mumbai,3-5 years,968445,Contract,Python; Linux; Git; AWS; Azure; Docker; Networking; Terraform; PyTorch; Scikit-learn,9.68445
JOB00168,Software Developer,DataBridge,Pune,1-3 years,2138435,Full-time,Python; SQL; Git; REST API; HTML; CSS; JavaScript; DSA,21.38435
JOB00169,Data Scientist,InnoByte,Hyderabad,1-3 years,1222393,Contract,Python; SQL; Pandas; NumPy; Statistics; Machine Learning; Scikit-learn; Power BI; PyTorch; Networking,12.22393
JOB00170,AI/ML Engineer,VisionWorks,Bengaluru,0-1 years,1790368,Full-time,Python; SQL; Pandas; NumPy; Machine Learning; Deep Learning; PyTorch; Git; Node.js; Data Visualization,17.90368
JOB00171,Software Developer,TechNova,Mumbai,3-5 years,1516794,Internship,Python; SQL; Git; REST API; HTML; CSS; JavaScript; DSA; Deep Learning; Pandas; Docker,15.16794
JOB00172,Data Analyst,Aster Labs,Remote,3-5 years,1211528,Contract,Python; SQL; Excel; Power BI; Pandas; Statistics; Data Visualization,12.11528
JOB00173,AI/ML Engineer,NextGen Systems,Hyderabad,0-1 years,953202,Internship,Python; SQL; Pandas; NumPy; Machine Learning; Deep Learning; PyTorch; Git,9.53202
JOB00174,Cloud Engineer,VisionWorks,Chennai,0-1 years,1727275,Contract,Python; Linux; Git; AWS; Azure; Docker; Networking; Terraform; Excel,17.27275
JOB00175,Cloud Engineer,DataBridge,Remote,1-3 years,1553974,Internship,Python; Linux; Git; AWS; Azure; Docker; Networking; Terraform; Deep Learning; Node.js,15.53974
JOB00176,Cloud Engineer,NextGen Systems,Bengaluru,0-1 years,1627154,Contract,Python; Linux; Git; AWS; Azure; Docker; Networking; Terraform,16.27154
JOB00177,AI/ML Engineer,CloudPeak,Remote,0-1 years,362804,Internship,Python; SQL; Pandas; NumPy; Machine Learning; Deep Learning; PyTorch; Git; Networking; Node.js,3.62804
JOB00178,AI/ML Engineer,DataBridge,Pune,1-3 years,542429,Contract,Python; SQL; Pandas; NumPy; Machine Learning; Deep Learning; PyTorch; Git; CSS; Data Visualization; AWS,5.42429
JOB00179,Data Analyst,Aster Labs,Remote,3-5 years,1003550,Internship,Python; SQL; Excel; Power BI; Pandas; Statistics; Data Visualization; Networking,10.0355
JOB00180,Software Developer,CloudPeak,Remote,3-5 years,676274,Full-time,Python; SQL; Git; REST API; HTML; CSS; JavaScript; DSA,6.76274
JOB00181,AI/ML Engineer,VisionWorks,Delhi NCR,1-3 years,920641,Contract,Python; SQL; Pandas; NumPy; Machine Learning; Deep Learning; PyTorch; Git,9.20641
JOB00182,Cloud Engineer,InnoByte,Hyderabad,1-3 years,1933230,Full-time,Python; Linux; Git; AWS; Azure; Docker; Networking; Terraform; REST API; Node.js; JavaScript,19.3323
JOB00183,Data Analyst,CodeCraft,Mumbai,0-1 years,812460,Full-time,Python; SQL; Excel; Power BI; Pandas; Statistics; Data Visualization; React; Linux; Azure,8.1246
JOB00184,Full Stack Developer,NextGen Systems,Hyderabad,1-3 years,1952561,Full-time,HTML; CSS; JavaScript; React; Node.js; SQL; Git; REST API; Excel; Deep Learning,19.52561
JOB00185,Software Developer,DataBridge,Mumbai,3-5 years,1147352,Internship,Python; SQL; Git; REST API; HTML; CSS; JavaScript; DSA; PyTorch; Excel; Docker,11.47352
JOB00186,Data Analyst,TechNova,Pune,0-1 years,1182718,Contract,Python; SQL; Excel; Power BI; Pandas; Statistics; Data Visualization,11.82718
JOB00187,Software Developer,CodeCraft,Hyderabad,0-1 years,1837927,Contract,Python; SQL; Git; REST API; HTML; CSS; JavaScript; DSA; PyTorch; Power BI,18.37927
JOB00188,Software Developer,Aster Labs,Bengaluru,1-3 years,2094884,Full-time,Python; SQL; Git; REST API; HTML; CSS; JavaScript; DSA; Excel; React,20.94884
JOB00189,Full Stack Developer,NextGen Systems,Delhi NCR,1-3 years,1179982,Full-time,HTML; CSS; JavaScript; React; Node.js; SQL; Git; REST API; Power BI; Statistics; DSA,11.79982
JOB00190,Data Analyst,InnoByte,Mumbai,3-5 years,1420561,Full-time,Python; SQL; Excel; Power BI; Pandas; Statistics; Data Visualization; CSS,14.20561
JOB00191,Data Analyst,CloudPeak,Hyderabad,0-1 years,565596,Full-time,Python; SQL; Excel; Power BI; Pandas; Statistics; Data Visualization; Deep Learning; HTML,5.65596
JOB00192,Cloud Engineer,VisionWorks,Pune,3-5 years,721502,Internship,Python; Linux; Git; AWS; Azure; Docker; Networking; Terraform; Data Visualization,7.21502
JOB00193,Data Scientist,InnoByte,Pune,1-3 years,1272249,Internship,Python; SQL; Pandas; NumPy; Statistics; Machine Learning; Scikit-learn; Power BI; JavaScript; Data Visualization,12.72249
JOB00194,Data Analyst,InnoByte,Hyderabad,1-3 years,1088076,Contract,Python; SQL; Excel; Power BI; Pandas; Statistics; Data Visualization; Terraform; Azure,10.88076
JOB00195,Software Developer,NextGen Systems,Bengaluru,3-5 years,1123298,Full-time,Python; SQL; Git; REST API; HTML; CSS; JavaScript; DSA,11.23298
JOB00196,Cloud Engineer,DataBridge,Hyderabad,3-5 years,2048307,Contract,Python; Linux; Git; AWS; Azure; Docker; Networking; Terraform; React; DSA; Statistics,20.48307
JOB00197,Cloud Engineer,InnoByte,Remote,1-3 years,1294815,Internship,Python; Linux; Git; AWS; Azure; Docker; Networking; Terraform; DSA,12.94815
JOB00198,Software Developer,VisionWorks,Pune,3-5 years,869556,Internship,Python; SQL; Git; REST API; HTML; CSS; JavaScript; DSA; Azure,8.69556
JOB00199,Cloud Engineer,NextGen Systems,Pune,1-3 years,1131927,Contract,Python; Linux; Git; AWS; Azure; Docker; Networking; Terraform; Power BI,11.31927
JOB00200,AI/ML Engineer,Aster Labs,Bengaluru,1-3 years,2005128,Full-time,Python; SQL; Pandas; NumPy; Machine Learning; Deep Learning; PyTorch; Git,20.05128
JOB00201,Cloud Engineer,InnoByte,Mumbai,3-5 years,1049110,Full-time,Python; Linux; Git; AWS; Azure; Docker; Networking; Terraform; NumPy; Node.js; Excel,10.4911
JOB00202,Data Analyst,InnoByte,Hyderabad,3-5 years,1597891,Contract,Python; SQL; Excel; Power BI; Pandas; Statistics; Data Visualization; Node.js; Deep Learning,15.97891
JOB00203,AI/ML Engineer,CodeCraft,Mumbai,1-3 years,545985,Full-time,Python; SQL; Pandas; NumPy; Machine Learning; Deep Learning; PyTorch; Git; Data Visualization; Statistics,5.45985
JOB00204,Data Analyst,VisionWorks,Chennai,0-1 years,1066664,Full-time,Python; SQL; Excel; Power BI; Pandas; Statistics; Data Visualization; Docker; Git,10.66664
JOB00205,Full Stack Developer,InnoByte,Mumbai,3-5 years,970320,Internship,HTML; CSS; JavaScript; React; Node.js; SQL; Git; REST API,9.7032
JOB00206,Cloud Engineer,Aster Labs,Remote,3-5 years,1738166,Full-time,Python; Linux; Git; AWS; Azure; Docker; Networking; Terraform,17.38166
JOB00207,Cloud Engineer,CloudPeak,Delhi NCR,1-3 years,2093456,Full-time,Python; Linux; Git; AWS; Azure; Docker; Networking; Terraform; Excel; HTML; Scikit-learn,20.93456
JOB00208,Data Scientist,NextGen Systems,Remote,3-5 years,1630511,Contract,Python; SQL; Pandas; NumPy; Statistics; Machine Learning; Scikit-learn; Power BI; Excel; PyTorch,16.30511
JOB00209,Full Stack Developer,VisionWorks,Remote,0-1 years,2045807,Contract,HTML; CSS; JavaScript; React; Node.js; SQL; Git; REST API; Networking,20.45807
JOB00210,AI/ML Engineer,CodeCraft,Chennai,0-1 years,1404671,Internship,Python; SQL; Pandas; NumPy; Machine Learning; Deep Learning; PyTorch; Git; React; Linux; Power BI,14.04671
JOB00211,Full Stack Developer,Aster Labs,Mumbai,0-1 years,2183156,Internship,HTML; CSS; JavaScript; React; Node.js; SQL; Git; REST API; Azure; Scikit-learn,21.83156
JOB00212,Cloud Engineer,InnoByte,Remote,0-1 years,947820,Contract,Python; Linux; Git; AWS; Azure; Docker; Networking; Terraform,9.4782
JOB00213,Data Scientist,DataBridge,Remote,1-3 years,542337,Contract,Python; SQL; Pandas; NumPy; Statistics; Machine Learning; Scikit-learn; Power BI; Node.js,5.42337
JOB00214,Software Developer,CodeCraft,Bengaluru,1-3 years,844462,Full-time,Python; SQL; Git; REST API; HTML; CSS; JavaScript; DSA; Azure; Power BI; Pandas,8.44462
JOB00215,Software Developer,CloudPeak,Chennai,0-1 years,2009645,Contract,Python; SQL; Git; REST API; HTML; CSS; JavaScript; DSA; Deep Learning; NumPy,20.09645
JOB00216,Data Scientist,TechNova,Bengaluru,0-1 years,1290785,Contract,Python; SQL; Pandas; NumPy; Statistics; Machine Learning; Scikit-learn; Power BI; REST API,12.90785
JOB00217,Full Stack Developer,CodeCraft,Bengaluru,1-3 years,1875121,Full-time,HTML; CSS; JavaScript; React; Node.js; SQL; Git; REST API; Terraform,18.75121
JOB00218,Data Analyst,DataBridge,Pune,3-5 years,450137,Internship,Python; SQL; Excel; Power BI; Pandas; Statistics; Data Visualization,4.50137
JOB00219,Data Scientist,VisionWorks,Mumbai,3-5 years,582485,Full-time,Python; SQL; Pandas; NumPy; Statistics; Machine Learning; Scikit-learn; Power BI,5.82485
JOB00220,AI/ML Engineer,CodeCraft,Bengaluru,3-5 years,960841,Contract,Python; SQL; Pandas; NumPy; Machine Learning; Deep Learning; PyTorch; Git; Data Visualization,9.60841
JOB00221,Full Stack Developer,TechNova,Pune,1-3 years,491933,Full-time,HTML; CSS; JavaScript; React; Node.js; SQL; Git; REST API; Docker; DSA; Pandas,4.91933
JOB00222,AI/ML Engineer,InnoByte,Hyderabad,0-1 years,1098880,Internship,Python; SQL; Pandas; NumPy; Machine Learning; Deep Learning; PyTorch; Git; Node.js; JavaScript; AWS,10.9888
JOB00223,AI/ML Engineer,Aster Labs,Chennai,0-1 years,1967955,Contract,Python; SQL; Pandas; NumPy; Machine Learning; Deep Learning; PyTorch; Git,19.67955
JOB00224,Cloud Engineer,VisionWorks,Delhi NCR,0-1 years,1808336,Full-time,Python; Linux; Git; AWS; Azure; Docker; Networking; Terraform; HTML; React,18.08336
JOB00225,Software Developer,DataBridge,Bengaluru,1-3 years,441868,Contract,Python; SQL; Git; REST API; HTML; CSS; JavaScript; DSA; Azure; Node.js; Linux,4.41868
JOB00226,Cloud Engineer,DataBridge,Hyderabad,1-3 years,426799,Full-time,Python; Linux; Git; AWS; Azure; Docker; Networking; Terraform; Statistics; SQL; Node.js,4.26799
JOB00227,AI/ML Engineer,Aster Labs,Pune,1-3 years,2026342,Internship,Python; SQL; Pandas; NumPy; Machine Learning; Deep Learning; PyTorch; Git; JavaScript; DSA,20.26342
JOB00228,Data Scientist,VisionWorks,Hyderabad,3-5 years,1801372,Contract,Python; SQL; Pandas; NumPy; Statistics; Machine Learning; Scikit-learn; Power BI; JavaScript; Deep Learning; REST API,18.01372
JOB00229,Software Developer,NextGen Systems,Hyderabad,0-1 years,1493942,Full-time,Python; SQL; Git; REST API; HTML; CSS; JavaScript; DSA; Data Visualization; PyTorch; Excel,14.93942
JOB00230,Data Analyst,CodeCraft,Chennai,3-5 years,1613789,Contract,Python; SQL; Excel; Power BI; Pandas; Statistics; Data Visualization; Linux; PyTorch,16.13789
JOB00231,Data Analyst,TechNova,Bengaluru,3-5 years,925784,Internship,Python; SQL; Excel; Power BI; Pandas; Statistics; Data Visualization; Azure; Networking; NumPy,9.25784
JOB00232,Data Scientist,CloudPeak,Remote,3-5 years,415306,Internship,Python; SQL; Pandas; NumPy; Statistics; Machine Learning; Scikit-learn; Power BI; React; Deep Learning,4.15306
JOB00233,Data Scientist,InnoByte,Chennai,3-5 years,614723,Contract,Python; SQL; Pandas; NumPy; Statistics; Machine Learning; Scikit-learn; Power BI,6.14723
JOB00234,Data Analyst,VisionWorks,Hyderabad,1-3 years,1774096,Contract,Python; SQL; Excel; Power BI; Pandas; Statistics; Data Visualization; Terraform; Azure; Deep Learning,17.74096
JOB00235,Software Developer,CodeCraft,Hyderabad,3-5 years,1119549,Contract,Python; SQL; Git; REST API; HTML; CSS; JavaScript; DSA; Statistics,11.19549
JOB00236,Full Stack Developer,CloudPeak,Pune,3-5 years,404344,Contract,HTML; CSS; JavaScript; React; Node.js; SQL; Git; REST API,4.04344
JOB00237,Cloud Engineer,NextGen Systems,Delhi NCR,1-3 years,898985,Full-time,Python; Linux; Git; AWS; Azure; Docker; Networking; Terraform,8.98985
JOB00238,Cloud Engineer,CloudPeak,Remote,0-1 years,607189,Contract,Python; Linux; Git; AWS; Azure; Docker; Networking; Terraform; SQL; JavaScript,6.07189
JOB00239,Full Stack Developer,InnoByte,Mumbai,3-5 years,1838014,Contract,HTML; CSS; JavaScript; React; Node.js; SQL; Git; REST API; DSA; NumPy; Pandas,18.38014
JOB00240,Data Analyst,Aster Labs,Mumbai,0-1 years,2014501,Full-time,Python; SQL; Excel; Power BI; Pandas; Statistics; Data Visualization; Docker,20.14501
JOB00241,Full Stack Developer,VisionWorks,Bengaluru,1-3 years,2007532,Internship,HTML; CSS; JavaScript; React; Node.js; SQL; Git; REST API; Linux,20.07532
JOB00242,Cloud Engineer,InnoByte,Bengaluru,1-3 years,1633348,Contract,Python; Linux; Git; AWS; Azure; Docker; Networking; Terraform; React; Excel,16.33348
JOB00243,AI/ML Engineer,InnoByte,Chennai,1-3 years,2076667,Internship,Python; SQL; Pandas; NumPy; Machine Learning; Deep Learning; PyTorch; Git; Statistics; REST API; Terraform,20.76667
JOB00244,Software Developer,CloudPeak,Remote,0-1 years,619137,Contract,Python; SQL; Git; REST API; HTML; CSS; JavaScript; DSA; React; Statistics; Pandas,6.19137
JOB00245,Cloud Engineer,InnoByte,Mumbai,0-1 years,2093552,Contract,Python; Linux; Git; AWS; Azure; Docker; Networking; Terraform,20.93552
JOB00246,Full Stack Developer,DataBridge,Hyderabad,3-5 years,1837577,Contract,HTML; CSS; JavaScript; React; Node.js; SQL; Git; REST API; NumPy,18.37577
JOB00247,Software Developer,NextGen Systems,Mumbai,3-5 years,612501,Full-time,Python; SQL; Git; REST API; HTML; CSS; JavaScript; DSA; Linux; Networking,6.12501
JOB00248,Cloud Engineer,Aster Labs,Remote,3-5 years,709033,Full-time,Python; Linux; Git; AWS; Azure; Docker; Networking; Terraform; Excel,7.09033
JOB00249,Software Developer,NextGen Systems,Delhi NCR,0-1 years,445340,Internship,Python; SQL; Git; REST API; HTML; CSS; JavaScript; DSA,4.4534
JOB00250,Data Scientist,NextGen Systems,Delhi NCR,1-3 years,1394461,Contract,Python; SQL; Pandas; NumPy; Statistics; Machine Learning; Scikit-learn; Power BI,13.94461
JOB00251,Full Stack Developer,TechNova,Chennai,1-3 years,1794127,Contract,HTML; CSS; JavaScript; React; Node.js; SQL; Git; REST API; Networking; Python; DSA,17.94127
JOB00252,Data Scientist,Aster Labs,Delhi NCR,1-3 years,1005533,Contract,Python; SQL; Pandas; NumPy; Statistics; Machine Learning; Scikit-learn; Power BI; Docker; JavaScript; Data Visualization,10.05533
JOB00253,Full Stack Developer,DataBridge,Pune,0-1 years,1019234,Contract,HTML; CSS; JavaScript; React; Node.js; SQL; Git; REST API; Statistics; Data Visualization,10.19234
JOB00254,Data Scientist,TechNova,Hyderabad,1-3 years,553028,Internship,Python; SQL; Pandas; NumPy; Statistics; Machine Learning; Scikit-learn; Power BI; Data Visualization,5.53028
JOB00255,Data Scientist,Aster Labs,Mumbai,3-5 years,2055986,Contract,Python; SQL; Pandas; NumPy; Statistics; Machine Learning; Scikit-learn; Power BI; Deep Learning,20.55986
JOB00256,Full Stack Developer,VisionWorks,Pune,1-3 years,1429456,Contract,HTML; CSS; JavaScript; React; Node.js; SQL; Git; REST API; Scikit-learn,14.29456
JOB00257,Software Developer,VisionWorks,Chennai,0-1 years,1174688,Internship,Python; SQL; Git; REST API; HTML; CSS; JavaScript; DSA,11.74688
JOB00258,Data Analyst,NextGen Systems,Pune,3-5 years,455990,Internship,Python; SQL; Excel; Power BI; Pandas; Statistics; Data Visualization,4.5599
JOB00259,AI/ML Engineer,CloudPeak,Hyderabad,3-5 years,1253721,Contract,Python; SQL; Pandas; NumPy; Machine Learning; Deep Learning; PyTorch; Git; Linux; AWS; DSA,12.53721
JOB00260,Data Scientist,DataBridge,Hyderabad,3-5 years,457285,Contract,Python; SQL; Pandas; NumPy; Statistics; Machine Learning; Scikit-learn; Power BI; Azure; Networking,4.57285
JOB00261,Software Developer,InnoByte,Chennai,0-1 years,2080803,Contract,Python; SQL; Git; REST API; HTML; CSS; JavaScript; DSA; Statistics; React; Networking,20.80803
JOB00262,Data Analyst,CloudPeak,Chennai,3-5 years,1933276,Internship,Python; SQL; Excel; Power BI; Pandas; Statistics; Data Visualization; Scikit-learn; Networking,19.33276
JOB00263,Data Scientist,TechNova,Chennai,3-5 years,445008,Contract,Python; SQL; Pandas; NumPy; Statistics; Machine Learning; Scikit-learn; Power BI,4.45008
JOB00264,Data Scientist,Aster Labs,Chennai,1-3 years,1037794,Internship,Python; SQL; Pandas; NumPy; Statistics; Machine Learning; Scikit-learn; Power BI; Data Visualization; React; Terraform,10.37794
JOB00265,AI/ML Engineer,VisionWorks,Delhi NCR,3-5 years,2087048,Contract,Python; SQL; Pandas; NumPy; Machine Learning; Deep Learning; PyTorch; Git; Networking; Statistics,20.87048
JOB00266,Data Scientist,Aster Labs,Delhi NCR,0-1 years,1122502,Contract,Python; SQL; Pandas; NumPy; Statistics; Machine Learning; Scikit-learn; Power BI,11.22502
JOB00267,Cloud Engineer,DataBridge,Delhi NCR,0-1 years,906857,Internship,Python; Linux; Git; AWS; Azure; Docker; Networking; Terraform; CSS; SQL,9.06857
JOB00268,Data Scientist,CodeCraft,Chennai,3-5 years,1669161,Full-time,Python; SQL; Pandas; NumPy; Statistics; Machine Learning; Scikit-learn; Power BI; React,16.69161
JOB00269,Software Developer,TechNova,Pune,1-3 years,750103,Contract,Python; SQL; Git; REST API; HTML; CSS; JavaScript; DSA,7.50103
JOB00270,Full Stack Developer,TechNova,Delhi NCR,0-1 years,2180431,Internship,HTML; CSS; JavaScript; React; Node.js; SQL; Git; REST API; Excel; PyTorch; Scikit-learn,21.80431
JOB00271,Full Stack Developer,Aster Labs,Chennai,1-3 years,1140258,Internship,HTML; CSS; JavaScript; React; Node.js; SQL; Git; REST API; Scikit-learn; Statistics,11.40258
JOB00272,Data Analyst,DataBridge,Hyderabad,3-5 years,753207,Contract,Python; SQL; Excel; Power BI; Pandas; Statistics; Data Visualization; JavaScript; REST API,7.53207
JOB00273,Full Stack Developer,VisionWorks,Hyderabad,1-3 years,1797538,Contract,HTML; CSS; JavaScript; React; Node.js; SQL; Git; REST API; Networking; Excel,17.97538
JOB00274,Cloud Engineer,CodeCraft,Pune,1-3 years,1552668,Full-time,Python; Linux; Git; AWS; Azure; Docker; Networking; Terraform; NumPy; Deep Learning,15.52668
JOB00275,Data Analyst,InnoByte,Hyderabad,1-3 years,953204,Internship,Python; SQL; Excel; Power BI; Pandas; Statistics; Data Visualization,9.53204
JOB00276,Data Analyst,NextGen Systems,Chennai,0-1 years,1528637,Internship,Python; SQL; Excel; Power BI; Pandas; Statistics; Data Visualization; Git; Terraform; JavaScript,15.28637
JOB00277,AI/ML Engineer,DataBridge,Delhi NCR,0-1 years,456462,Full-time,Python; SQL; Pandas; NumPy; Machine Learning; Deep Learning; PyTorch; Git; HTML,4.56462
JOB00278,Software Developer,CloudPeak,Bengaluru,3-5 years,1778563,Full-time,Python; SQL; Git; REST API; HTML; CSS; JavaScript; DSA; NumPy; Scikit-learn; Deep Learning,17.78563
JOB00279,Data Scientist,NextGen Systems,Delhi NCR,0-1 years,1023537,Full-time,Python; SQL; Pandas; NumPy; Statistics; Machine Learning; Scikit-learn; Power BI; REST API; Docker; HTML,10.23537
JOB00280,AI/ML Engineer,TechNova,Chennai,1-3 years,1899137,Full-time,Python; SQL; Pandas; NumPy; Machine Learning; Deep Learning; PyTorch; Git; Terraform,18.99137
JOB00281,Software Developer,TechNova,Bengaluru,1-3 years,2188663,Internship,Python; SQL; Git; REST API; HTML; CSS; JavaScript; DSA; Scikit-learn; Excel; Node.js,21.88663
JOB00282,Cloud Engineer,NextGen Systems,Pune,3-5 years,1052634,Internship,Python; Linux; Git; AWS; Azure; Docker; Networking; Terraform,10.52634
JOB00283,Cloud Engineer,DataBridge,Remote,0-1 years,922180,Contract,Python; Linux; Git; AWS; Azure; Docker; Networking; Terraform; Excel; Scikit-learn; React,9.2218
JOB00284,Full Stack Developer,Aster Labs,Remote,1-3 years,1894799,Internship,HTML; CSS; JavaScript; React; Node.js; SQL; Git; REST API; Machine Learning; Docker; AWS,18.94799
JOB00285,AI/ML Engineer,CodeCraft,Remote,1-3 years,1631264,Internship,Python; SQL; Pandas; NumPy; Machine Learning; Deep Learning; PyTorch; Git; Docker,16.31264
JOB00286,Data Analyst,InnoByte,Chennai,0-1 years,1190608,Contract,Python; SQL; Excel; Power BI; Pandas; Statistics; Data Visualization,11.90608
JOB00287,Data Analyst,CodeCraft,Chennai,1-3 years,896906,Contract,Python; SQL; Excel; Power BI; Pandas; Statistics; Data Visualization; AWS,8.96906
JOB00288,Data Analyst,Aster Labs,Delhi NCR,0-1 years,898516,Full-time,Python; SQL; Excel; Power BI; Pandas; Statistics; Data Visualization; Terraform; AWS,8.98516
JOB00289,AI/ML Engineer,NextGen Systems,Chennai,1-3 years,1326004,Internship,Python; SQL; Pandas; NumPy; Machine Learning; Deep Learning; PyTorch; Git,13.26004
JOB00290,Cloud Engineer,DataBridge,Chennai,0-1 years,1120795,Contract,Python; Linux; Git; AWS; Azure; Docker; Networking; Terraform; Deep Learning; NumPy,11.20795
JOB00291,Full Stack Developer,DataBridge,Remote,0-1 years,1938279,Internship,HTML; CSS; JavaScript; React; Node.js; SQL; Git; REST API; Pandas; PyTorch; Scikit-learn,19.38279
JOB00292,Cloud Engineer,VisionWorks,Mumbai,3-5 years,1452067,Contract,Python; Linux; Git; AWS; Azure; Docker; Networking; Terraform,14.52067
JOB00293,Software Developer,DataBridge,Mumbai,3-5 years,479516,Full-time,Python; SQL; Git; REST API; HTML; CSS; JavaScript; DSA,4.79516
JOB00294,Full Stack Developer,DataBridge,Delhi NCR,3-5 years,593772,Contract,HTML; CSS; JavaScript; React; Node.js; SQL; Git; REST API; Statistics; Python,5.93772
JOB00295,Software Developer,CodeCraft,Pune,3-5 years,1426358,Full-time,Python; SQL; Git; REST API; HTML; CSS; JavaScript; DSA; Azure; React; Docker,14.26358
JOB00296,Cloud Engineer,TechNova,Delhi NCR,0-1 years,883635,Internship,Python; Linux; Git; AWS; Azure; Docker; Networking; Terraform; NumPy; CSS; PyTorch,8.83635
JOB00297,Software Developer,Aster Labs,Delhi NCR,0-1 years,1238557,Internship,Python; SQL; Git; REST API; HTML; CSS; JavaScript; DSA,12.38557
JOB00298,Software Developer,TechNova,Hyderabad,1-3 years,1340005,Full-time,Python; SQL; Git; REST API; HTML; CSS; JavaScript; DSA,13.40005
JOB00299,Full Stack Developer,CodeCraft,Pune,0-1 years,2173725,Internship,HTML; CSS; JavaScript; React; Node.js; SQL; Git; REST API; Pandas; Power BI; Python,21.73725
JOB00300,AI/ML Engineer,CloudPeak,Mumbai,1-3 years,598791,Internship,Python; SQL; Pandas; NumPy; Machine Learning; Deep Learning; PyTorch; Git; Node.js,5.98791
JOB00301,Full Stack Developer,TechNova,Hyderabad,1-3 years,1935823,Internship,HTML; CSS; JavaScript; React; Node.js; SQL; Git; REST API; AWS,19.35823
JOB00302,AI/ML Engineer,VisionWorks,Hyderabad,0-1 years,869070,Contract,Python; SQL; Pandas; NumPy; Machine Learning; Deep Learning; PyTorch; Git; Terraform; Power BI; HTML,8.6907
JOB00303,Full Stack Developer,CodeCraft,Mumbai,0-1 years,417564,Full-time,HTML; CSS; JavaScript; React; Node.js; SQL; Git; REST API,4.17564
JOB00304,Full Stack Developer,TechNova,Pune,3-5 years,561595,Internship,HTML; CSS; JavaScript; React; Node.js; SQL; Git; REST API,5.61595
JOB00305,AI/ML Engineer,TechNova,Pune,1-3 years,863244,Full-time,Python; SQL; Pandas; NumPy; Machine Learning; Deep Learning; PyTorch; Git,8.63244
JOB00306,Cloud Engineer,NextGen Systems,Chennai,3-5 years,643885,Internship,Python; Linux; Git; AWS; Azure; Docker; Networking; Terraform; DSA,6.43885
JOB00307,Data Analyst,CloudPeak,Delhi NCR,3-5 years,2187646,Full-time,Python; SQL; Excel; Power BI; Pandas; Statistics; Data Visualization; HTML; Linux,21.87646
JOB00308,Data Scientist,CloudPeak,Delhi NCR,3-5 years,1517522,Contract,Python; SQL; Pandas; NumPy; Statistics; Machine Learning; Scikit-learn; Power BI; Git; Azure,15.17522
JOB00309,Cloud Engineer,Aster Labs,Delhi NCR,1-3 years,1997951,Contract,Python; Linux; Git; AWS; Azure; Docker; Networking; Terraform; DSA; Power BI; PyTorch,19.97951
JOB00310,Full Stack Developer,VisionWorks,Chennai,0-1 years,1932125,Contract,HTML; CSS; JavaScript; React; Node.js; SQL; Git; REST API; Power BI; Docker,19.32125
JOB00311,AI/ML Engineer,CodeCraft,Pune,3-5 years,470846,Internship,Python; SQL; Pandas; NumPy; Machine Learning; Deep Learning; PyTorch; Git; React,4.70846
JOB00312,Full Stack Developer,InnoByte,Pune,1-3 years,1042611,Full-time,HTML; CSS; JavaScript; React; Node.js; SQL; Git; REST API; Linux; Machine Learning; Excel,10.42611
JOB00313,Cloud Engineer,CodeCraft,Delhi NCR,3-5 years,913004,Internship,Python; Linux; Git; AWS; Azure; Docker; Networking; Terraform; DSA,9.13004
JOB00314,Software Developer,DataBridge,Pune,0-1 years,744607,Contract,Python; SQL; Git; REST API; HTML; CSS; JavaScript; DSA,7.44607
JOB00315,Data Analyst,DataBridge,Delhi NCR,0-1 years,794193,Internship,Python; SQL; Excel; Power BI; Pandas; Statistics; Data Visualization,7.94193
JOB00316,Data Scientist,DataBridge,Mumbai,1-3 years,1181797,Contract,Python; SQL; Pandas; NumPy; Statistics; Machine Learning; Scikit-learn; Power BI; Docker,11.81797
JOB00317,Data Scientist,Aster Labs,Mumbai,1-3 years,898534,Contract,Python; SQL; Pandas; NumPy; Statistics; Machine Learning; Scikit-learn; Power BI; Terraform; Linux; HTML,8.98534
JOB00318,Software Developer,CodeCraft,Bengaluru,3-5 years,1006245,Full-time,Python; SQL; Git; REST API; HTML; CSS; JavaScript; DSA; NumPy; Linux; Pandas,10.06245
JOB00319,AI/ML Engineer,CodeCraft,Hyderabad,0-1 years,896882,Full-time,Python; SQL; Pandas; NumPy; Machine Learning; Deep Learning; PyTorch; Git; AWS,8.96882
JOB00320,Data Analyst,DataBridge,Pune,3-5 years,1544935,Internship,Python; SQL; Excel; Power BI; Pandas; Statistics; Data Visualization; Node.js,15.44935
JOB00321,AI/ML Engineer,VisionWorks,Pune,0-1 years,1867410,Internship,Python; SQL; Pandas; NumPy; Machine Learning; Deep Learning; PyTorch; Git; JavaScript; Scikit-learn,18.6741
JOB00322,Data Analyst,VisionWorks,Chennai,3-5 years,1860606,Internship,Python; SQL; Excel; Power BI; Pandas; Statistics; Data Visualization; Deep Learning,18.60606
JOB00323,Software Developer,InnoByte,Remote,3-5 years,2109654,Full-time,Python; SQL; Git; REST API; HTML; CSS; JavaScript; DSA,21.09654
JOB00324,Software Developer,CloudPeak,Bengaluru,0-1 years,1833042,Internship,Python; SQL; Git; REST API; HTML; CSS; JavaScript; DSA; Docker; Machine Learning; Data Visualization,18.33042
JOB00325,Data Scientist,VisionWorks,Bengaluru,0-1 years,1732619,Internship,Python; SQL; Pandas; NumPy; Statistics; Machine Learning; Scikit-learn; Power BI; Azure; REST API,17.32619
JOB00326,Cloud Engineer,NextGen Systems,Bengaluru,3-5 years,1473524,Internship,Python; Linux; Git; AWS; Azure; Docker; Networking; Terraform; CSS; Statistics; Node.js,14.73524
JOB00327,AI/ML Engineer,CloudPeak,Chennai,0-1 years,1449715,Internship,Python; SQL; Pandas; NumPy; Machine Learning; Deep Learning; PyTorch; Git; Docker; DSA; Statistics,14.49715
JOB00328,Cloud Engineer,CodeCraft,Bengaluru,1-3 years,2017102,Contract,Python; Linux; Git; AWS; Azure; Docker; Networking; Terraform; Power BI; Node.js,20.17102
JOB00329,Data Scientist,InnoByte,Delhi NCR,3-5 years,979092,Full-time,Python; SQL; Pandas; NumPy; Statistics; Machine Learning; Scikit-learn; Power BI; Excel,9.79092
JOB00330,Software Developer,TechNova,Delhi NCR,0-1 years,467681,Full-time,Python; SQL; Git; REST API; HTML; CSS; JavaScript; DSA; Power BI; Terraform; Scikit-learn,4.67681
JOB00331,Data Scientist,DataBridge,Remote,3-5 years,831855,Internship,Python; SQL; Pandas; NumPy; Statistics; Machine Learning; Scikit-learn; Power BI; JavaScript; DSA; Azure,8.31855
JOB00332,Data Scientist,NextGen Systems,Mumbai,3-5 years,1785351,Internship,Python; SQL; Pandas; NumPy; Statistics; Machine Learning; Scikit-learn; Power BI; Azure; CSS,17.85351
JOB00333,Software Developer,DataBridge,Mumbai,0-1 years,382837,Internship,Python; SQL; Git; REST API; HTML; CSS; JavaScript; DSA; NumPy,3.82837
JOB00334,Data Scientist,CloudPeak,Mumbai,0-1 years,977629,Internship,Python; SQL; Pandas; NumPy; Statistics; Machine Learning; Scikit-learn; Power BI,9.77629
JOB00335,Data Scientist,InnoByte,Mumbai,3-5 years,2007794,Contract,Python; SQL; Pandas; NumPy; Statistics; Machine Learning; Scikit-learn; Power BI; Networking; Data Visualization,20.07794
JOB00336,Software Developer,DataBridge,Remote,0-1 years,1266640,Contract,Python; SQL; Git; REST API; HTML; CSS; JavaScript; DSA,12.6664
JOB00337,Cloud Engineer,VisionWorks,Pune,0-1 years,1993219,Contract,Python; Linux; Git; AWS; Azure; Docker; Networking; Terraform; Pandas; CSS; Node.js,19.93219
JOB00338,Cloud Engineer,NextGen Systems,Remote,0-1 years,529713,Internship,Python; Linux; Git; AWS; Azure; Docker; Networking; Terraform; REST API; HTML; PyTorch,5.29713
JOB00339,Software Developer,CloudPeak,Pune,3-5 years,911978,Internship,Python; SQL; Git; REST API; HTML; CSS; JavaScript; DSA,9.11978
JOB00340,Full Stack Developer,TechNova,Hyderabad,1-3 years,541932,Contract,HTML; CSS; JavaScript; React; Node.js; SQL; Git; REST API; NumPy; Pandas; Data Visualization,5.41932
JOB00341,Data Analyst,InnoByte,Chennai,1-3 years,627887,Contract,Python; SQL; Excel; Power BI; Pandas; Statistics; Data Visualization,6.27887
JOB00342,Cloud Engineer,InnoByte,Mumbai,3-5 years,1092212,Contract,Python; Linux; Git; AWS; Azure; Docker; Networking; Terraform; Deep Learning; CSS; Data Visualization,10.92212
JOB00343,Data Scientist,CodeCraft,Pune,0-1 years,962048,Internship,Python; SQL; Pandas; NumPy; Statistics; Machine Learning; Scikit-learn; Power BI,9.62048
JOB00344,Cloud Engineer,CodeCraft,Chennai,0-1 years,705641,Contract,Python; Linux; Git; AWS; Azure; Docker; Networking; Terraform; Scikit-learn,7.05641
JOB00345,Data Analyst,CloudPeak,Pune,1-3 years,482680,Contract,Python; SQL; Excel; Power BI; Pandas; Statistics; Data Visualization; REST API; Deep Learning,4.8268
JOB00346,Data Analyst,VisionWorks,Mumbai,3-5 years,867136,Full-time,Python; SQL; Excel; Power BI; Pandas; Statistics; Data Visualization; CSS; Networking; JavaScript,8.67136
JOB00347,Data Scientist,NextGen Systems,Bengaluru,1-3 years,634142,Contract,Python; SQL; Pandas; NumPy; Statistics; Machine Learning; Scikit-learn; Power BI,6.34142
JOB00348,Cloud Engineer,CloudPeak,Hyderabad,1-3 years,1253067,Internship,Python; Linux; Git; AWS; Azure; Docker; Networking; Terraform; Pandas; React; Statistics,12.53067
JOB00349,AI/ML Engineer,CloudPeak,Pune,1-3 years,1008890,Contract,Python; SQL; Pandas; NumPy; Machine Learning; Deep Learning; PyTorch; Git; Scikit-learn,10.0889
JOB00350,AI/ML Engineer,CodeCraft,Hyderabad,0-1 years,937832,Internship,Python; SQL; Pandas; NumPy; Machine Learning; Deep Learning; PyTorch; Git; HTML; Networking; Power BI,9.37832
JOB00351,Full Stack Developer,VisionWorks,Delhi NCR,0-1 years,406447,Contract,HTML; CSS; JavaScript; React; Node.js; SQL; Git; REST API; Terraform,4.06447
JOB00352,Data Analyst,CodeCraft,Delhi NCR,1-3 years,2067495,Full-time,Python; SQL; Excel; Power BI; Pandas; Statistics; Data Visualization,20.67495
JOB00353,AI/ML Engineer,CloudPeak,Delhi NCR,1-3 years,1731316,Contract,Python; SQL; Pandas; NumPy; Machine Learning; Deep Learning; PyTorch; Git; HTML; JavaScript,17.31316
JOB00354,Software Developer,TechNova,Remote,1-3 years,1490106,Internship,Python; SQL; Git; REST API; HTML; CSS; JavaScript; DSA; Scikit-learn; Power BI; PyTorch,14.90106
JOB00355,Cloud Engineer,DataBridge,Delhi NCR,3-5 years,579364,Contract,Python; Linux; Git; AWS; Azure; Docker; Networking; Terraform,5.79364
JOB00356,Full Stack Developer,CodeCraft,Remote,1-3 years,1531158,Contract,HTML; CSS; JavaScript; React; Node.js; SQL; Git; REST API,15.31158
JOB00357,Software Developer,NextGen Systems,Chennai,3-5 years,556792,Internship,Python; SQL; Git; REST API; HTML; CSS; JavaScript; DSA,5.56792
JOB00358,Cloud Engineer,CodeCraft,Pune,3-5 years,1134585,Internship,Python; Linux; Git; AWS; Azure; Docker; Networking; Terraform; React,11.34585
JOB00359,AI/ML Engineer,VisionWorks,Bengaluru,1-3 years,401511,Contract,Python; SQL; Pandas; NumPy; Machine Learning; Deep Learning; PyTorch; Git; Node.js,4.01511
JOB00360,Software Developer,CloudPeak,Hyderabad,1-3 years,2093399,Contract,Python; SQL; Git; REST API; HTML; CSS; JavaScript; DSA,20.93399
JOB00361,Data Scientist,Aster Labs,Pune,0-1 years,1362769,Contract,Python; SQL; Pandas; NumPy; Statistics; Machine Learning; Scikit-learn; Power BI; React,13.62769
JOB00362,AI/ML Engineer,InnoByte,Bengaluru,1-3 years,443707,Internship,Python; SQL; Pandas; NumPy; Machine Learning; Deep Learning; PyTorch; Git; Networking; CSS; Linux,4.43707
JOB00363,Software Developer,CloudPeak,Mumbai,0-1 years,1432117,Contract,Python; SQL; Git; REST API; HTML; CSS; JavaScript; DSA; Machine Learning,14.32117
JOB00364,Cloud Engineer,CloudPeak,Chennai,3-5 years,1670703,Internship,Python; Linux; Git; AWS; Azure; Docker; Networking; Terraform; React; Machine Learning; PyTorch,16.70703
JOB00365,Data Scientist,CodeCraft,Pune,0-1 years,1591940,Internship,Python; SQL; Pandas; NumPy; Statistics; Machine Learning; Scikit-learn; Power BI; AWS; Docker; PyTorch,15.9194
JOB00366,Full Stack Developer,InnoByte,Mumbai,0-1 years,1927740,Internship,HTML; CSS; JavaScript; React; Node.js; SQL; Git; REST API; Machine Learning,19.2774
JOB00367,Full Stack Developer,InnoByte,Hyderabad,3-5 years,1309552,Contract,HTML; CSS; JavaScript; React; Node.js; SQL; Git; REST API; NumPy; Excel,13.09552
JOB00368,Cloud Engineer,InnoByte,Hyderabad,1-3 years,1581038,Contract,Python; Linux; Git; AWS; Azure; Docker; Networking; Terraform; PyTorch; Statistics,15.81038
JOB00369,Cloud Engineer,InnoByte,Delhi NCR,0-1 years,1638667,Contract,Python; Linux; Git; AWS; Azure; Docker; Networking; Terraform; NumPy,16.38667
JOB00370,Software Developer,CloudPeak,Hyderabad,3-5 years,595259,Full-time,Python; SQL; Git; REST API; HTML; CSS; JavaScript; DSA; Node.js,5.95259
JOB00371,Cloud Engineer,CloudPeak,Pune,3-5 years,1237176,Internship,Python; Linux; Git; AWS; Azure; Docker; Networking; Terraform; REST API; Excel; PyTorch,12.37176
JOB00372,AI/ML Engineer,VisionWorks,Hyderabad,0-1 years,699942,Full-time,Python; SQL; Pandas; NumPy; Machine Learning; Deep Learning; PyTorch; Git; Terraform,6.99942
JOB00373,Data Analyst,CloudPeak,Chennai,1-3 years,1366298,Internship,Python; SQL; Excel; Power BI; Pandas; Statistics; Data Visualization; Azure; Networking; AWS,13.66298
JOB00374,Cloud Engineer,VisionWorks,Pune,0-1 years,1839276,Full-time,Python; Linux; Git; AWS; Azure; Docker; Networking; Terraform; REST API; SQL; Statistics,18.39276
JOB00375,Cloud Engineer,DataBridge,Hyderabad,0-1 years,2019083,Contract,Python; Linux; Git; AWS; Azure; Docker; Networking; Terraform,20.19083
JOB00376,Full Stack Developer,VisionWorks,Mumbai,3-5 years,1536254,Full-time,HTML; CSS; JavaScript; React; Node.js; SQL; Git; REST API; Docker; Python,15.36254
JOB00377,Cloud Engineer,Aster Labs,Mumbai,0-1 years,911803,Internship,Python; Linux; Git; AWS; Azure; Docker; Networking; Terraform,9.11803
JOB00378,Data Scientist,DataBridge,Hyderabad,0-1 years,564782,Contract,Python; SQL; Pandas; NumPy; Statistics; Machine Learning; Scikit-learn; Power BI; Node.js,5.64782
JOB00379,Data Analyst,InnoByte,Remote,0-1 years,2164645,Full-time,Python; SQL; Excel; Power BI; Pandas; Statistics; Data Visualization; CSS; PyTorch,21.64645
JOB00380,AI/ML Engineer,CloudPeak,Remote,0-1 years,1642162,Full-time,Python; SQL; Pandas; NumPy; Machine Learning; Deep Learning; PyTorch; Git; REST API; Docker,16.42162
JOB00381,Software Developer,CloudPeak,Hyderabad,3-5 years,1601701,Contract,Python; SQL; Git; REST API; HTML; CSS; JavaScript; DSA; Terraform; Networking,16.01701
JOB00382,Data Analyst,CodeCraft,Bengaluru,1-3 years,634350,Internship,Python; SQL; Excel; Power BI; Pandas; Statistics; Data Visualization; React; DSA,6.3435
JOB00383,Full Stack Developer,Aster Labs,Remote,0-1 years,656694,Internship,HTML; CSS; JavaScript; React; Node.js; SQL; Git; REST API; Linux,6.56694
JOB00384,Data Scientist,VisionWorks,Bengaluru,3-5 years,1136793,Full-time,Python; SQL; Pandas; NumPy; Statistics; Machine Learning; Scikit-learn; Power BI; Data Visualization; Git; Node.js,11.36793
JOB00385,Data Scientist,Aster Labs,Mumbai,0-1 years,1373503,Internship,Python; SQL; Pandas; NumPy; Statistics; Machine Learning; Scikit-learn; Power BI; Linux; PyTorch,13.73503
JOB00386,Software Developer,CodeCraft,Remote,0-1 years,806822,Contract,Python; SQL; Git; REST API; HTML; CSS; JavaScript; DSA; Pandas; Data Visualization; Power BI,8.06822
JOB00387,Data Analyst,CloudPeak,Mumbai,1-3 years,1497793,Contract,Python; SQL; Excel; Power BI; Pandas; Statistics; Data Visualization; Linux; Machine Learning,14.97793
JOB00388,AI/ML Engineer,InnoByte,Delhi NCR,1-3 years,446349,Full-time,Python; SQL; Pandas; NumPy; Machine Learning; Deep Learning; PyTorch; Git,4.46349
JOB00389,Software Developer,TechNova,Pune,0-1 years,1307387,Internship,Python; SQL; Git; REST API; HTML; CSS; JavaScript; DSA; React,13.07387
JOB00390,Full Stack Developer,Aster Labs,Hyderabad,0-1 years,545748,Contract,HTML; CSS; JavaScript; React; Node.js; SQL; Git; REST API; Docker; Machine Learning,5.45748
JOB00391,AI/ML Engineer,NextGen Systems,Delhi NCR,3-5 years,1181188,Full-time,Python; SQL; Pandas; NumPy; Machine Learning; Deep Learning; PyTorch; Git; Azure,11.81188
JOB00392,Data Scientist,InnoByte,Bengaluru,0-1 years,1825761,Contract,Python; SQL; Pandas; NumPy; Statistics; Machine Learning; Scikit-learn; Power BI,18.25761
JOB00393,Software Developer,VisionWorks,Bengaluru,0-1 years,1439353,Internship,Python; SQL; Git; REST API; HTML; CSS; JavaScript; DSA; Machine Learning,14.39353
JOB00394,Data Analyst,CodeCraft,Delhi NCR,0-1 years,2154264,Contract,Python; SQL; Excel; Power BI; Pandas; Statistics; Data Visualization,21.54264
JOB00395,Software Developer,InnoByte,Bengaluru,1-3 years,537340,Contract,Python; SQL; Git; REST API; HTML; CSS; JavaScript; DSA; Power BI,5.3734
JOB00396,Data Analyst,CloudPeak,Delhi NCR,3-5 years,1972064,Full-time,Python; SQL; Excel; Power BI; Pandas; Statistics; Data Visualization; Node.js,19.72064
JOB00397,Software Developer,CloudPeak,Pune,1-3 years,1629932,Internship,Python; SQL; Git; REST API; HTML; CSS; JavaScript; DSA,16.29932
JOB00398,Full Stack Developer,VisionWorks,Remote,0-1 years,1642005,Full-time,HTML; CSS; JavaScript; React; Node.js; SQL; Git; REST API; PyTorch,16.42005
JOB00399,Software Developer,CodeCraft,Hyderabad,1-3 years,1586426,Contract,Python; SQL; Git; REST API; HTML; CSS; JavaScript; DSA; Deep Learning,15.86426
JOB00400,Full Stack Developer,InnoByte,Chennai,3-5 years,1701867,Internship,HTML; CSS; JavaScript; React; Node.js; SQL; Git; REST API; Machine Learning,17.01867
JOB00401,Cloud Engineer,DataBridge,Delhi NCR,1-3 years,780850,Contract,Python; Linux; Git; AWS; Azure; Docker; Networking; Terraform; CSS; NumPy,7.8085
JOB00402,AI/ML Engineer,DataBridge,Pune,1-3 years,1993751,Full-time,Python; SQL; Pandas; NumPy; Machine Learning; Deep Learning; PyTorch; Git,19.93751
JOB00403,Full Stack Developer,Aster Labs,Chennai,1-3 years,1107277,Internship,HTML; CSS; JavaScript; React; Node.js; SQL; Git; REST API; DSA; Statistics; AWS,11.07277
JOB00404,Data Scientist,VisionWorks,Remote,0-1 years,1949552,Full-time,Python; SQL; Pandas; NumPy; Statistics; Machine Learning; Scikit-learn; Power BI; Terraform; Deep Learning,19.49552
JOB00405,Cloud Engineer,NextGen Systems,Chennai,0-1 years,378926,Full-time,Python; Linux; Git; AWS; Azure; Docker; Networking; Terraform,3.78926
JOB00406,Data Scientist,CodeCraft,Bengaluru,3-5 years,1238301,Internship,Python; SQL; Pandas; NumPy; Statistics; Machine Learning; Scikit-learn; Power BI; React; Node.js,12.38301
JOB00407,Cloud Engineer,NextGen Systems,Bengaluru,3-5 years,525315,Full-time,Python; Linux; Git; AWS; Azure; Docker; Networking; Terraform; Node.js,5.25315
JOB00408,Full Stack Developer,CodeCraft,Delhi NCR,0-1 years,1000472,Full-time,HTML; CSS; JavaScript; React; Node.js; SQL; Git; REST API; Power BI; DSA,10.00472
JOB00409,Full Stack Developer,InnoByte,Pune,3-5 years,1261178,Internship,HTML; CSS; JavaScript; React; Node.js; SQL; Git; REST API,12.61178
JOB00410,Software Developer,CloudPeak,Delhi NCR,0-1 years,376560,Full-time,Python; SQL; Git; REST API; HTML; CSS; JavaScript; DSA; Excel; Deep Learning,3.7656
JOB00411,Data Scientist,NextGen Systems,Chennai,1-3 years,1992042,Full-time,Python; SQL; Pandas; NumPy; Statistics; Machine Learning; Scikit-learn; Power BI; React; Terraform,19.92042
JOB00412,AI/ML Engineer,CodeCraft,Hyderabad,3-5 years,1052569,Full-time,Python; SQL; Pandas; NumPy; Machine Learning; Deep Learning; PyTorch; Git; DSA; AWS,10.52569
JOB00413,Data Analyst,VisionWorks,Mumbai,1-3 years,1390496,Full-time,Python; SQL; Excel; Power BI; Pandas; Statistics; Data Visualization,13.90496
JOB00414,Data Scientist,NextGen Systems,Remote,0-1 years,679902,Internship,Python; SQL; Pandas; NumPy; Statistics; Machine Learning; Scikit-learn; Power BI; Linux,6.79902
JOB00415,AI/ML Engineer,TechNova,Bengaluru,0-1 years,828998,Full-time,Python; SQL; Pandas; NumPy; Machine Learning; Deep Learning; PyTorch; Git,8.28998
JOB00416,Software Developer,TechNova,Mumbai,3-5 years,725308,Internship,Python; SQL; Git; REST API; HTML; CSS; JavaScript; DSA; Pandas; Power BI; Docker,7.25308
JOB00417,AI/ML Engineer,Aster Labs,Hyderabad,0-1 years,1222953,Internship,Python; SQL; Pandas; NumPy; Machine Learning; Deep Learning; PyTorch; Git; HTML; Networking; Terraform,12.22953
JOB00418,Data Analyst,TechNova,Chennai,0-1 years,1402856,Internship,Python; SQL; Excel; Power BI; Pandas; Statistics; Data Visualization,14.02856
JOB00419,Software Developer,NextGen Systems,Hyderabad,0-1 years,1972204,Internship,Python; SQL; Git; REST API; HTML; CSS; JavaScript; DSA; Data Visualization; React; Node.js,19.72204
JOB00420,Data Scientist,DataBridge,Hyderabad,3-5 years,1123679,Contract,Python; SQL; Pandas; NumPy; Statistics; Machine Learning; Scikit-learn; Power BI,11.23679
JOB00421,AI/ML Engineer,VisionWorks,Remote,0-1 years,1122325,Internship,Python; SQL; Pandas; NumPy; Machine Learning; Deep Learning; PyTorch; Git; React,11.22325
JOB00422,Cloud Engineer,CodeCraft,Bengaluru,0-1 years,363375,Internship,Python; Linux; Git; AWS; Azure; Docker; Networking; Terraform; Excel,3.63375
JOB00423,Data Analyst,TechNova,Remote,3-5 years,1052582,Contract,Python; SQL; Excel; Power BI; Pandas; Statistics; Data Visualization,10.52582
JOB00424,AI/ML Engineer,DataBridge,Pune,1-3 years,1461101,Full-time,Python; SQL; Pandas; NumPy; Machine Learning; Deep Learning; PyTorch; Git; DSA; Excel,14.61101
JOB00425,Full Stack Developer,CodeCraft,Delhi NCR,1-3 years,835433,Contract,HTML; CSS; JavaScript; React; Node.js; SQL; Git; REST API; DSA; Azure,8.35433
JOB00426,AI/ML Engineer,InnoByte,Mumbai,0-1 years,1567964,Internship,Python; SQL; Pandas; NumPy; Machine Learning; Deep Learning; PyTorch; Git,15.67964
JOB00427,Data Scientist,TechNova,Pune,3-5 years,1591295,Full-time,Python; SQL; Pandas; NumPy; Statistics; Machine Learning; Scikit-learn; Power BI,15.91295
JOB00428,Full Stack Developer,CodeCraft,Delhi NCR,3-5 years,2029434,Contract,HTML; CSS; JavaScript; React; Node.js; SQL; Git; REST API; Machine Learning; NumPy,20.29434
JOB00429,Data Analyst,CloudPeak,Remote,3-5 years,775119,Full-time,Python; SQL; Excel; Power BI; Pandas; Statistics; Data Visualization; JavaScript; HTML; CSS,7.75119
JOB00430,Full Stack Developer,VisionWorks,Pune,1-3 years,694719,Contract,HTML; CSS; JavaScript; React; Node.js; SQL; Git; REST API,6.94719
JOB00431,Software Developer,VisionWorks,Hyderabad,0-1 years,996568,Full-time,Python; SQL; Git; REST API; HTML; CSS; JavaScript; DSA; Linux; React,9.96568
JOB00432,Full Stack Developer,Aster Labs,Chennai,0-1 years,2103061,Internship,HTML; CSS; JavaScript; React; Node.js; SQL; Git; REST API; Azure; Excel,21.03061
JOB00433,Full Stack Developer,NextGen Systems,Hyderabad,0-1 years,452656,Full-time,HTML; CSS; JavaScript; React; Node.js; SQL; Git; REST API; Power BI; Statistics,4.52656
JOB00434,Data Scientist,InnoByte,Remote,0-1 years,1318974,Full-time,Python; SQL; Pandas; NumPy; Statistics; Machine Learning; Scikit-learn; Power BI; Terraform; Excel; DSA,13.18974
JOB00435,Software Developer,DataBridge,Chennai,0-1 years,2091416,Contract,Python; SQL; Git; REST API; HTML; CSS; JavaScript; DSA,20.91416
JOB00436,Data Analyst,NextGen Systems,Remote,0-1 years,1571221,Full-time,Python; SQL; Excel; Power BI; Pandas; Statistics; Data Visualization,15.71221
JOB00437,Software Developer,CloudPeak,Bengaluru,1-3 years,2047222,Full-time,Python; SQL; Git; REST API; HTML; CSS; JavaScript; DSA; React,20.47222
JOB00438,Software Developer,CodeCraft,Pune,0-1 years,2073199,Contract,Python; SQL; Git; REST API; HTML; CSS; JavaScript; DSA; Azure; Excel; PyTorch,20.73199
JOB00439,AI/ML Engineer,NextGen Systems,Hyderabad,1-3 years,742484,Full-time,Python; SQL; Pandas; NumPy; Machine Learning; Deep Learning; PyTorch; Git; Docker; Node.js; Excel,7.42484
JOB00440,Software Developer,CodeCraft,Mumbai,1-3 years,1396251,Full-time,Python; SQL; Git; REST API; HTML; CSS; JavaScript; DSA; Node.js,13.96251
JOB00441,Software Developer,DataBridge,Delhi NCR,3-5 years,1229199,Full-time,Python; SQL; Git; REST API; HTML; CSS; JavaScript; DSA; Power BI; Docker,12.29199
JOB00442,AI/ML Engineer,Aster Labs,Pune,3-5 years,1152156,Contract,Python; SQL; Pandas; NumPy; Machine Learning; Deep Learning; PyTorch; Git,11.52156
JOB00443,Data Analyst,TechNova,Hyderabad,3-5 years,727101,Full-time,Python; SQL; Excel; Power BI; Pandas; Statistics; Data Visualization; Node.js; JavaScript,7.27101
JOB00444,Software Developer,Aster Labs,Remote,3-5 years,1460299,Full-time,Python; SQL; Git; REST API; HTML; CSS; JavaScript; DSA; Azure; Scikit-learn,14.60299
JOB00445,Full Stack Developer,DataBridge,Hyderabad,3-5 years,869793,Internship,HTML; CSS; JavaScript; React; Node.js; SQL; Git; REST API,8.69793
JOB00446,Software Developer,CloudPeak,Chennai,0-1 years,1094079,Internship,Python; SQL; Git; REST API; HTML; CSS; JavaScript; DSA; Power BI,10.94079
JOB00447,Data Analyst,Aster Labs,Mumbai,3-5 years,1825247,Full-time,Python; SQL; Excel; Power BI; Pandas; Statistics; Data Visualization; Terraform; AWS,18.25247
JOB00448,Cloud Engineer,NextGen Systems,Chennai,1-3 years,1486917,Full-time,Python; Linux; Git; AWS; Azure; Docker; Networking; Terraform; SQL,14.86917
JOB00449,Software Developer,DataBridge,Bengaluru,3-5 years,837846,Contract,Python; SQL; Git; REST API; HTML; CSS; JavaScript; DSA,8.37846
JOB00450,Software Developer,CloudPeak,Remote,1-3 years,1064623,Full-time,Python; SQL; Git; REST API; HTML; CSS; JavaScript; DSA; Linux; Docker,10.64623
JOB00451,Software Developer,InnoByte,Remote,3-5 years,1973964,Contract,Python; SQL; Git; REST API; HTML; CSS; JavaScript; DSA; Docker,19.73964
JOB00452,Software Developer,NextGen Systems,Hyderabad,0-1 years,1055819,Full-time,Python; SQL; Git; REST API; HTML; CSS; JavaScript; DSA; Power BI; Deep Learning,10.55819
JOB00453,AI/ML Engineer,Aster Labs,Chennai,3-5 years,1833070,Internship,Python; SQL; Pandas; NumPy; Machine Learning; Deep Learning; PyTorch; Git; Scikit-learn; Networking; Docker,18.3307
JOB00454,Full Stack Developer,TechNova,Delhi NCR,3-5 years,722681,Contract,HTML; CSS; JavaScript; React; Node.js; SQL; Git; REST API; Networking; Terraform; Deep Learning,7.22681
JOB00455,Cloud Engineer,Aster Labs,Remote,3-5 years,731853,Full-time,Python; Linux; Git; AWS; Azure; Docker; Networking; Terraform,7.31853
JOB00456,AI/ML Engineer,CloudPeak,Hyderabad,3-5 years,1390575,Full-time,Python; SQL; Pandas; NumPy; Machine Learning; Deep Learning; PyTorch; Git,13.90575
JOB00457,Full Stack Developer,InnoByte,Remote,3-5 years,1684180,Internship,HTML; CSS; JavaScript; React; Node.js; SQL; Git; REST API; NumPy; Docker,16.8418
JOB00458,AI/ML Engineer,DataBridge,Chennai,3-5 years,906190,Full-time,Python; SQL; Pandas; NumPy; Machine Learning; Deep Learning; PyTorch; Git; React; AWS,9.0619
JOB00459,Data Analyst,CodeCraft,Pune,3-5 years,450972,Contract,Python; SQL; Excel; Power BI; Pandas; Statistics; Data Visualization; DSA; AWS,4.50972
JOB00460,Full Stack Developer,CodeCraft,Bengaluru,1-3 years,1495095,Internship,HTML; CSS; JavaScript; React; Node.js; SQL; Git; REST API; Scikit-learn; Power BI; Pandas,14.95095
JOB00461,AI/ML Engineer,InnoByte,Remote,0-1 years,1296418,Contract,Python; SQL; Pandas; NumPy; Machine Learning; Deep Learning; PyTorch; Git; Docker,12.96418
JOB00462,Software Developer,Aster Labs,Chennai,1-3 years,505609,Full-time,Python; SQL; Git; REST API; HTML; CSS; JavaScript; DSA; Networking; Deep Learning,5.05609
JOB00463,AI/ML Engineer,InnoByte,Hyderabad,3-5 years,1497239,Internship,Python; SQL; Pandas; NumPy; Machine Learning; Deep Learning; PyTorch; Git,14.97239
JOB00464,Data Scientist,CloudPeak,Mumbai,1-3 years,1254550,Full-time,Python; SQL; Pandas; NumPy; Statistics; Machine Learning; Scikit-learn; Power BI,12.5455
JOB00465,Software Developer,DataBridge,Chennai,1-3 years,1044355,Internship,Python; SQL; Git; REST API; HTML; CSS; JavaScript; DSA,10.44355
JOB00466,Cloud Engineer,InnoByte,Bengaluru,1-3 years,848174,Internship,Python; Linux; Git; AWS; Azure; Docker; Networking; Terraform; NumPy; Statistics,8.48174
JOB00467,Cloud Engineer,CodeCraft,Bengaluru,1-3 years,358001,Internship,Python; Linux; Git; AWS; Azure; Docker; Networking; Terraform; Excel; DSA; Power BI,3.58001
JOB00468,AI/ML Engineer,CloudPeak,Delhi NCR,1-3 years,784011,Full-time,Python; SQL; Pandas; NumPy; Machine Learning; Deep Learning; PyTorch; Git; Excel; DSA; AWS,7.84011
JOB00469,Data Scientist,CodeCraft,Pune,1-3 years,996663,Internship,Python; SQL; Pandas; NumPy; Statistics; Machine Learning; Scikit-learn; Power BI,9.96663
JOB00470,Data Analyst,CodeCraft,Chennai,1-3 years,1696091,Contract,Python; SQL; Excel; Power BI; Pandas; Statistics; Data Visualization,16.96091
JOB00471,Data Analyst,NextGen Systems,Pune,1-3 years,443568,Contract,Python; SQL; Excel; Power BI; Pandas; Statistics; Data Visualization; PyTorch,4.43568
JOB00472,Full Stack Developer,InnoByte,Bengaluru,3-5 years,1927551,Contract,HTML; CSS; JavaScript; React; Node.js; SQL; Git; REST API; Azure; Deep Learning,19.27551
JOB00473,Cloud Engineer,CodeCraft,Mumbai,3-5 years,2066320,Contract,Python; Linux; Git; AWS; Azure; Docker; Networking; Terraform; Machine Learning; DSA; PyTorch,20.6632
JOB00474,Cloud Engineer,InnoByte,Pune,3-5 years,976738,Full-time,Python; Linux; Git; AWS; Azure; Docker; Networking; Terraform; SQL,9.76738
JOB00475,Cloud Engineer,VisionWorks,Chennai,0-1 years,1937939,Full-time,Python; Linux; Git; AWS; Azure; Docker; Networking; Terraform; Deep Learning,19.37939
JOB00476,Full Stack Developer,InnoByte,Delhi NCR,1-3 years,1237881,Full-time,HTML; CSS; JavaScript; React; Node.js; SQL; Git; REST API; Azure,12.37881
JOB00477,AI/ML Engineer,InnoByte,Bengaluru,1-3 years,1020563,Internship,Python; SQL; Pandas; NumPy; Machine Learning; Deep Learning; PyTorch; Git; JavaScript,10.20563
JOB00478,Data Scientist,TechNova,Remote,3-5 years,1310825,Internship,Python; SQL; Pandas; NumPy; Statistics; Machine Learning; Scikit-learn; Power BI; Git; React,13.10825
JOB00479,Cloud Engineer,InnoByte,Bengaluru,3-5 years,660797,Full-time,Python; Linux; Git; AWS; Azure; Docker; Networking; Terraform; Deep Learning; REST API; Excel,6.60797
JOB00480,Data Analyst,VisionWorks,Mumbai,3-5 years,1153300,Contract,Python; SQL; Excel; Power BI; Pandas; Statistics; Data Visualization; NumPy; JavaScript,11.533
JOB00481,Software Developer,CloudPeak,Mumbai,3-5 years,1195097,Internship,Python; SQL; Git; REST API; HTML; CSS; JavaScript; DSA; Networking,11.95097
JOB00482,AI/ML Engineer,DataBridge,Bengaluru,3-5 years,1798112,Contract,Python; SQL; Pandas; NumPy; Machine Learning; Deep Learning; PyTorch; Git; Azure; Power BI; Networking,17.98112
JOB00483,Data Analyst,NextGen Systems,Hyderabad,1-3 years,2064182,Contract,Python; SQL; Excel; Power BI; Pandas; Statistics; Data Visualization; AWS; Machine Learning,20.64182
JOB00484,AI/ML Engineer,DataBridge,Chennai,1-3 years,2172215,Internship,Python; SQL; Pandas; NumPy; Machine Learning; Deep Learning; PyTorch; Git,21.72215
JOB00485,Data Scientist,InnoByte,Chennai,1-3 years,1618733,Full-time,Python; SQL; Pandas; NumPy; Statistics; Machine Learning; Scikit-learn; Power BI; Git; Node.js,16.18733
JOB00486,Data Scientist,CloudPeak,Bengaluru,1-3 years,1430598,Internship,Python; SQL; Pandas; NumPy; Statistics; Machine Learning; Scikit-learn; Power BI; React; Linux; Azure,14.30598
JOB00487,Cloud Engineer,DataBridge,Remote,0-1 years,714353,Full-time,Python; Linux; Git; AWS; Azure; Docker; Networking; Terraform; Excel; Scikit-learn; CSS,7.14353
JOB00488,Full Stack Developer,TechNova,Hyderabad,3-5 years,1307242,Full-time,HTML; CSS; JavaScript; React; Node.js; SQL; Git; REST API,13.07242
JOB00489,Data Analyst,InnoByte,Delhi NCR,0-1 years,1182448,Full-time,Python; SQL; Excel; Power BI; Pandas; Statistics; Data Visualization; PyTorch; React,11.82448
JOB00490,Data Analyst,Aster Labs,Hyderabad,0-1 years,1580777,Contract,Python; SQL; Excel; Power BI; Pandas; Statistics; Data Visualization; PyTorch; Docker; REST API,15.80777
JOB00491,AI/ML Engineer,TechNova,Pune,0-1 years,947833,Full-time,Python; SQL; Pandas; NumPy; Machine Learning; Deep Learning; PyTorch; Git,9.47833
JOB00492,Cloud Engineer,DataBridge,Delhi NCR,0-1 years,1707654,Contract,Python; Linux; Git; AWS; Azure; Docker; Networking; Terraform; Machine Learning,17.07654
JOB00493,AI/ML Engineer,CloudPeak,Delhi NCR,0-1 years,1344253,Internship,Python; SQL; Pandas; NumPy; Machine Learning; Deep Learning; PyTorch; Git; Statistics; AWS; Terraform,13.44253
JOB00494,Software Developer,NextGen Systems,Delhi NCR,3-5 years,1625789,Internship,Python; SQL; Git; REST API; HTML; CSS; JavaScript; DSA; Networking,16.25789
JOB00495,Data Analyst,DataBridge,Pune,1-3 years,878479,Internship,Python; SQL; Excel; Power BI; Pandas; Statistics; Data Visualization; Node.js; Networking; PyTorch,8.78479
JOB00496,Cloud Engineer,NextGen Systems,Hyderabad,3-5 years,1527460,Full-time,Python; Linux; Git; AWS; Azure; Docker; Networking; Terraform; Deep Learning; CSS; Power BI,15.2746
JOB00497,Data Scientist,NextGen Systems,Delhi NCR,1-3 years,1055237,Contract,Python; SQL; Pandas; NumPy; Statistics; Machine Learning; Scikit-learn; Power BI,10.55237
JOB00498,Data Analyst,DataBridge,Bengaluru,3-5 years,1434843,Contract,Python; SQL; Excel; Power BI; Pandas; Statistics; Data Visualization; Git; Deep Learning,14.34843
JOB00499,AI/ML Engineer,VisionWorks,Hyderabad,1-3 years,1724474,Contract,Python; SQL; Pandas; NumPy; Machine Learning; Deep Learning; PyTorch; Git; Data Visualization; AWS,17.24474
JOB00500,Data Scientist,DataBridge,Delhi NCR,3-5 years,1873685,Internship,Python; SQL; Pandas; NumPy; Statistics; Machine Learning; Scikit-learn; Power BI; Azure; Docker; JavaScript,18.73685
JOB00501,Data Scientist,CloudPeak,Remote,3-5 years,2122972,Internship,Python; SQL; Pandas; NumPy; Statistics; Machine Learning; Scikit-learn; Power BI; React; HTML,21.22972
JOB00502,Full Stack Developer,NextGen Systems,Delhi NCR,3-5 years,618318,Full-time,HTML; CSS; JavaScript; React; Node.js; SQL; Git; REST API; Data Visualization; Scikit-learn,6.18318
JOB00503,AI/ML Engineer,DataBridge,Delhi NCR,1-3 years,1095083,Contract,Python; SQL; Pandas; NumPy; Machine Learning; Deep Learning; PyTorch; Git; CSS; HTML,10.95083
JOB00504,Data Analyst,InnoByte,Pune,0-1 years,1322576,Internship,Python; SQL; Excel; Power BI; Pandas; Statistics; Data Visualization; JavaScript; Linux,13.22576
JOB00505,Cloud Engineer,DataBridge,Mumbai,0-1 years,1340316,Internship,Python; Linux; Git; AWS; Azure; Docker; Networking; Terraform,13.40316
JOB00506,Data Scientist,CloudPeak,Chennai,0-1 years,2176303,Contract,Python; SQL; Pandas; NumPy; Statistics; Machine Learning; Scikit-learn; Power BI; Node.js; Azure,21.76303
JOB00507,Data Scientist,InnoByte,Pune,1-3 years,1983558,Internship,Python; SQL; Pandas; NumPy; Statistics; Machine Learning; Scikit-learn; Power BI; Data Visualization; JavaScript; Deep Learning,19.83558
JOB00508,Full Stack Developer,NextGen Systems,Chennai,0-1 years,1298024,Internship,HTML; CSS; JavaScript; React; Node.js; SQL; Git; REST API; Azure; AWS,12.98024
JOB00509,Full Stack Developer,CodeCraft,Pune,1-3 years,1678519,Contract,HTML; CSS; JavaScript; React; Node.js; SQL; Git; REST API; DSA; Deep Learning; PyTorch,16.78519
JOB00510,Data Scientist,DataBridge,Delhi NCR,1-3 years,429115,Full-time,Python; SQL; Pandas; NumPy; Statistics; Machine Learning; Scikit-learn; Power BI,4.29115
JOB00511,Data Analyst,TechNova,Delhi NCR,3-5 years,1769243,Full-time,Python; SQL; Excel; Power BI; Pandas; Statistics; Data Visualization; AWS,17.69243
JOB00512,Full Stack Developer,CodeCraft,Mumbai,3-5 years,565394,Contract,HTML; CSS; JavaScript; React; Node.js; SQL; Git; REST API; Networking; Deep Learning,5.65394
JOB00513,Full Stack Developer,TechNova,Hyderabad,1-3 years,2077725,Contract,HTML; CSS; JavaScript; React; Node.js; SQL; Git; REST API,20.77725
JOB00514,AI/ML Engineer,VisionWorks,Hyderabad,0-1 years,1068762,Full-time,Python; SQL; Pandas; NumPy; Machine Learning; Deep Learning; PyTorch; Git; REST API; Data Visualization,10.68762
JOB00515,Data Scientist,DataBridge,Delhi NCR,0-1 years,829027,Full-time,Python; SQL; Pandas; NumPy; Statistics; Machine Learning; Scikit-learn; Power BI,8.29027
JOB00516,AI/ML Engineer,CloudPeak,Bengaluru,1-3 years,1586675,Internship,Python; SQL; Pandas; NumPy; Machine Learning; Deep Learning; PyTorch; Git,15.86675
JOB00517,AI/ML Engineer,NextGen Systems,Remote,3-5 years,1136835,Internship,Python; SQL; Pandas; NumPy; Machine Learning; Deep Learning; PyTorch; Git,11.36835
JOB00518,Software Developer,InnoByte,Delhi NCR,0-1 years,1738251,Full-time,Python; SQL; Git; REST API; HTML; CSS; JavaScript; DSA,17.38251
JOB00519,AI/ML Engineer,VisionWorks,Pune,0-1 years,1224041,Internship,Python; SQL; Pandas; NumPy; Machine Learning; Deep Learning; PyTorch; Git,12.24041
JOB00520,Data Analyst,CodeCraft,Delhi NCR,0-1 years,981486,Internship,Python; SQL; Excel; Power BI; Pandas; Statistics; Data Visualization; Deep Learning; Git; AWS,9.81486
JOB00521,Cloud Engineer,InnoByte,Mumbai,3-5 years,2092005,Internship,Python; Linux; Git; AWS; Azure; Docker; Networking; Terraform; Excel; REST API,20.92005
JOB00522,Software Developer,DataBridge,Mumbai,0-1 years,1393834,Contract,Python; SQL; Git; REST API; HTML; CSS; JavaScript; DSA; Deep Learning; Terraform,13.93834
JOB00523,Cloud Engineer,CodeCraft,Hyderabad,0-1 years,1825213,Full-time,Python; Linux; Git; AWS; Azure; Docker; Networking; Terraform; Power BI,18.25213
JOB00524,Cloud Engineer,TechNova,Bengaluru,3-5 years,841793,Full-time,Python; Linux; Git; AWS; Azure; Docker; Networking; Terraform; JavaScript; SQL; Pandas,8.41793
JOB00525,Software Developer,InnoByte,Hyderabad,3-5 years,1867422,Full-time,Python; SQL; Git; REST API; HTML; CSS; JavaScript; DSA; Docker; Data Visualization; Statistics,18.67422
JOB00526,Data Scientist,InnoByte,Remote,0-1 years,455025,Full-time,Python; SQL; Pandas; NumPy; Statistics; Machine Learning; Scikit-learn; Power BI; Git; PyTorch,4.55025
JOB00527,Data Analyst,InnoByte,Bengaluru,0-1 years,1898831,Full-time,Python; SQL; Excel; Power BI; Pandas; Statistics; Data Visualization; Machine Learning; NumPy,18.98831
JOB00528,Full Stack Developer,VisionWorks,Mumbai,1-3 years,1099789,Internship,HTML; CSS; JavaScript; React; Node.js; SQL; Git; REST API; NumPy,10.99789
JOB00529,Software Developer,CodeCraft,Pune,1-3 years,588723,Contract,Python; SQL; Git; REST API; HTML; CSS; JavaScript; DSA; NumPy; Excel,5.88723
JOB00530,Data Scientist,TechNova,Remote,0-1 years,627896,Full-time,Python; SQL; Pandas; NumPy; Statistics; Machine Learning; Scikit-learn; Power BI; Node.js; Deep Learning; DSA,6.27896
JOB00531,Data Scientist,Aster Labs,Mumbai,0-1 years,1984025,Internship,Python; SQL; Pandas; NumPy; Statistics; Machine Learning; Scikit-learn; Power BI; PyTorch; Deep Learning; Networking,19.84025
JOB00532,AI/ML Engineer,InnoByte,Pune,1-3 years,1373667,Full-time,Python; SQL; Pandas; NumPy; Machine Learning; Deep Learning; PyTorch; Git; Scikit-learn,13.73667
JOB00533,Software Developer,DataBridge,Delhi NCR,1-3 years,1827586,Internship,Python; SQL; Git; REST API; HTML; CSS; JavaScript; DSA; NumPy; AWS,18.27586
JOB00534,Cloud Engineer,DataBridge,Pune,1-3 years,1257747,Internship,Python; Linux; Git; AWS; Azure; Docker; Networking; Terraform,12.57747
JOB00535,AI/ML Engineer,CloudPeak,Mumbai,1-3 years,1699304,Contract,Python; SQL; Pandas; NumPy; Machine Learning; Deep Learning; PyTorch; Git; Data Visualization; Azure; AWS,16.99304
JOB00536,Full Stack Developer,VisionWorks,Hyderabad,0-1 years,1925862,Contract,HTML; CSS; JavaScript; React; Node.js; SQL; Git; REST API,19.25862
JOB00537,Data Analyst,DataBridge,Mumbai,3-5 years,1413107,Contract,Python; SQL; Excel; Power BI; Pandas; Statistics; Data Visualization,14.13107
JOB00538,Data Scientist,VisionWorks,Remote,3-5 years,1312791,Contract,Python; SQL; Pandas; NumPy; Statistics; Machine Learning; Scikit-learn; Power BI; CSS,13.12791
JOB00539,Software Developer,TechNova,Bengaluru,1-3 years,1393067,Contract,Python; SQL; Git; REST API; HTML; CSS; JavaScript; DSA; React; NumPy; Deep Learning,13.93067
JOB00540,Software Developer,InnoByte,Remote,3-5 years,2082056,Internship,Python; SQL; Git; REST API; HTML; CSS; JavaScript; DSA,20.82056
JOB00541,AI/ML Engineer,VisionWorks,Hyderabad,1-3 years,1722787,Full-time,Python; SQL; Pandas; NumPy; Machine Learning; Deep Learning; PyTorch; Git; Statistics; Excel,17.22787
JOB00542,Full Stack Developer,VisionWorks,Bengaluru,0-1 years,1851379,Internship,HTML; CSS; JavaScript; React; Node.js; SQL; Git; REST API; NumPy; Scikit-learn; Pandas,18.51379
JOB00543,Full Stack Developer,Aster Labs,Remote,3-5 years,1065877,Contract,HTML; CSS; JavaScript; React; Node.js; SQL; Git; REST API,10.65877
JOB00544,Cloud Engineer,VisionWorks,Chennai,3-5 years,694258,Internship,Python; Linux; Git; AWS; Azure; Docker; Networking; Terraform; Deep Learning; DSA,6.94258
JOB00545,AI/ML Engineer,InnoByte,Remote,1-3 years,743307,Full-time,Python; SQL; Pandas; NumPy; Machine Learning; Deep Learning; PyTorch; Git; DSA; JavaScript; Excel,7.43307
JOB00546,Data Scientist,CodeCraft,Bengaluru,3-5 years,576001,Internship,Python; SQL; Pandas; NumPy; Statistics; Machine Learning; Scikit-learn; Power BI; JavaScript,5.76001
JOB00547,Cloud Engineer,VisionWorks,Pune,3-5 years,1969305,Internship,Python; Linux; Git; AWS; Azure; Docker; Networking; Terraform,19.69305
JOB00548,Cloud Engineer,TechNova,Mumbai,1-3 years,359096,Internship,Python; Linux; Git; AWS; Azure; Docker; Networking; Terraform; SQL,3.59096
JOB00549,Data Scientist,CloudPeak,Bengaluru,1-3 years,1881958,Internship,Python; SQL; Pandas; NumPy; Statistics; Machine Learning; Scikit-learn; Power BI; Deep Learning,18.81958
JOB00550,Cloud Engineer,DataBridge,Hyderabad,1-3 years,1228003,Contract,Python; Linux; Git; AWS; Azure; Docker; Networking; Terraform; Scikit-learn; PyTorch,12.28003
JOB00551,Data Analyst,NextGen Systems,Remote,3-5 years,1613585,Internship,Python; SQL; Excel; Power BI; Pandas; Statistics; Data Visualization; Deep Learning; Terraform; NumPy,16.13585
JOB00552,Data Analyst,NextGen Systems,Delhi NCR,1-3 years,789799,Internship,Python; SQL; Excel; Power BI; Pandas; Statistics; Data Visualization; Git,7.89799
JOB00553,Full Stack Developer,Aster Labs,Delhi NCR,0-1 years,1487687,Contract,HTML; CSS; JavaScript; React; Node.js; SQL; Git; REST API; Statistics,14.87687
JOB00554,Cloud Engineer,TechNova,Mumbai,0-1 years,2045137,Full-time,Python; Linux; Git; AWS; Azure; Docker; Networking; Terraform; REST API; NumPy; Statistics,20.45137
JOB00555,Data Scientist,TechNova,Chennai,1-3 years,1755624,Full-time,Python; SQL; Pandas; NumPy; Statistics; Machine Learning; Scikit-learn; Power BI; Azure,17.55624
JOB00556,Data Analyst,NextGen Systems,Chennai,3-5 years,1798282,Full-time,Python; SQL; Excel; Power BI; Pandas; Statistics; Data Visualization; Deep Learning; Azure,17.98282
JOB00557,Data Analyst,CodeCraft,Chennai,3-5 years,1906952,Internship,Python; SQL; Excel; Power BI; Pandas; Statistics; Data Visualization; DSA; Scikit-learn; HTML,19.06952
JOB00558,Data Analyst,CodeCraft,Pune,3-5 years,1150236,Contract,Python; SQL; Excel; Power BI; Pandas; Statistics; Data Visualization,11.50236
JOB00559,Cloud Engineer,NextGen Systems,Chennai,3-5 years,377190,Contract,Python; Linux; Git; AWS; Azure; Docker; Networking; Terraform,3.7719
JOB00560,Full Stack Developer,DataBridge,Hyderabad,1-3 years,1977697,Full-time,HTML; CSS; JavaScript; React; Node.js; SQL; Git; REST API; Terraform; Excel,19.77697
JOB00561,AI/ML Engineer,CloudPeak,Delhi NCR,3-5 years,742118,Full-time,Python; SQL; Pandas; NumPy; Machine Learning; Deep Learning; PyTorch; Git,7.42118
JOB00562,Data Scientist,NextGen Systems,Mumbai,1-3 years,1248646,Full-time,Python; SQL; Pandas; NumPy; Statistics; Machine Learning; Scikit-learn; Power BI,12.48646
JOB00563,Full Stack Developer,CloudPeak,Bengaluru,0-1 years,1327967,Contract,HTML; CSS; JavaScript; React; Node.js; SQL; Git; REST API; AWS; NumPy,13.27967
JOB00564,Cloud Engineer,NextGen Systems,Pune,3-5 years,1972484,Internship,Python; Linux; Git; AWS; Azure; Docker; Networking; Terraform,19.72484
JOB00565,Data Analyst,Aster Labs,Mumbai,0-1 years,1994233,Full-time,Python; SQL; Excel; Power BI; Pandas; Statistics; Data Visualization,19.94233
JOB00566,Cloud Engineer,CloudPeak,Pune,3-5 years,1998903,Internship,Python; Linux; Git; AWS; Azure; Docker; Networking; Terraform,19.98903
JOB00567,Data Scientist,DataBridge,Chennai,3-5 years,1082751,Contract,Python; SQL; Pandas; NumPy; Statistics; Machine Learning; Scikit-learn; Power BI,10.82751
JOB00568,Data Analyst,VisionWorks,Mumbai,3-5 years,1928433,Full-time,Python; SQL; Excel; Power BI; Pandas; Statistics; Data Visualization; Linux; Git,19.28433
JOB00569,Software Developer,DataBridge,Bengaluru,3-5 years,1696925,Contract,Python; SQL; Git; REST API; HTML; CSS; JavaScript; DSA; React; Machine Learning,16.96925
JOB00570,Data Scientist,NextGen Systems,Mumbai,3-5 years,1159240,Contract,Python; SQL; Pandas; NumPy; Statistics; Machine Learning; Scikit-learn; Power BI,11.5924
JOB00571,Software Developer,VisionWorks,Bengaluru,1-3 years,1284400,Internship,Python; SQL; Git; REST API; HTML; CSS; JavaScript; DSA; Statistics; Terraform,12.844
JOB00572,Full Stack Developer,CloudPeak,Remote,3-5 years,551235,Internship,HTML; CSS; JavaScript; React; Node.js; SQL; Git; REST API; Statistics; DSA,5.51235
JOB00573,Software Developer,DataBridge,Remote,3-5 years,792040,Contract,Python; SQL; Git; REST API; HTML; CSS; JavaScript; DSA,7.9204
JOB00574,Software Developer,CodeCraft,Delhi NCR,0-1 years,2088011,Internship,Python; SQL; Git; REST API; HTML; CSS; JavaScript; DSA; Terraform,20.88011
JOB00575,AI/ML Engineer,Aster Labs,Bengaluru,0-1 years,1313065,Full-time,Python; SQL; Pandas; NumPy; Machine Learning; Deep Learning; PyTorch; Git; AWS,13.13065
JOB00576,Software Developer,InnoByte,Mumbai,0-1 years,1520387,Contract,Python; SQL; Git; REST API; HTML; CSS; JavaScript; DSA; Networking,15.20387
JOB00577,Data Scientist,TechNova,Pune,3-5 years,1013547,Full-time,Python; SQL; Pandas; NumPy; Statistics; Machine Learning; Scikit-learn; Power BI; PyTorch; Networking; Node.js,10.13547
JOB00578,Cloud Engineer,InnoByte,Remote,3-5 years,1695160,Internship,Python; Linux; Git; AWS; Azure; Docker; Networking; Terraform,16.9516
JOB00579,Software Developer,InnoByte,Hyderabad,3-5 years,1100151,Contract,Python; SQL; Git; REST API; HTML; CSS; JavaScript; DSA,11.00151
JOB00580,Cloud Engineer,VisionWorks,Pune,1-3 years,940384,Internship,Python; Linux; Git; AWS; Azure; Docker; Networking; Terraform,9.40384
JOB00581,Software Developer,CodeCraft,Remote,3-5 years,1916056,Contract,Python; SQL; Git; REST API; HTML; CSS; JavaScript; DSA; Excel; Machine Learning; Docker,19.16056
JOB00582,AI/ML Engineer,Aster Labs,Bengaluru,3-5 years,1770378,Internship,Python; SQL; Pandas; NumPy; Machine Learning; Deep Learning; PyTorch; Git; Linux,17.70378
JOB00583,Full Stack Developer,TechNova,Mumbai,3-5 years,437604,Contract,HTML; CSS; JavaScript; React; Node.js; SQL; Git; REST API,4.37604
JOB00584,Cloud Engineer,DataBridge,Delhi NCR,3-5 years,988983,Internship,Python; Linux; Git; AWS; Azure; Docker; Networking; Terraform,9.88983
JOB00585,Data Analyst,CloudPeak,Chennai,0-1 years,1704616,Full-time,Python; SQL; Excel; Power BI; Pandas; Statistics; Data Visualization; NumPy,17.04616
JOB00586,Cloud Engineer,TechNova,Remote,3-5 years,730335,Contract,Python; Linux; Git; AWS; Azure; Docker; Networking; Terraform; JavaScript; Deep Learning,7.30335
JOB00587,AI/ML Engineer,InnoByte,Hyderabad,0-1 years,959542,Full-time,Python; SQL; Pandas; NumPy; Machine Learning; Deep Learning; PyTorch; Git,9.59542
JOB00588,AI/ML Engineer,DataBridge,Bengaluru,1-3 years,1757808,Internship,Python; SQL; Pandas; NumPy; Machine Learning; Deep Learning; PyTorch; Git; Networking; Node.js; Data Visualization,17.57808
JOB00589,Software Developer,VisionWorks,Hyderabad,3-5 years,1368924,Internship,Python; SQL; Git; REST API; HTML; CSS; JavaScript; DSA; NumPy,13.68924
JOB00590,Data Analyst,Aster Labs,Remote,1-3 years,1538795,Contract,Python; SQL; Excel; Power BI; Pandas; Statistics; Data Visualization; Terraform,15.38795
JOB00591,Full Stack Developer,DataBridge,Remote,0-1 years,1006859,Internship,HTML; CSS; JavaScript; React; Node.js; SQL; Git; REST API,10.06859
JOB00592,AI/ML Engineer,Aster Labs,Pune,1-3 years,1775182,Contract,Python; SQL; Pandas; NumPy; Machine Learning; Deep Learning; PyTorch; Git; JavaScript; Node.js; Data Visualization,17.75182
JOB00593,Data Analyst,CloudPeak,Delhi NCR,3-5 years,578238,Full-time,Python; SQL; Excel; Power BI; Pandas; Statistics; Data Visualization; REST API; Scikit-learn,5.78238
JOB00594,Data Analyst,NextGen Systems,Delhi NCR,3-5 years,761947,Full-time,Python; SQL; Excel; Power BI; Pandas; Statistics; Data Visualization; Scikit-learn,7.61947
JOB00595,AI/ML Engineer,TechNova,Remote,3-5 years,389070,Internship,Python; SQL; Pandas; NumPy; Machine Learning; Deep Learning; PyTorch; Git,3.8907
JOB00596,Data Scientist,NextGen Systems,Mumbai,3-5 years,1506776,Contract,Python; SQL; Pandas; NumPy; Statistics; Machine Learning; Scikit-learn; Power BI; Azure,15.06776
JOB00597,AI/ML Engineer,DataBridge,Remote,3-5 years,1173128,Internship,Python; SQL; Pandas; NumPy; Machine Learning; Deep Learning; PyTorch; Git; Node.js,11.73128
JOB00598,Data Analyst,InnoByte,Pune,1-3 years,1400931,Internship,Python; SQL; Excel; Power BI; Pandas; Statistics; Data Visualization; PyTorch,14.00931
JOB00599,Software Developer,CloudPeak,Pune,0-1 years,1937976,Full-time,Python; SQL; Git; REST API; HTML; CSS; JavaScript; DSA; Excel,19.37976
JOB00600,Cloud Engineer,TechNova,Chennai,1-3 years,1102448,Full-time,Python; Linux; Git; AWS; Azure; Docker; Networking; Terraform; SQL,11.02448
JOB00601,Software Developer,DataBridge,Mumbai,1-3 years,439775,Contract,Python; SQL; Git; REST API; HTML; CSS; JavaScript; DSA; Pandas; Machine Learning,4.39775
JOB00602,Data Scientist,NextGen Systems,Remote,3-5 years,566478,Contract,Python; SQL; Pandas; NumPy; Statistics; Machine Learning; Scikit-learn; Power BI; Azure; Terraform; JavaScript,5.66478
JOB00603,Cloud Engineer,CodeCraft,Hyderabad,3-5 years,1720856,Internship,Python; Linux; Git; AWS; Azure; Docker; Networking; Terraform; PyTorch,17.20856
JOB00604,Software Developer,CodeCraft,Hyderabad,1-3 years,1432910,Contract,Python; SQL; Git; REST API; HTML; CSS; JavaScript; DSA; Power BI; Machine Learning,14.3291
JOB00605,Data Scientist,CloudPeak,Pune,0-1 years,1402428,Full-time,Python; SQL; Pandas; NumPy; Statistics; Machine Learning; Scikit-learn; Power BI,14.02428
JOB00606,Software Developer,CloudPeak,Hyderabad,3-5 years,741969,Internship,Python; SQL; Git; REST API; HTML; CSS; JavaScript; DSA; Linux; Docker,7.41969
JOB00607,Software Developer,Aster Labs,Delhi NCR,0-1 years,2051152,Contract,Python; SQL; Git; REST API; HTML; CSS; JavaScript; DSA; PyTorch,20.51152
JOB00608,AI/ML Engineer,CodeCraft,Bengaluru,0-1 years,1707400,Full-time,Python; SQL; Pandas; NumPy; Machine Learning; Deep Learning; PyTorch; Git; Scikit-learn; Excel; Docker,17.074
JOB00609,Full Stack Developer,TechNova,Mumbai,0-1 years,1670241,Full-time,HTML; CSS; JavaScript; React; Node.js; SQL; Git; REST API; Deep Learning,16.70241
JOB00610,Full Stack Developer,TechNova,Delhi NCR,3-5 years,1200303,Internship,HTML; CSS; JavaScript; React; Node.js; SQL; Git; REST API; Docker; Statistics,12.00303
JOB00611,Data Analyst,VisionWorks,Mumbai,1-3 years,804229,Contract,Python; SQL; Excel; Power BI; Pandas; Statistics; Data Visualization,8.04229
JOB00612,Full Stack Developer,CloudPeak,Remote,3-5 years,1610050,Full-time,HTML; CSS; JavaScript; React; Node.js; SQL; Git; REST API; PyTorch,16.1005
JOB00613,Cloud Engineer,InnoByte,Chennai,1-3 years,1300995,Contract,Python; Linux; Git; AWS; Azure; Docker; Networking; Terraform; HTML; Pandas,13.00995
JOB00614,Full Stack Developer,DataBridge,Mumbai,3-5 years,384734,Internship,HTML; CSS; JavaScript; React; Node.js; SQL; Git; REST API,3.84734
JOB00615,Data Scientist,VisionWorks,Mumbai,3-5 years,722081,Full-time,Python; SQL; Pandas; NumPy; Statistics; Machine Learning; Scikit-learn; Power BI; DSA,7.22081
JOB00616,Cloud Engineer,VisionWorks,Delhi NCR,0-1 years,545433,Internship,Python; Linux; Git; AWS; Azure; Docker; Networking; Terraform,5.45433
JOB00617,Cloud Engineer,CodeCraft,Mumbai,1-3 years,1975021,Contract,Python; Linux; Git; AWS; Azure; Docker; Networking; Terraform,19.75021
JOB00618,Software Developer,InnoByte,Pune,0-1 years,1085089,Contract,Python; SQL; Git; REST API; HTML; CSS; JavaScript; DSA; Machine Learning; Scikit-learn; Power BI,10.85089
JOB00619,Data Scientist,CodeCraft,Hyderabad,0-1 years,944053,Full-time,Python; SQL; Pandas; NumPy; Statistics; Machine Learning; Scikit-learn; Power BI; CSS,9.44053
JOB00620,AI/ML Engineer,InnoByte,Mumbai,0-1 years,1562126,Contract,Python; SQL; Pandas; NumPy; Machine Learning; Deep Learning; PyTorch; Git,15.62126
JOB00621,AI/ML Engineer,Aster Labs,Bengaluru,0-1 years,1207410,Contract,Python; SQL; Pandas; NumPy; Machine Learning; Deep Learning; PyTorch; Git; Networking,12.0741
JOB00622,AI/ML Engineer,Aster Labs,Mumbai,1-3 years,1534199,Internship,Python; SQL; Pandas; NumPy; Machine Learning; Deep Learning; PyTorch; Git; JavaScript; REST API,15.34199
JOB00623,Data Scientist,VisionWorks,Chennai,1-3 years,1507847,Internship,Python; SQL; Pandas; NumPy; Statistics; Machine Learning; Scikit-learn; Power BI; Node.js,15.07847
JOB00624,Cloud Engineer,CodeCraft,Delhi NCR,0-1 years,1973603,Internship,Python; Linux; Git; AWS; Azure; Docker; Networking; Terraform; Node.js; NumPy; Power BI,19.73603
JOB00625,Software Developer,CloudPeak,Bengaluru,0-1 years,1992299,Internship,Python; SQL; Git; REST API; HTML; CSS; JavaScript; DSA; React,19.92299
JOB00626,Data Scientist,CodeCraft,Delhi NCR,0-1 years,687092,Full-time,Python; SQL; Pandas; NumPy; Statistics; Machine Learning; Scikit-learn; Power BI; Terraform; Azure,6.87092
JOB00627,Full Stack Developer,DataBridge,Hyderabad,0-1 years,901743,Internship,HTML; CSS; JavaScript; React; Node.js; SQL; Git; REST API; PyTorch; DSA; Statistics,9.01743
JOB00628,Software Developer,TechNova,Remote,0-1 years,1842345,Internship,Python; SQL; Git; REST API; HTML; CSS; JavaScript; DSA; Power BI; Statistics; Node.js,18.42345
JOB00629,Data Scientist,TechNova,Remote,3-5 years,758413,Internship,Python; SQL; Pandas; NumPy; Statistics; Machine Learning; Scikit-learn; Power BI; AWS; Docker; HTML,7.58413
JOB00630,Cloud Engineer,TechNova,Hyderabad,0-1 years,1763531,Internship,Python; Linux; Git; AWS; Azure; Docker; Networking; Terraform; HTML,17.63531
JOB00631,Software Developer,CodeCraft,Hyderabad,3-5 years,928681,Contract,Python; SQL; Git; REST API; HTML; CSS; JavaScript; DSA; Data Visualization,9.28681
JOB00632,Data Scientist,InnoByte,Bengaluru,3-5 years,382225,Contract,Python; SQL; Pandas; NumPy; Statistics; Machine Learning; Scikit-learn; Power BI; React,3.82225
JOB00633,AI/ML Engineer,DataBridge,Pune,1-3 years,824576,Internship,Python; SQL; Pandas; NumPy; Machine Learning; Deep Learning; PyTorch; Git; Node.js; JavaScript,8.24576
JOB00634,Software Developer,InnoByte,Mumbai,0-1 years,1411658,Internship,Python; SQL; Git; REST API; HTML; CSS; JavaScript; DSA; Excel; PyTorch,14.11658
JOB00635,Data Analyst,NextGen Systems,Delhi NCR,1-3 years,890422,Contract,Python; SQL; Excel; Power BI; Pandas; Statistics; Data Visualization; DSA; React,8.90422
JOB00636,Cloud Engineer,VisionWorks,Mumbai,0-1 years,1779407,Contract,Python; Linux; Git; AWS; Azure; Docker; Networking; Terraform; Machine Learning; Pandas; React,17.79407
JOB00637,Software Developer,DataBridge,Delhi NCR,3-5 years,1678885,Full-time,Python; SQL; Git; REST API; HTML; CSS; JavaScript; DSA; Data Visualization; Power BI,16.78885
JOB00638,Data Analyst,NextGen Systems,Chennai,1-3 years,1819723,Full-time,Python; SQL; Excel; Power BI; Pandas; Statistics; Data Visualization; Networking; React; AWS,18.19723
JOB00639,Data Scientist,Aster Labs,Hyderabad,0-1 years,1349409,Internship,Python; SQL; Pandas; NumPy; Statistics; Machine Learning; Scikit-learn; Power BI; CSS; Deep Learning,13.49409
JOB00640,Data Analyst,DataBridge,Chennai,3-5 years,1396477,Full-time,Python; SQL; Excel; Power BI; Pandas; Statistics; Data Visualization; Git,13.96477
JOB00641,Data Analyst,DataBridge,Remote,3-5 years,775232,Contract,Python; SQL; Excel; Power BI; Pandas; Statistics; Data Visualization; HTML,7.75232
JOB00642,Full Stack Developer,InnoByte,Delhi NCR,3-5 years,601403,Contract,HTML; CSS; JavaScript; React; Node.js; SQL; Git; REST API,6.01403
JOB00643,Cloud Engineer,TechNova,Remote,1-3 years,1952736,Contract,Python; Linux; Git; AWS; Azure; Docker; Networking; Terraform,19.52736
JOB00644,Cloud Engineer,CloudPeak,Remote,3-5 years,1379293,Contract,Python; Linux; Git; AWS; Azure; Docker; Networking; Terraform; SQL; Node.js,13.79293
JOB00645,Data Scientist,CodeCraft,Pune,3-5 years,463556,Full-time,Python; SQL; Pandas; NumPy; Statistics; Machine Learning; Scikit-learn; Power BI; Data Visualization,4.63556
JOB00646,Cloud Engineer,InnoByte,Delhi NCR,3-5 years,1308809,Contract,Python; Linux; Git; AWS; Azure; Docker; Networking; Terraform; PyTorch; HTML,13.08809
JOB00647,Data Analyst,DataBridge,Pune,3-5 years,374788,Full-time,Python; SQL; Excel; Power BI; Pandas; Statistics; Data Visualization,3.74788
JOB00648,Data Analyst,NextGen Systems,Chennai,1-3 years,1500420,Contract,Python; SQL; Excel; Power BI; Pandas; Statistics; Data Visualization; JavaScript; Docker,15.0042
JOB00649,Cloud Engineer,CodeCraft,Chennai,1-3 years,1395996,Internship,Python; Linux; Git; AWS; Azure; Docker; Networking; Terraform; Power BI; HTML,13.95996
JOB00650,Data Analyst,CloudPeak,Mumbai,0-1 years,1295247,Internship,Python; SQL; Excel; Power BI; Pandas; Statistics; Data Visualization; Node.js; JavaScript,12.95247
JOB00651,AI/ML Engineer,NextGen Systems,Remote,0-1 years,1861659,Internship,Python; SQL; Pandas; NumPy; Machine Learning; Deep Learning; PyTorch; Git; DSA,18.61659
JOB00652,Data Scientist,TechNova,Chennai,1-3 years,1341925,Contract,Python; SQL; Pandas; NumPy; Statistics; Machine Learning; Scikit-learn; Power BI; Docker; Data Visualization; React,13.41925
JOB00653,Full Stack Developer,TechNova,Pune,0-1 years,876330,Internship,HTML; CSS; JavaScript; React; Node.js; SQL; Git; REST API; Scikit-learn; Networking,8.7633
JOB00654,Full Stack Developer,NextGen Systems,Pune,3-5 years,801867,Full-time,HTML; CSS; JavaScript; React; Node.js; SQL; Git; REST API,8.01867
JOB00655,Data Scientist,NextGen Systems,Hyderabad,0-1 years,1105617,Contract,Python; SQL; Pandas; NumPy; Statistics; Machine Learning; Scikit-learn; Power BI; Git; Linux,11.05617
JOB00656,Software Developer,NextGen Systems,Hyderabad,1-3 years,1986426,Internship,Python; SQL; Git; REST API; HTML; CSS; JavaScript; DSA; Linux; Excel,19.86426
JOB00657,Cloud Engineer,NextGen Systems,Pune,3-5 years,1636946,Full-time,Python; Linux; Git; AWS; Azure; Docker; Networking; Terraform; React; Data Visualization; PyTorch,16.36946
JOB00658,Full Stack Developer,InnoByte,Bengaluru,0-1 years,2130273,Contract,HTML; CSS; JavaScript; React; Node.js; SQL; Git; REST API; PyTorch; Power BI,21.30273
JOB00659,Full Stack Developer,NextGen Systems,Mumbai,3-5 years,1839887,Contract,HTML; CSS; JavaScript; React; Node.js; SQL; Git; REST API; NumPy; Networking,18.39887
JOB00660,Data Analyst,CloudPeak,Chennai,0-1 years,1218197,Full-time,Python; SQL; Excel; Power BI; Pandas; Statistics; Data Visualization; Networking; React; PyTorch,12.18197
JOB00661,AI/ML Engineer,InnoByte,Chennai,0-1 years,1910019,Contract,Python; SQL; Pandas; NumPy; Machine Learning; Deep Learning; PyTorch; Git; JavaScript,19.10019
JOB00662,Software Developer,VisionWorks,Mumbai,0-1 years,483782,Full-time,Python; SQL; Git; REST API; HTML; CSS; JavaScript; DSA,4.83782
JOB00663,Data Scientist,NextGen Systems,Mumbai,0-1 years,567953,Full-time,Python; SQL; Pandas; NumPy; Statistics; Machine Learning; Scikit-learn; Power BI,5.67953
JOB00664,AI/ML Engineer,NextGen Systems,Pune,3-5 years,1896845,Full-time,Python; SQL; Pandas; NumPy; Machine Learning; Deep Learning; PyTorch; Git; Linux; HTML; Statistics,18.96845
JOB00665,Full Stack Developer,Aster Labs,Remote,1-3 years,423725,Contract,HTML; CSS; JavaScript; React; Node.js; SQL; Git; REST API; AWS,4.23725
JOB00666,Data Scientist,CloudPeak,Mumbai,3-5 years,633356,Contract,Python; SQL; Pandas; NumPy; Statistics; Machine Learning; Scikit-learn; Power BI; Terraform; PyTorch,6.33356
JOB00667,AI/ML Engineer,DataBridge,Remote,0-1 years,1360096,Contract,Python; SQL; Pandas; NumPy; Machine Learning; Deep Learning; PyTorch; Git; Statistics; Linux; Node.js,13.60096
JOB00668,Data Analyst,NextGen Systems,Bengaluru,0-1 years,676563,Internship,Python; SQL; Excel; Power BI; Pandas; Statistics; Data Visualization; NumPy; JavaScript,6.76563
JOB00669,Full Stack Developer,TechNova,Delhi NCR,1-3 years,1472183,Contract,HTML; CSS; JavaScript; React; Node.js; SQL; Git; REST API; Networking; Scikit-learn,14.72183
JOB00670,Data Analyst,CodeCraft,Remote,1-3 years,1956144,Internship,Python; SQL; Excel; Power BI; Pandas; Statistics; Data Visualization,19.56144
JOB00671,Full Stack Developer,Aster Labs,Chennai,1-3 years,1499684,Internship,HTML; CSS; JavaScript; React; Node.js; SQL; Git; REST API,14.99684
JOB00672,Data Scientist,CodeCraft,Chennai,1-3 years,2087337,Full-time,Python; SQL; Pandas; NumPy; Statistics; Machine Learning; Scikit-learn; Power BI; Excel; Deep Learning; Networking,20.87337
JOB00673,Data Scientist,NextGen Systems,Hyderabad,3-5 years,1953353,Internship,Python; SQL; Pandas; NumPy; Statistics; Machine Learning; Scikit-learn; Power BI; React,19.53353
JOB00674,Cloud Engineer,InnoByte,Chennai,0-1 years,2139881,Contract,Python; Linux; Git; AWS; Azure; Docker; Networking; Terraform; REST API; JavaScript,21.39881
JOB00675,Software Developer,Aster Labs,Bengaluru,0-1 years,743823,Full-time,Python; SQL; Git; REST API; HTML; CSS; JavaScript; DSA; React; Networking; Scikit-learn,7.43823
JOB00676,Cloud Engineer,InnoByte,Hyderabad,1-3 years,739939,Full-time,Python; Linux; Git; AWS; Azure; Docker; Networking; Terraform,7.39939
JOB00677,AI/ML Engineer,TechNova,Pune,0-1 years,666006,Contract,Python; SQL; Pandas; NumPy; Machine Learning; Deep Learning; PyTorch; Git; AWS; HTML; CSS,6.66006
JOB00678,Data Scientist,TechNova,Hyderabad,0-1 years,1322416,Full-time,Python; SQL; Pandas; NumPy; Statistics; Machine Learning; Scikit-learn; Power BI; REST API; Linux,13.22416
JOB00679,Software Developer,VisionWorks,Chennai,0-1 years,1489156,Contract,Python; SQL; Git; REST API; HTML; CSS; JavaScript; DSA; Power BI; Data Visualization,14.89156
JOB00680,Data Scientist,DataBridge,Pune,1-3 years,605771,Full-time,Python; SQL; Pandas; NumPy; Statistics; Machine Learning; Scikit-learn; Power BI,6.05771
JOB00681,AI/ML Engineer,VisionWorks,Delhi NCR,0-1 years,767710,Internship,Python; SQL; Pandas; NumPy; Machine Learning; Deep Learning; PyTorch; Git,7.6771
JOB00682,AI/ML Engineer,NextGen Systems,Hyderabad,0-1 years,1166049,Internship,Python; SQL; Pandas; NumPy; Machine Learning; Deep Learning; PyTorch; Git; Scikit-learn,11.66049
JOB00683,AI/ML Engineer,InnoByte,Hyderabad,1-3 years,1911800,Internship,Python; SQL; Pandas; NumPy; Machine Learning; Deep Learning; PyTorch; Git,19.118
JOB00684,Data Analyst,DataBridge,Bengaluru,0-1 years,459235,Internship,Python; SQL; Excel; Power BI; Pandas; Statistics; Data Visualization; Networking,4.59235
JOB00685,Data Scientist,NextGen Systems,Mumbai,0-1 years,2015957,Contract,Python; SQL; Pandas; NumPy; Statistics; Machine Learning; Scikit-learn; Power BI; AWS; Deep Learning,20.15957
JOB00686,Full Stack Developer,VisionWorks,Delhi NCR,3-5 years,438066,Full-time,HTML; CSS; JavaScript; React; Node.js; SQL; Git; REST API,4.38066
JOB00687,Data Analyst,CloudPeak,Pune,0-1 years,871608,Internship,Python; SQL; Excel; Power BI; Pandas; Statistics; Data Visualization,8.71608
JOB00688,Cloud Engineer,CloudPeak,Delhi NCR,3-5 years,1095574,Full-time,Python; Linux; Git; AWS; Azure; Docker; Networking; Terraform; DSA; Statistics,10.95574
JOB00689,Full Stack Developer,VisionWorks,Delhi NCR,0-1 years,2039309,Full-time,HTML; CSS; JavaScript; React; Node.js; SQL; Git; REST API; Linux; NumPy; Pandas,20.39309
JOB00690,AI/ML Engineer,VisionWorks,Delhi NCR,1-3 years,432813,Internship,Python; SQL; Pandas; NumPy; Machine Learning; Deep Learning; PyTorch; Git; Node.js; Data Visualization; JavaScript,4.32813
JOB00691,Data Analyst,VisionWorks,Hyderabad,3-5 years,1028807,Internship,Python; SQL; Excel; Power BI; Pandas; Statistics; Data Visualization; Git; Docker; Networking,10.28807
JOB00692,Full Stack Developer,CloudPeak,Pune,1-3 years,1463875,Contract,HTML; CSS; JavaScript; React; Node.js; SQL; Git; REST API,14.63875
JOB00693,Cloud Engineer,CodeCraft,Delhi NCR,0-1 years,1977217,Full-time,Python; Linux; Git; AWS; Azure; Docker; Networking; Terraform; React; CSS,19.77217
JOB00694,Cloud Engineer,InnoByte,Delhi NCR,3-5 years,1862054,Contract,Python; Linux; Git; AWS; Azure; Docker; Networking; Terraform; Machine Learning; Pandas,18.62054
JOB00695,Full Stack Developer,CodeCraft,Delhi NCR,1-3 years,1026541,Full-time,HTML; CSS; JavaScript; React; Node.js; SQL; Git; REST API; Terraform; Deep Learning; Networking,10.26541
JOB00696,Software Developer,CloudPeak,Chennai,0-1 years,441807,Full-time,Python; SQL; Git; REST API; HTML; CSS; JavaScript; DSA,4.41807
JOB00697,Software Developer,CodeCraft,Delhi NCR,1-3 years,1547499,Internship,Python; SQL; Git; REST API; HTML; CSS; JavaScript; DSA; Linux; Deep Learning; Azure,15.47499
JOB00698,Cloud Engineer,InnoByte,Bengaluru,0-1 years,812889,Internship,Python; Linux; Git; AWS; Azure; Docker; Networking; Terraform; DSA; Power BI,8.12889
JOB00699,Data Scientist,TechNova,Hyderabad,3-5 years,1331591,Internship,Python; SQL; Pandas; NumPy; Statistics; Machine Learning; Scikit-learn; Power BI,13.31591
JOB00700,Data Scientist,TechNova,Delhi NCR,0-1 years,1459437,Contract,Python; SQL; Pandas; NumPy; Statistics; Machine Learning; Scikit-learn; Power BI; Azure; Git,14.59437
JOB00701,Software Developer,InnoByte,Delhi NCR,0-1 years,553673,Internship,Python; SQL; Git; REST API; HTML; CSS; JavaScript; DSA; Statistics,5.53673
JOB00702,Data Scientist,DataBridge,Mumbai,3-5 years,1453504,Full-time,Python; SQL; Pandas; NumPy; Statistics; Machine Learning; Scikit-learn; Power BI; Docker,14.53504
JOB00703,Cloud Engineer,CodeCraft,Bengaluru,0-1 years,1823355,Full-time,Python; Linux; Git; AWS; Azure; Docker; Networking; Terraform; Deep Learning; Power BI; React,18.23355
JOB00704,Cloud Engineer,VisionWorks,Hyderabad,1-3 years,1469670,Internship,Python; Linux; Git; AWS; Azure; Docker; Networking; Terraform; Scikit-learn; Pandas; HTML,14.6967
JOB00705,Data Analyst,Aster Labs,Mumbai,0-1 years,2082572,Internship,Python; SQL; Excel; Power BI; Pandas; Statistics; Data Visualization; NumPy; Terraform,20.82572
JOB00706,Cloud Engineer,NextGen Systems,Hyderabad,1-3 years,1955806,Contract,Python; Linux; Git; AWS; Azure; Docker; Networking; Terraform; PyTorch,19.55806
JOB00707,Data Scientist,TechNova,Hyderabad,3-5 years,1873189,Full-time,Python; SQL; Pandas; NumPy; Statistics; Machine Learning; Scikit-learn; Power BI,18.73189
JOB00708,Cloud Engineer,NextGen Systems,Chennai,0-1 years,363775,Contract,Python; Linux; Git; AWS; Azure; Docker; Networking; Terraform; NumPy,3.63775
JOB00709,Software Developer,CloudPeak,Bengaluru,0-1 years,1516694,Contract,Python; SQL; Git; REST API; HTML; CSS; JavaScript; DSA; Terraform; Statistics,15.16694
JOB00710,Data Analyst,Aster Labs,Mumbai,0-1 years,905720,Full-time,Python; SQL; Excel; Power BI; Pandas; Statistics; Data Visualization; Deep Learning,9.0572
JOB00711,Data Analyst,DataBridge,Delhi NCR,0-1 years,1543415,Internship,Python; SQL; Excel; Power BI; Pandas; Statistics; Data Visualization; CSS; Node.js,15.43415
JOB00712,Data Analyst,NextGen Systems,Bengaluru,3-5 years,1598290,Internship,Python; SQL; Excel; Power BI; Pandas; Statistics; Data Visualization; Docker; REST API; DSA,15.9829
JOB00713,Data Scientist,TechNova,Remote,1-3 years,1986034,Contract,Python; SQL; Pandas; NumPy; Statistics; Machine Learning; Scikit-learn; Power BI,19.86034
JOB00714,Data Scientist,CodeCraft,Bengaluru,1-3 years,1679357,Internship,Python; SQL; Pandas; NumPy; Statistics; Machine Learning; Scikit-learn; Power BI; DSA; Excel; AWS,16.79357
JOB00715,Software Developer,DataBridge,Chennai,0-1 years,1035415,Internship,Python; SQL; Git; REST API; HTML; CSS; JavaScript; DSA; Terraform; Docker,10.35415
JOB00716,AI/ML Engineer,CodeCraft,Hyderabad,1-3 years,815747,Full-time,Python; SQL; Pandas; NumPy; Machine Learning; Deep Learning; PyTorch; Git; React; Statistics; CSS,8.15747
JOB00717,Full Stack Developer,TechNova,Mumbai,1-3 years,1548397,Contract,HTML; CSS; JavaScript; React; Node.js; SQL; Git; REST API; DSA; Scikit-learn,15.48397
JOB00718,Software Developer,CloudPeak,Pune,3-5 years,1948098,Full-time,Python; SQL; Git; REST API; HTML; CSS; JavaScript; DSA; Statistics; PyTorch; Docker,19.48098
JOB00719,Data Scientist,InnoByte,Hyderabad,1-3 years,858171,Contract,Python; SQL; Pandas; NumPy; Statistics; Machine Learning; Scikit-learn; Power BI; Docker; React; Excel,8.58171
JOB00720,AI/ML Engineer,CodeCraft,Pune,1-3 years,585992,Contract,Python; SQL; Pandas; NumPy; Machine Learning; Deep Learning; PyTorch; Git,5.85992
JOB00721,Full Stack Developer,NextGen Systems,Chennai,1-3 years,1964138,Internship,HTML; CSS; JavaScript; React; Node.js; SQL; Git; REST API; Pandas; AWS,19.64138
JOB00722,Data Scientist,DataBridge,Chennai,3-5 years,444115,Contract,Python; SQL; Pandas; NumPy; Statistics; Machine Learning; Scikit-learn; Power BI; PyTorch,4.44115
JOB00723,Full Stack Developer,TechNova,Chennai,3-5 years,585660,Full-time,HTML; CSS; JavaScript; React; Node.js; SQL; Git; REST API,5.8566
JOB00724,Data Analyst,InnoByte,Hyderabad,1-3 years,1069892,Contract,Python; SQL; Excel; Power BI; Pandas; Statistics; Data Visualization,10.69892
JOB00725,Software Developer,NextGen Systems,Mumbai,1-3 years,777402,Internship,Python; SQL; Git; REST API; HTML; CSS; JavaScript; DSA; Linux; Terraform,7.77402
JOB00726,AI/ML Engineer,TechNova,Hyderabad,0-1 years,1139801,Full-time,Python; SQL; Pandas; NumPy; Machine Learning; Deep Learning; PyTorch; Git; AWS,11.39801
JOB00727,Data Analyst,VisionWorks,Delhi NCR,0-1 years,461327,Full-time,Python; SQL; Excel; Power BI; Pandas; Statistics; Data Visualization; JavaScript,4.61327
JOB00728,Data Scientist,NextGen Systems,Remote,3-5 years,390010,Contract,Python; SQL; Pandas; NumPy; Statistics; Machine Learning; Scikit-learn; Power BI; Linux; DSA,3.9001
JOB00729,Full Stack Developer,InnoByte,Chennai,0-1 years,1366410,Internship,HTML; CSS; JavaScript; React; Node.js; SQL; Git; REST API; Statistics; Data Visualization; NumPy,13.6641
JOB00730,Data Scientist,DataBridge,Mumbai,1-3 years,433366,Contract,Python; SQL; Pandas; NumPy; Statistics; Machine Learning; Scikit-learn; Power BI,4.33366
JOB00731,Data Scientist,Aster Labs,Hyderabad,3-5 years,1785104,Contract,Python; SQL; Pandas; NumPy; Statistics; Machine Learning; Scikit-learn; Power BI; Deep Learning; AWS; Linux,17.85104
JOB00732,Full Stack Developer,CodeCraft,Remote,0-1 years,2192719,Internship,HTML; CSS; JavaScript; React; Node.js; SQL; Git; REST API; Azure; Machine Learning,21.92719
JOB00733,Data Analyst,CodeCraft,Delhi NCR,0-1 years,1066777,Full-time,Python; SQL; Excel; Power BI; Pandas; Statistics; Data Visualization; Deep Learning,10.66777
JOB00734,AI/ML Engineer,CloudPeak,Pune,1-3 years,854073,Internship,Python; SQL; Pandas; NumPy; Machine Learning; Deep Learning; PyTorch; Git; Statistics; HTML; REST API,8.54073
JOB00735,Data Analyst,CloudPeak,Mumbai,3-5 years,1718334,Internship,Python; SQL; Excel; Power BI; Pandas; Statistics; Data Visualization; Scikit-learn; Deep Learning; Git,17.18334
JOB00736,Full Stack Developer,CloudPeak,Pune,0-1 years,1793956,Internship,HTML; CSS; JavaScript; React; Node.js; SQL; Git; REST API; Networking,17.93956
JOB00737,Cloud Engineer,InnoByte,Chennai,1-3 years,492216,Full-time,Python; Linux; Git; AWS; Azure; Docker; Networking; Terraform; Pandas,4.92216
JOB00738,AI/ML Engineer,Aster Labs,Pune,1-3 years,1955233,Contract,Python; SQL; Pandas; NumPy; Machine Learning; Deep Learning; PyTorch; Git,19.55233
JOB00739,Data Scientist,CloudPeak,Chennai,0-1 years,573915,Internship,Python; SQL; Pandas; NumPy; Statistics; Machine Learning; Scikit-learn; Power BI; Data Visualization; Docker,5.73915
JOB00740,Cloud Engineer,TechNova,Hyderabad,0-1 years,834258,Internship,Python; Linux; Git; AWS; Azure; Docker; Networking; Terraform; Machine Learning; Statistics,8.34258
JOB00741,Data Scientist,VisionWorks,Delhi NCR,3-5 years,2124480,Contract,Python; SQL; Pandas; NumPy; Statistics; Machine Learning; Scikit-learn; Power BI; React,21.2448
JOB00742,Full Stack Developer,DataBridge,Chennai,0-1 years,693484,Contract,HTML; CSS; JavaScript; React; Node.js; SQL; Git; REST API; Scikit-learn; Terraform; Deep Learning,6.93484
JOB00743,Software Developer,DataBridge,Remote,0-1 years,1906855,Full-time,Python; SQL; Git; REST API; HTML; CSS; JavaScript; DSA; PyTorch; Machine Learning,19.06855
JOB00744,Full Stack Developer,CodeCraft,Pune,0-1 years,867543,Internship,HTML; CSS; JavaScript; React; Node.js; SQL; Git; REST API; Scikit-learn; NumPy; Python,8.67543
JOB00745,AI/ML Engineer,InnoByte,Pune,1-3 years,1441880,Full-time,Python; SQL; Pandas; NumPy; Machine Learning; Deep Learning; PyTorch; Git; Networking; Power BI; Azure,14.4188
JOB00746,Full Stack Developer,NextGen Systems,Pune,1-3 years,748145,Contract,HTML; CSS; JavaScript; React; Node.js; SQL; Git; REST API; Azure; Power BI; Terraform,7.48145
JOB00747,Data Analyst,TechNova,Delhi NCR,3-5 years,1635835,Full-time,Python; SQL; Excel; Power BI; Pandas; Statistics; Data Visualization; Docker; NumPy; Linux,16.35835
JOB00748,Data Scientist,CloudPeak,Pune,1-3 years,727007,Contract,Python; SQL; Pandas; NumPy; Statistics; Machine Learning; Scikit-learn; Power BI; CSS; React; DSA,7.27007
JOB00749,Data Scientist,VisionWorks,Mumbai,3-5 years,725135,Full-time,Python; SQL; Pandas; NumPy; Statistics; Machine Learning; Scikit-learn; Power BI,7.25135
JOB00750,Data Scientist,Aster Labs,Delhi NCR,3-5 years,874460,Internship,Python; SQL; Pandas; NumPy; Statistics; Machine Learning; Scikit-learn; Power BI,8.7446
JOB00751,Full Stack Developer,InnoByte,Delhi NCR,1-3 years,541241,Internship,HTML; CSS; JavaScript; React; Node.js; SQL; Git; REST API,5.41241
JOB00752,Data Analyst,CodeCraft,Delhi NCR,3-5 years,1448524,Internship,Python; SQL; Excel; Power BI; Pandas; Statistics; Data Visualization,14.48524
JOB00753,Full Stack Developer,CloudPeak,Hyderabad,3-5 years,1961158,Internship,HTML; CSS; JavaScript; React; Node.js; SQL; Git; REST API; Terraform; Power BI; Azure,19.61158
JOB00754,Full Stack Developer,TechNova,Pune,1-3 years,725110,Contract,HTML; CSS; JavaScript; React; Node.js; SQL; Git; REST API; Deep Learning,7.2511
JOB00755,AI/ML Engineer,DataBridge,Bengaluru,3-5 years,625924,Contract,Python; SQL; Pandas; NumPy; Machine Learning; Deep Learning; PyTorch; Git; Linux; Docker; DSA,6.25924
JOB00756,Software Developer,VisionWorks,Chennai,0-1 years,1625034,Internship,Python; SQL; Git; REST API; HTML; CSS; JavaScript; DSA; Scikit-learn; Terraform; AWS,16.25034
JOB00757,AI/ML Engineer,TechNova,Chennai,3-5 years,516524,Contract,Python; SQL; Pandas; NumPy; Machine Learning; Deep Learning; PyTorch; Git; React; REST API; Terraform,5.16524
JOB00758,Cloud Engineer,CloudPeak,Bengaluru,3-5 years,737637,Contract,Python; Linux; Git; AWS; Azure; Docker; Networking; Terraform; DSA,7.37637
JOB00759,Software Developer,NextGen Systems,Hyderabad,0-1 years,1748793,Full-time,Python; SQL; Git; REST API; HTML; CSS; JavaScript; DSA; Azure,17.48793
JOB00760,Software Developer,CloudPeak,Pune,3-5 years,1631548,Internship,Python; SQL; Git; REST API; HTML; CSS; JavaScript; DSA; Excel; Terraform; Node.js,16.31548
JOB00761,Data Analyst,NextGen Systems,Hyderabad,1-3 years,545299,Contract,Python; SQL; Excel; Power BI; Pandas; Statistics; Data Visualization,5.45299
JOB00762,Software Developer,CloudPeak,Bengaluru,3-5 years,1337374,Contract,Python; SQL; Git; REST API; HTML; CSS; JavaScript; DSA; Terraform; Data Visualization; Node.js,13.37374
JOB00763,Data Analyst,TechNova,Bengaluru,3-5 years,1633569,Internship,Python; SQL; Excel; Power BI; Pandas; Statistics; Data Visualization; React; Git; Scikit-learn,16.33569
JOB00764,AI/ML Engineer,NextGen Systems,Pune,3-5 years,1364314,Contract,Python; SQL; Pandas; NumPy; Machine Learning; Deep Learning; PyTorch; Git,13.64314
JOB00765,Data Analyst,VisionWorks,Pune,0-1 years,1439902,Internship,Python; SQL; Excel; Power BI; Pandas; Statistics; Data Visualization; Deep Learning; REST API,14.39902
JOB00766,Full Stack Developer,TechNova,Pune,3-5 years,597898,Full-time,HTML; CSS; JavaScript; React; Node.js; SQL; Git; REST API; Excel; AWS,5.97898
JOB00767,AI/ML Engineer,TechNova,Hyderabad,1-3 years,1218307,Internship,Python; SQL; Pandas; NumPy; Machine Learning; Deep Learning; PyTorch; Git; REST API,12.18307
JOB00768,AI/ML Engineer,DataBridge,Delhi NCR,1-3 years,1693473,Contract,Python; SQL; Pandas; NumPy; Machine Learning; Deep Learning; PyTorch; Git; AWS,16.93473
JOB00769,Software Developer,Aster Labs,Remote,0-1 years,1503420,Full-time,Python; SQL; Git; REST API; HTML; CSS; JavaScript; DSA; Node.js; Statistics,15.0342
JOB00770,AI/ML Engineer,TechNova,Remote,0-1 years,1869169,Full-time,Python; SQL; Pandas; NumPy; Machine Learning; Deep Learning; PyTorch; Git; Networking; Power BI,18.69169
JOB00771,Data Analyst,TechNova,Delhi NCR,0-1 years,2021963,Contract,Python; SQL; Excel; Power BI; Pandas; Statistics; Data Visualization; REST API; Terraform,20.21963
JOB00772,Full Stack Developer,CodeCraft,Delhi NCR,0-1 years,1994144,Internship,HTML; CSS; JavaScript; React; Node.js; SQL; Git; REST API; Terraform; NumPy; Python,19.94144
JOB00773,Data Analyst,DataBridge,Mumbai,3-5 years,389255,Contract,Python; SQL; Excel; Power BI; Pandas; Statistics; Data Visualization; Scikit-learn; Terraform,3.89255
JOB00774,Data Analyst,NextGen Systems,Remote,0-1 years,663115,Contract,Python; SQL; Excel; Power BI; Pandas; Statistics; Data Visualization,6.63115
JOB00775,Data Scientist,InnoByte,Remote,1-3 years,742962,Internship,Python; SQL; Pandas; NumPy; Statistics; Machine Learning; Scikit-learn; Power BI; Networking,7.42962
JOB00776,Data Analyst,CodeCraft,Bengaluru,1-3 years,919371,Full-time,Python; SQL; Excel; Power BI; Pandas; Statistics; Data Visualization,9.19371
JOB00777,Data Analyst,CloudPeak,Bengaluru,1-3 years,984007,Full-time,Python; SQL; Excel; Power BI; Pandas; Statistics; Data Visualization; Linux; Git; React,9.84007
JOB00778,Full Stack Developer,TechNova,Remote,1-3 years,1280661,Internship,HTML; CSS; JavaScript; React; Node.js; SQL; Git; REST API,12.80661
JOB00779,Full Stack Developer,NextGen Systems,Remote,1-3 years,1363914,Full-time,HTML; CSS; JavaScript; React; Node.js; SQL; Git; REST API; NumPy,13.63914
JOB00780,Software Developer,TechNova,Pune,1-3 years,1869534,Internship,Python; SQL; Git; REST API; HTML; CSS; JavaScript; DSA; Linux,18.69534
JOB00781,Cloud Engineer,NextGen Systems,Bengaluru,3-5 years,358619,Internship,Python; Linux; Git; AWS; Azure; Docker; Networking; Terraform,3.58619
JOB00782,Software Developer,NextGen Systems,Bengaluru,3-5 years,566222,Contract,Python; SQL; Git; REST API; HTML; CSS; JavaScript; DSA; React; Azure,5.66222
JOB00783,AI/ML Engineer,DataBridge,Hyderabad,1-3 years,770595,Internship,Python; SQL; Pandas; NumPy; Machine Learning; Deep Learning; PyTorch; Git; Networking,7.70595
JOB00784,Data Analyst,NextGen Systems,Bengaluru,0-1 years,680293,Internship,Python; SQL; Excel; Power BI; Pandas; Statistics; Data Visualization; DSA; JavaScript; Deep Learning,6.80293
JOB00785,Cloud Engineer,Aster Labs,Mumbai,1-3 years,783224,Contract,Python; Linux; Git; AWS; Azure; Docker; Networking; Terraform,7.83224
JOB00786,Full Stack Developer,NextGen Systems,Mumbai,1-3 years,499407,Internship,HTML; CSS; JavaScript; React; Node.js; SQL; Git; REST API; Linux; Docker,4.99407
JOB00787,Data Scientist,TechNova,Pune,3-5 years,622784,Full-time,Python; SQL; Pandas; NumPy; Statistics; Machine Learning; Scikit-learn; Power BI,6.22784
JOB00788,Software Developer,CloudPeak,Delhi NCR,3-5 years,1171909,Internship,Python; SQL; Git; REST API; HTML; CSS; JavaScript; DSA; Azure; Data Visualization; PyTorch,11.71909
JOB00789,AI/ML Engineer,DataBridge,Delhi NCR,3-5 years,2064300,Internship,Python; SQL; Pandas; NumPy; Machine Learning; Deep Learning; PyTorch; Git; Node.js; Linux; Networking,20.643
JOB00790,Software Developer,VisionWorks,Hyderabad,3-5 years,553975,Internship,Python; SQL; Git; REST API; HTML; CSS; JavaScript; DSA; Docker; Data Visualization; React,5.53975
JOB00791,AI/ML Engineer,NextGen Systems,Hyderabad,1-3 years,651406,Full-time,Python; SQL; Pandas; NumPy; Machine Learning; Deep Learning; PyTorch; Git; Scikit-learn; HTML; Statistics,6.51406
JOB00792,AI/ML Engineer,TechNova,Bengaluru,1-3 years,1372375,Full-time,Python; SQL; Pandas; NumPy; Machine Learning; Deep Learning; PyTorch; Git; Networking; React,13.72375
JOB00793,Data Analyst,Aster Labs,Mumbai,3-5 years,1960490,Full-time,Python; SQL; Excel; Power BI; Pandas; Statistics; Data Visualization; PyTorch; Docker; Linux,19.6049
JOB00794,Cloud Engineer,InnoByte,Hyderabad,3-5 years,1200785,Internship,Python; Linux; Git; AWS; Azure; Docker; Networking; Terraform,12.00785
JOB00795,Software Developer,CodeCraft,Chennai,3-5 years,1190573,Full-time,Python; SQL; Git; REST API; HTML; CSS; JavaScript; DSA; Terraform; React,11.90573
JOB00796,Cloud Engineer,InnoByte,Hyderabad,0-1 years,1154921,Internship,Python; Linux; Git; AWS; Azure; Docker; Networking; Terraform; SQL,11.54921
JOB00797,Cloud Engineer,InnoByte,Delhi NCR,3-5 years,712986,Internship,Python; Linux; Git; AWS; Azure; Docker; Networking; Terraform; REST API; Pandas; Machine Learning,7.12986
JOB00798,Data Scientist,VisionWorks,Hyderabad,3-5 years,1591856,Full-time,Python; SQL; Pandas; NumPy; Statistics; Machine Learning; Scikit-learn; Power BI,15.91856
JOB00799,Data Scientist,InnoByte,Mumbai,0-1 years,1201011,Internship,Python; SQL; Pandas; NumPy; Statistics; Machine Learning; Scikit-learn; Power BI; HTML,12.01011
JOB00800,Cloud Engineer,DataBridge,Remote,0-1 years,539861,Internship,Python; Linux; Git; AWS; Azure; Docker; Networking; Terraform; Pandas; SQL; DSA,5.39861
JOB00801,AI/ML Engineer,CloudPeak,Delhi NCR,0-1 years,1937707,Contract,Python; SQL; Pandas; NumPy; Machine Learning; Deep Learning; PyTorch; Git,19.37707
JOB00802,Cloud Engineer,DataBridge,Delhi NCR,1-3 years,760342,Contract,Python; Linux; Git; AWS; Azure; Docker; Networking; Terraform; PyTorch; React,7.60342
JOB00803,Cloud Engineer,TechNova,Mumbai,3-5 years,537249,Contract,Python; Linux; Git; AWS; Azure; Docker; Networking; Terraform; REST API; Power BI,5.37249
JOB00804,Full Stack Developer,TechNova,Bengaluru,3-5 years,1501095,Internship,HTML; CSS; JavaScript; React; Node.js; SQL; Git; REST API; Azure; Pandas,15.01095
JOB00805,Data Analyst,NextGen Systems,Remote,0-1 years,2156167,Full-time,Python; SQL; Excel; Power BI; Pandas; Statistics; Data Visualization,21.56167
JOB00806,Data Scientist,CodeCraft,Mumbai,0-1 years,1150199,Internship,Python; SQL; Pandas; NumPy; Statistics; Machine Learning; Scikit-learn; Power BI; JavaScript; Networking; React,11.50199
JOB00807,Full Stack Developer,Aster Labs,Remote,1-3 years,2118586,Full-time,HTML; CSS; JavaScript; React; Node.js; SQL; Git; REST API; Deep Learning; Excel; Power BI,21.18586
JOB00808,Data Analyst,InnoByte,Delhi NCR,0-1 years,374332,Full-time,Python; SQL; Excel; Power BI; Pandas; Statistics; Data Visualization; Deep Learning,3.74332
JOB00809,AI/ML Engineer,CodeCraft,Remote,1-3 years,637771,Internship,Python; SQL; Pandas; NumPy; Machine Learning; Deep Learning; PyTorch; Git; REST API; Data Visualization; CSS,6.37771
JOB00810,Cloud Engineer,VisionWorks,Pune,1-3 years,1507732,Full-time,Python; Linux; Git; AWS; Azure; Docker; Networking; Terraform; HTML; React; REST API,15.07732
JOB00811,Full Stack Developer,NextGen Systems,Pune,3-5 years,1843444,Internship,HTML; CSS; JavaScript; React; Node.js; SQL; Git; REST API; AWS; Scikit-learn; Linux,18.43444
JOB00812,Data Analyst,VisionWorks,Delhi NCR,1-3 years,429408,Full-time,Python; SQL; Excel; Power BI; Pandas; Statistics; Data Visualization,4.29408
JOB00813,Cloud Engineer,InnoByte,Mumbai,3-5 years,1325042,Full-time,Python; Linux; Git; AWS; Azure; Docker; Networking; Terraform; Data Visualization; Excel; Node.js,13.25042
JOB00814,Full Stack Developer,TechNova,Pune,1-3 years,1070468,Internship,HTML; CSS; JavaScript; React; Node.js; SQL; Git; REST API; DSA; Networking; Azure,10.70468
JOB00815,Data Scientist,NextGen Systems,Hyderabad,0-1 years,2023995,Full-time,Python; SQL; Pandas; NumPy; Statistics; Machine Learning; Scikit-learn; Power BI; Node.js; Linux,20.23995
JOB00816,AI/ML Engineer,VisionWorks,Mumbai,0-1 years,1669737,Internship,Python; SQL; Pandas; NumPy; Machine Learning; Deep Learning; PyTorch; Git; JavaScript; Azure,16.69737
JOB00817,Software Developer,InnoByte,Chennai,3-5 years,1366615,Full-time,Python; SQL; Git; REST API; HTML; CSS; JavaScript; DSA; AWS; Node.js,13.66615
JOB00818,Data Analyst,NextGen Systems,Bengaluru,3-5 years,927172,Full-time,Python; SQL; Excel; Power BI; Pandas; Statistics; Data Visualization; Deep Learning; JavaScript,9.27172
JOB00819,Cloud Engineer,VisionWorks,Hyderabad,0-1 years,1732349,Contract,Python; Linux; Git; AWS; Azure; Docker; Networking; Terraform; Excel,17.32349
JOB00820,AI/ML Engineer,TechNova,Hyderabad,0-1 years,729184,Full-time,Python; SQL; Pandas; NumPy; Machine Learning; Deep Learning; PyTorch; Git; Scikit-learn,7.29184
JOB00821,Cloud Engineer,CodeCraft,Remote,1-3 years,1928654,Full-time,Python; Linux; Git; AWS; Azure; Docker; Networking; Terraform; SQL,19.28654
JOB00822,AI/ML Engineer,NextGen Systems,Remote,0-1 years,463929,Full-time,Python; SQL; Pandas; NumPy; Machine Learning; Deep Learning; PyTorch; Git; Docker; Excel; Node.js,4.63929
JOB00823,Full Stack Developer,DataBridge,Pune,3-5 years,1348802,Internship,HTML; CSS; JavaScript; React; Node.js; SQL; Git; REST API; Power BI; Scikit-learn; Networking,13.48802
JOB00824,Data Scientist,NextGen Systems,Remote,1-3 years,374878,Contract,Python; SQL; Pandas; NumPy; Statistics; Machine Learning; Scikit-learn; Power BI; Git; Data Visualization; Node.js,3.74878
JOB00825,AI/ML Engineer,Aster Labs,Remote,1-3 years,554187,Internship,Python; SQL; Pandas; NumPy; Machine Learning; Deep Learning; PyTorch; Git; Statistics; Azure,5.54187
JOB00826,AI/ML Engineer,InnoByte,Hyderabad,3-5 years,910123,Internship,Python; SQL; Pandas; NumPy; Machine Learning; Deep Learning; PyTorch; Git; Networking; JavaScript,9.10123
JOB00827,Data Scientist,CloudPeak,Hyderabad,3-5 years,1771277,Full-time,Python; SQL; Pandas; NumPy; Statistics; Machine Learning; Scikit-learn; Power BI; Excel; Docker; JavaScript,17.71277
JOB00828,AI/ML Engineer,InnoByte,Bengaluru,1-3 years,2094179,Full-time,Python; SQL; Pandas; NumPy; Machine Learning; Deep Learning; PyTorch; Git,20.94179
JOB00829,Cloud Engineer,VisionWorks,Hyderabad,0-1 years,1787596,Internship,Python; Linux; Git; AWS; Azure; Docker; Networking; Terraform,17.87596
JOB00830,Data Analyst,InnoByte,Bengaluru,3-5 years,399703,Internship,Python; SQL; Excel; Power BI; Pandas; Statistics; Data Visualization; Git; Azure,3.99703
JOB00831,Full Stack Developer,InnoByte,Bengaluru,3-5 years,1834941,Full-time,HTML; CSS; JavaScript; React; Node.js; SQL; Git; REST API,18.34941
JOB00832,Data Scientist,CloudPeak,Hyderabad,1-3 years,1808891,Contract,Python; SQL; Pandas; NumPy; Statistics; Machine Learning; Scikit-learn; Power BI; DSA,18.08891
JOB00833,AI/ML Engineer,VisionWorks,Hyderabad,1-3 years,1689619,Internship,Python; SQL; Pandas; NumPy; Machine Learning; Deep Learning; PyTorch; Git,16.89619
JOB00834,AI/ML Engineer,InnoByte,Hyderabad,0-1 years,1987312,Contract,Python; SQL; Pandas; NumPy; Machine Learning; Deep Learning; PyTorch; Git; JavaScript; Docker,19.87312
JOB00835,Data Scientist,NextGen Systems,Chennai,1-3 years,2054566,Full-time,Python; SQL; Pandas; NumPy; Statistics; Machine Learning; Scikit-learn; Power BI; Azure; Git,20.54566
JOB00836,Data Scientist,VisionWorks,Bengaluru,0-1 years,724220,Internship,Python; SQL; Pandas; NumPy; Statistics; Machine Learning; Scikit-learn; Power BI; Networking,7.2422
JOB00837,Data Scientist,NextGen Systems,Bengaluru,0-1 years,1276063,Full-time,Python; SQL; Pandas; NumPy; Statistics; Machine Learning; Scikit-learn; Power BI; DSA,12.76063
JOB00838,Software Developer,CloudPeak,Delhi NCR,3-5 years,1393755,Full-time,Python; SQL; Git; REST API; HTML; CSS; JavaScript; DSA; React; AWS,13.93755
JOB00839,Software Developer,TechNova,Mumbai,3-5 years,1170679,Contract,Python; SQL; Git; REST API; HTML; CSS; JavaScript; DSA; Networking; Docker; NumPy,11.70679
JOB00840,Data Scientist,CodeCraft,Delhi NCR,1-3 years,356936,Full-time,Python; SQL; Pandas; NumPy; Statistics; Machine Learning; Scikit-learn; Power BI; Networking; CSS; Excel,3.56936
JOB00841,Cloud Engineer,TechNova,Delhi NCR,3-5 years,1190150,Full-time,Python; Linux; Git; AWS; Azure; Docker; Networking; Terraform; Pandas; NumPy,11.9015
JOB00842,Data Analyst,NextGen Systems,Delhi NCR,0-1 years,1944785,Full-time,Python; SQL; Excel; Power BI; Pandas; Statistics; Data Visualization; CSS; PyTorch,19.44785
JOB00843,Cloud Engineer,DataBridge,Hyderabad,3-5 years,1155649,Contract,Python; Linux; Git; AWS; Azure; Docker; Networking; Terraform,11.55649
JOB00844,Software Developer,VisionWorks,Delhi NCR,0-1 years,1677059,Full-time,Python; SQL; Git; REST API; HTML; CSS; JavaScript; DSA; Scikit-learn; Data Visualization,16.77059
JOB00845,Software Developer,DataBridge,Pune,1-3 years,1859402,Full-time,Python; SQL; Git; REST API; HTML; CSS; JavaScript; DSA; AWS,18.59402
JOB00846,Cloud Engineer,TechNova,Hyderabad,0-1 years,384431,Contract,Python; Linux; Git; AWS; Azure; Docker; Networking; Terraform; SQL; React,3.84431
JOB00847,AI/ML Engineer,InnoByte,Chennai,3-5 years,1200411,Internship,Python; SQL; Pandas; NumPy; Machine Learning; Deep Learning; PyTorch; Git,12.00411
JOB00848,Cloud Engineer,TechNova,Delhi NCR,0-1 years,501065,Contract,Python; Linux; Git; AWS; Azure; Docker; Networking; Terraform; Statistics; Excel; Machine Learning,5.01065
JOB00849,AI/ML Engineer,TechNova,Chennai,3-5 years,1338219,Internship,Python; SQL; Pandas; NumPy; Machine Learning; Deep Learning; PyTorch; Git,13.38219
JOB00850,Full Stack Developer,TechNova,Hyderabad,0-1 years,711232,Contract,HTML; CSS; JavaScript; React; Node.js; SQL; Git; REST API,7.11232
JOB00851,Cloud Engineer,InnoByte,Bengaluru,1-3 years,2065051,Internship,Python; Linux; Git; AWS; Azure; Docker; Networking; Terraform; Data Visualization,20.65051
JOB00852,Cloud Engineer,DataBridge,Pune,1-3 years,2037061,Internship,Python; Linux; Git; AWS; Azure; Docker; Networking; Terraform; Data Visualization,20.37061
JOB00853,AI/ML Engineer,DataBridge,Remote,0-1 years,1024422,Internship,Python; SQL; Pandas; NumPy; Machine Learning; Deep Learning; PyTorch; Git; Networking; DSA; Data Visualization,10.24422
JOB00854,Full Stack Developer,CloudPeak,Remote,1-3 years,924396,Full-time,HTML; CSS; JavaScript; React; Node.js; SQL; Git; REST API; DSA; Data Visualization,9.24396
JOB00855,AI/ML Engineer,DataBridge,Mumbai,0-1 years,1269939,Full-time,Python; SQL; Pandas; NumPy; Machine Learning; Deep Learning; PyTorch; Git; Terraform; Docker,12.69939
JOB00856,Software Developer,TechNova,Bengaluru,0-1 years,519287,Full-time,Python; SQL; Git; REST API; HTML; CSS; JavaScript; DSA; Excel; AWS; Scikit-learn,5.19287
JOB00857,AI/ML Engineer,CloudPeak,Chennai,0-1 years,1801980,Internship,Python; SQL; Pandas; NumPy; Machine Learning; Deep Learning; PyTorch; Git; REST API; Scikit-learn,18.0198
JOB00858,Data Analyst,TechNova,Mumbai,0-1 years,1630390,Internship,Python; SQL; Excel; Power BI; Pandas; Statistics; Data Visualization; NumPy; HTML; Docker,16.3039
JOB00859,Data Scientist,NextGen Systems,Hyderabad,1-3 years,1665316,Full-time,Python; SQL; Pandas; NumPy; Statistics; Machine Learning; Scikit-learn; Power BI,16.65316
JOB00860,Cloud Engineer,InnoByte,Mumbai,1-3 years,596431,Internship,Python; Linux; Git; AWS; Azure; Docker; Networking; Terraform; JavaScript,5.96431
JOB00861,Cloud Engineer,DataBridge,Hyderabad,0-1 years,1965501,Full-time,Python; Linux; Git; AWS; Azure; Docker; Networking; Terraform; React,19.65501
JOB00862,Software Developer,CloudPeak,Chennai,3-5 years,1393364,Full-time,Python; SQL; Git; REST API; HTML; CSS; JavaScript; DSA; Scikit-learn,13.93364
JOB00863,Software Developer,NextGen Systems,Hyderabad,3-5 years,1261572,Contract,Python; SQL; Git; REST API; HTML; CSS; JavaScript; DSA; Node.js; Linux,12.61572
JOB00864,Software Developer,TechNova,Mumbai,0-1 years,1902766,Full-time,Python; SQL; Git; REST API; HTML; CSS; JavaScript; DSA,19.02766
JOB00865,Software Developer,VisionWorks,Mumbai,3-5 years,843459,Contract,Python; SQL; Git; REST API; HTML; CSS; JavaScript; DSA; Statistics; Deep Learning; Data Visualization,8.43459
JOB00866,Data Scientist,InnoByte,Hyderabad,0-1 years,832477,Full-time,Python; SQL; Pandas; NumPy; Statistics; Machine Learning; Scikit-learn; Power BI; JavaScript,8.32477
JOB00867,Full Stack Developer,VisionWorks,Mumbai,1-3 years,504202,Full-time,HTML; CSS; JavaScript; React; Node.js; SQL; Git; REST API; Excel; Power BI; Linux,5.04202
JOB00868,Data Scientist,VisionWorks,Chennai,1-3 years,1628074,Contract,Python; SQL; Pandas; NumPy; Statistics; Machine Learning; Scikit-learn; Power BI; Docker,16.28074
JOB00869,Full Stack Developer,Aster Labs,Chennai,0-1 years,774066,Internship,HTML; CSS; JavaScript; React; Node.js; SQL; Git; REST API; Excel; Pandas; Machine Learning,7.74066
JOB00870,Cloud Engineer,CloudPeak,Bengaluru,1-3 years,938469,Contract,Python; Linux; Git; AWS; Azure; Docker; Networking; Terraform,9.38469
JOB00871,Data Scientist,NextGen Systems,Mumbai,0-1 years,811066,Internship,Python; SQL; Pandas; NumPy; Statistics; Machine Learning; Scikit-learn; Power BI; JavaScript,8.11066
JOB00872,Cloud Engineer,DataBridge,Bengaluru,1-3 years,2143073,Internship,Python; Linux; Git; AWS; Azure; Docker; Networking; Terraform; Statistics,21.43073
JOB00873,Data Scientist,VisionWorks,Hyderabad,0-1 years,2105293,Internship,Python; SQL; Pandas; NumPy; Statistics; Machine Learning; Scikit-learn; Power BI; REST API,21.05293
JOB00874,Data Scientist,CodeCraft,Mumbai,0-1 years,1036389,Internship,Python; SQL; Pandas; NumPy; Statistics; Machine Learning; Scikit-learn; Power BI; Excel,10.36389
JOB00875,Full Stack Developer,TechNova,Bengaluru,1-3 years,1226131,Internship,HTML; CSS; JavaScript; React; Node.js; SQL; Git; REST API,12.26131
JOB00876,Cloud Engineer,CodeCraft,Pune,3-5 years,1242752,Full-time,Python; Linux; Git; AWS; Azure; Docker; Networking; Terraform,12.42752
JOB00877,Data Scientist,CodeCraft,Chennai,0-1 years,1803661,Contract,Python; SQL; Pandas; NumPy; Statistics; Machine Learning; Scikit-learn; Power BI; Excel; CSS; AWS,18.03661
JOB00878,Data Analyst,VisionWorks,Delhi NCR,1-3 years,383407,Full-time,Python; SQL; Excel; Power BI; Pandas; Statistics; Data Visualization; CSS,3.83407
JOB00879,AI/ML Engineer,CloudPeak,Remote,3-5 years,1968655,Contract,Python; SQL; Pandas; NumPy; Machine Learning; Deep Learning; PyTorch; Git; AWS; React; Statistics,19.68655
JOB00880,Full Stack Developer,InnoByte,Pune,3-5 years,2154353,Contract,HTML; CSS; JavaScript; React; Node.js; SQL; Git; REST API; Python; AWS,21.54353
JOB00881,Cloud Engineer,CodeCraft,Remote,1-3 years,971994,Internship,Python; Linux; Git; AWS; Azure; Docker; Networking; Terraform,9.71994
JOB00882,Cloud Engineer,Aster Labs,Delhi NCR,0-1 years,1651188,Internship,Python; Linux; Git; AWS; Azure; Docker; Networking; Terraform; Data Visualization,16.51188
JOB00883,AI/ML Engineer,Aster Labs,Pune,3-5 years,1153114,Full-time,Python; SQL; Pandas; NumPy; Machine Learning; Deep Learning; PyTorch; Git; Azure; DSA,11.53114
JOB00884,Data Analyst,InnoByte,Mumbai,3-5 years,1828227,Full-time,Python; SQL; Excel; Power BI; Pandas; Statistics; Data Visualization; Docker; Scikit-learn,18.28227
JOB00885,Full Stack Developer,VisionWorks,Delhi NCR,3-5 years,1711132,Internship,HTML; CSS; JavaScript; React; Node.js; SQL; Git; REST API; Linux; Data Visualization,17.11132
JOB00886,Full Stack Developer,NextGen Systems,Mumbai,3-5 years,1089689,Contract,HTML; CSS; JavaScript; React; Node.js; SQL; Git; REST API; NumPy,10.89689
JOB00887,Data Analyst,Aster Labs,Hyderabad,1-3 years,482894,Contract,Python; SQL; Excel; Power BI; Pandas; Statistics; Data Visualization,4.82894
JOB00888,Cloud Engineer,NextGen Systems,Pune,3-5 years,1336005,Contract,Python; Linux; Git; AWS; Azure; Docker; Networking; Terraform,13.36005
JOB00889,AI/ML Engineer,VisionWorks,Bengaluru,0-1 years,745006,Contract,Python; SQL; Pandas; NumPy; Machine Learning; Deep Learning; PyTorch; Git,7.45006
JOB00890,Full Stack Developer,NextGen Systems,Bengaluru,3-5 years,695539,Full-time,HTML; CSS; JavaScript; React; Node.js; SQL; Git; REST API; DSA; Data Visualization,6.95539
JOB00891,Data Scientist,TechNova,Hyderabad,1-3 years,1441961,Internship,Python; SQL; Pandas; NumPy; Statistics; Machine Learning; Scikit-learn; Power BI; Docker,14.41961
JOB00892,Cloud Engineer,CodeCraft,Pune,3-5 years,1077083,Internship,Python; Linux; Git; AWS; Azure; Docker; Networking; Terraform; SQL,10.77083
JOB00893,Software Developer,DataBridge,Remote,3-5 years,396214,Internship,Python; SQL; Git; REST API; HTML; CSS; JavaScript; DSA; Linux; Data Visualization,3.96214
JOB00894,Data Analyst,VisionWorks,Pune,1-3 years,1369527,Internship,Python; SQL; Excel; Power BI; Pandas; Statistics; Data Visualization; Terraform; Machine Learning; Scikit-learn,13.69527
JOB00895,Full Stack Developer,VisionWorks,Hyderabad,1-3 years,825596,Full-time,HTML; CSS; JavaScript; React; Node.js; SQL; Git; REST API; Docker; Machine Learning,8.25596
JOB00896,Full Stack Developer,CloudPeak,Delhi NCR,3-5 years,698888,Contract,HTML; CSS; JavaScript; React; Node.js; SQL; Git; REST API; Networking; Python,6.98888
JOB00897,Full Stack Developer,DataBridge,Bengaluru,0-1 years,688175,Contract,HTML; CSS; JavaScript; React; Node.js; SQL; Git; REST API; Deep Learning,6.88175
JOB00898,Cloud Engineer,Aster Labs,Chennai,0-1 years,896113,Internship,Python; Linux; Git; AWS; Azure; Docker; Networking; Terraform; React,8.96113
JOB00899,AI/ML Engineer,Aster Labs,Hyderabad,0-1 years,1745766,Contract,Python; SQL; Pandas; NumPy; Machine Learning; Deep Learning; PyTorch; Git,17.45766
JOB00900,Data Scientist,InnoByte,Bengaluru,1-3 years,982416,Contract,Python; SQL; Pandas; NumPy; Statistics; Machine Learning; Scikit-learn; Power BI; Terraform,9.82416
JOB00901,Full Stack Developer,Aster Labs,Delhi NCR,3-5 years,1898736,Contract,HTML; CSS; JavaScript; React; Node.js; SQL; Git; REST API; NumPy; Deep Learning; AWS,18.98736
JOB00902,Data Scientist,InnoByte,Delhi NCR,1-3 years,1060272,Full-time,Python; SQL; Pandas; NumPy; Statistics; Machine Learning; Scikit-learn; Power BI; Data Visualization; PyTorch,10.60272
JOB00903,Full Stack Developer,TechNova,Pune,3-5 years,996095,Full-time,HTML; CSS; JavaScript; React; Node.js; SQL; Git; REST API,9.96095
JOB00904,Data Scientist,DataBridge,Mumbai,3-5 years,465413,Full-time,Python; SQL; Pandas; NumPy; Statistics; Machine Learning; Scikit-learn; Power BI; CSS; JavaScript,4.65413
JOB00905,Data Analyst,VisionWorks,Delhi NCR,3-5 years,525299,Full-time,Python; SQL; Excel; Power BI; Pandas; Statistics; Data Visualization; AWS,5.25299
JOB00906,Cloud Engineer,TechNova,Delhi NCR,1-3 years,1614943,Contract,Python; Linux; Git; AWS; Azure; Docker; Networking; Terraform; JavaScript; SQL; Pandas,16.14943
JOB00907,Full Stack Developer,NextGen Systems,Hyderabad,1-3 years,375565,Contract,HTML; CSS; JavaScript; React; Node.js; SQL; Git; REST API; Pandas; Power BI; Terraform,3.75565
JOB00908,Data Scientist,VisionWorks,Delhi NCR,1-3 years,802345,Contract,Python; SQL; Pandas; NumPy; Statistics; Machine Learning; Scikit-learn; Power BI,8.02345
JOB00909,Data Analyst,CodeCraft,Chennai,3-5 years,1877996,Internship,Python; SQL; Excel; Power BI; Pandas; Statistics; Data Visualization; NumPy,18.77996
JOB00910,Software Developer,VisionWorks,Remote,3-5 years,985921,Contract,Python; SQL; Git; REST API; HTML; CSS; JavaScript; DSA; Linux,9.85921
JOB00911,Software Developer,NextGen Systems,Pune,0-1 years,1689673,Internship,Python; SQL; Git; REST API; HTML; CSS; JavaScript; DSA; Data Visualization; AWS; PyTorch,16.89673
JOB00912,Data Scientist,CodeCraft,Hyderabad,3-5 years,740083,Contract,Python; SQL; Pandas; NumPy; Statistics; Machine Learning; Scikit-learn; Power BI; Docker,7.40083
JOB00913,Software Developer,VisionWorks,Chennai,0-1 years,1522897,Full-time,Python; SQL; Git; REST API; HTML; CSS; JavaScript; DSA; Node.js; Scikit-learn,15.22897
JOB00914,Full Stack Developer,NextGen Systems,Pune,0-1 years,610417,Contract,HTML; CSS; JavaScript; React; Node.js; SQL; Git; REST API; Networking; Scikit-learn,6.10417
JOB00915,AI/ML Engineer,NextGen Systems,Pune,0-1 years,600304,Internship,Python; SQL; Pandas; NumPy; Machine Learning; Deep Learning; PyTorch; Git; AWS,6.00304
JOB00916,AI/ML Engineer,NextGen Systems,Delhi NCR,3-5 years,2171053,Contract,Python; SQL; Pandas; NumPy; Machine Learning; Deep Learning; PyTorch; Git; Scikit-learn; REST API,21.71053
JOB00917,AI/ML Engineer,TechNova,Remote,1-3 years,1132661,Full-time,Python; SQL; Pandas; NumPy; Machine Learning; Deep Learning; PyTorch; Git,11.32661
JOB00918,Cloud Engineer,Aster Labs,Pune,3-5 years,656471,Full-time,Python; Linux; Git; AWS; Azure; Docker; Networking; Terraform,6.56471
JOB00919,Data Analyst,Aster Labs,Pune,3-5 years,921831,Contract,Python; SQL; Excel; Power BI; Pandas; Statistics; Data Visualization; Azure,9.21831
JOB00920,Software Developer,InnoByte,Mumbai,0-1 years,1689967,Internship,Python; SQL; Git; REST API; HTML; CSS; JavaScript; DSA; Node.js; Statistics,16.89967
JOB00921,Full Stack Developer,CloudPeak,Mumbai,1-3 years,1605695,Contract,HTML; CSS; JavaScript; React; Node.js; SQL; Git; REST API,16.05695
JOB00922,AI/ML Engineer,Aster Labs,Remote,0-1 years,550977,Full-time,Python; SQL; Pandas; NumPy; Machine Learning; Deep Learning; PyTorch; Git; JavaScript; Node.js,5.50977
JOB00923,Full Stack Developer,Aster Labs,Chennai,0-1 years,1214015,Full-time,HTML; CSS; JavaScript; React; Node.js; SQL; Git; REST API; Pandas; Scikit-learn,12.14015
JOB00924,Full Stack Developer,InnoByte,Pune,1-3 years,2017459,Full-time,HTML; CSS; JavaScript; React; Node.js; SQL; Git; REST API; Excel,20.17459
JOB00925,Software Developer,Aster Labs,Hyderabad,3-5 years,1355622,Contract,Python; SQL; Git; REST API; HTML; CSS; JavaScript; DSA; AWS,13.55622
JOB00926,Full Stack Developer,NextGen Systems,Bengaluru,3-5 years,1838757,Full-time,HTML; CSS; JavaScript; React; Node.js; SQL; Git; REST API; Statistics; NumPy; Docker,18.38757
JOB00927,Full Stack Developer,DataBridge,Hyderabad,0-1 years,1792939,Full-time,HTML; CSS; JavaScript; React; Node.js; SQL; Git; REST API; Deep Learning,17.92939
JOB00928,Full Stack Developer,InnoByte,Bengaluru,0-1 years,1240880,Contract,HTML; CSS; JavaScript; React; Node.js; SQL; Git; REST API,12.4088
JOB00929,Data Scientist,InnoByte,Bengaluru,3-5 years,761777,Internship,Python; SQL; Pandas; NumPy; Statistics; Machine Learning; Scikit-learn; Power BI,7.61777
JOB00930,Cloud Engineer,InnoByte,Hyderabad,0-1 years,1333736,Full-time,Python; Linux; Git; AWS; Azure; Docker; Networking; Terraform,13.33736
JOB00931,Data Analyst,InnoByte,Remote,0-1 years,1932406,Internship,Python; SQL; Excel; Power BI; Pandas; Statistics; Data Visualization,19.32406
JOB00932,Full Stack Developer,Aster Labs,Bengaluru,0-1 years,1756351,Full-time,HTML; CSS; JavaScript; React; Node.js; SQL; Git; REST API; Docker,17.56351
JOB00933,AI/ML Engineer,DataBridge,Mumbai,3-5 years,686713,Full-time,Python; SQL; Pandas; NumPy; Machine Learning; Deep Learning; PyTorch; Git; Node.js; Terraform,6.86713
JOB00934,Software Developer,DataBridge,Delhi NCR,0-1 years,1459055,Contract,Python; SQL; Git; REST API; HTML; CSS; JavaScript; DSA,14.59055
JOB00935,Full Stack Developer,InnoByte,Chennai,3-5 years,1871167,Internship,HTML; CSS; JavaScript; React; Node.js; SQL; Git; REST API,18.71167
JOB00936,Data Scientist,InnoByte,Chennai,1-3 years,1762485,Contract,Python; SQL; Pandas; NumPy; Statistics; Machine Learning; Scikit-learn; Power BI; Deep Learning; PyTorch,17.62485
JOB00937,Data Scientist,CodeCraft,Bengaluru,1-3 years,827215,Full-time,Python; SQL; Pandas; NumPy; Statistics; Machine Learning; Scikit-learn; Power BI; React,8.27215
JOB00938,Data Scientist,CloudPeak,Pune,1-3 years,1439947,Internship,Python; SQL; Pandas; NumPy; Statistics; Machine Learning; Scikit-learn; Power BI,14.39947
JOB00939,Data Analyst,Aster Labs,Pune,0-1 years,522486,Contract,Python; SQL; Excel; Power BI; Pandas; Statistics; Data Visualization,5.22486
JOB00940,Data Analyst,CodeCraft,Hyderabad,1-3 years,1511645,Full-time,Python; SQL; Excel; Power BI; Pandas; Statistics; Data Visualization; Linux; PyTorch; HTML,15.11645
JOB00941,Software Developer,VisionWorks,Delhi NCR,0-1 years,1763813,Contract,Python; SQL; Git; REST API; HTML; CSS; JavaScript; DSA; Pandas; Excel; AWS,17.63813
JOB00942,Data Scientist,CloudPeak,Pune,1-3 years,600017,Internship,Python; SQL; Pandas; NumPy; Statistics; Machine Learning; Scikit-learn; Power BI,6.00017
JOB00943,Cloud Engineer,CloudPeak,Bengaluru,1-3 years,1904895,Full-time,Python; Linux; Git; AWS; Azure; Docker; Networking; Terraform,19.04895
JOB00944,Data Analyst,DataBridge,Remote,1-3 years,607450,Internship,Python; SQL; Excel; Power BI; Pandas; Statistics; Data Visualization; Node.js,6.0745
JOB00945,Data Scientist,VisionWorks,Delhi NCR,3-5 years,1096790,Contract,Python; SQL; Pandas; NumPy; Statistics; Machine Learning; Scikit-learn; Power BI; Git; Networking,10.9679
JOB00946,Data Scientist,InnoByte,Hyderabad,1-3 years,576569,Contract,Python; SQL; Pandas; NumPy; Statistics; Machine Learning; Scikit-learn; Power BI; Data Visualization; PyTorch,5.76569
JOB00947,Full Stack Developer,TechNova,Remote,0-1 years,558883,Contract,HTML; CSS; JavaScript; React; Node.js; SQL; Git; REST API; AWS,5.58883
JOB00948,AI/ML Engineer,CodeCraft,Mumbai,3-5 years,725590,Contract,Python; SQL; Pandas; NumPy; Machine Learning; Deep Learning; PyTorch; Git,7.2559
JOB00949,Full Stack Developer,VisionWorks,Remote,1-3 years,1736386,Full-time,HTML; CSS; JavaScript; React; Node.js; SQL; Git; REST API; Data Visualization; DSA,17.36386
JOB00950,Data Analyst,Aster Labs,Remote,3-5 years,1487575,Internship,Python; SQL; Excel; Power BI; Pandas; Statistics; Data Visualization; REST API; React; JavaScript,14.87575
JOB00951,Software Developer,InnoByte,Pune,1-3 years,1252627,Contract,Python; SQL; Git; REST API; HTML; CSS; JavaScript; DSA,12.52627
JOB00952,Data Scientist,NextGen Systems,Delhi NCR,0-1 years,720921,Contract,Python; SQL; Pandas; NumPy; Statistics; Machine Learning; Scikit-learn; Power BI; PyTorch; Azure; React,7.20921
JOB00953,Data Scientist,CodeCraft,Pune,0-1 years,1850980,Internship,Python; SQL; Pandas; NumPy; Statistics; Machine Learning; Scikit-learn; Power BI; HTML,18.5098
JOB00954,AI/ML Engineer,CloudPeak,Mumbai,0-1 years,1529135,Contract,Python; SQL; Pandas; NumPy; Machine Learning; Deep Learning; PyTorch; Git; Terraform; Scikit-learn; Statistics,15.29135
JOB00955,Data Analyst,NextGen Systems,Hyderabad,0-1 years,1957405,Full-time,Python; SQL; Excel; Power BI; Pandas; Statistics; Data Visualization; Terraform; Node.js; Networking,19.57405
JOB00956,Cloud Engineer,Aster Labs,Hyderabad,3-5 years,618850,Internship,Python; Linux; Git; AWS; Azure; Docker; Networking; Terraform,6.1885
JOB00957,Software Developer,Aster Labs,Hyderabad,1-3 years,1247891,Contract,Python; SQL; Git; REST API; HTML; CSS; JavaScript; DSA; Power BI; Deep Learning,12.47891
JOB00958,Software Developer,NextGen Systems,Mumbai,0-1 years,842038,Internship,Python; SQL; Git; REST API; HTML; CSS; JavaScript; DSA; Machine Learning,8.42038
JOB00959,Software Developer,TechNova,Mumbai,1-3 years,706052,Full-time,Python; SQL; Git; REST API; HTML; CSS; JavaScript; DSA; Deep Learning; NumPy,7.06052
JOB00960,Data Scientist,VisionWorks,Mumbai,0-1 years,392786,Contract,Python; SQL; Pandas; NumPy; Statistics; Machine Learning; Scikit-learn; Power BI; React; Node.js; Git,3.92786
JOB00961,Data Scientist,DataBridge,Hyderabad,1-3 years,559834,Internship,Python; SQL; Pandas; NumPy; Statistics; Machine Learning; Scikit-learn; Power BI; JavaScript; DSA; REST API,5.59834
JOB00962,AI/ML Engineer,CodeCraft,Chennai,1-3 years,1111967,Internship,Python; SQL; Pandas; NumPy; Machine Learning; Deep Learning; PyTorch; Git; Docker; Linux,11.11967
JOB00963,Software Developer,TechNova,Hyderabad,3-5 years,906070,Contract,Python; SQL; Git; REST API; HTML; CSS; JavaScript; DSA; Node.js,9.0607
JOB00964,Full Stack Developer,InnoByte,Mumbai,1-3 years,1855140,Contract,HTML; CSS; JavaScript; React; Node.js; SQL; Git; REST API,18.5514
JOB00965,Software Developer,InnoByte,Delhi NCR,1-3 years,2018602,Internship,Python; SQL; Git; REST API; HTML; CSS; JavaScript; DSA; PyTorch; Linux; Pandas,20.18602
JOB00966,Data Analyst,CodeCraft,Hyderabad,3-5 years,1218879,Internship,Python; SQL; Excel; Power BI; Pandas; Statistics; Data Visualization; Scikit-learn; Machine Learning; Git,12.18879
JOB00967,Data Scientist,CloudPeak,Mumbai,1-3 years,1666684,Full-time,Python; SQL; Pandas; NumPy; Statistics; Machine Learning; Scikit-learn; Power BI; AWS,16.66684
JOB00968,AI/ML Engineer,DataBridge,Hyderabad,1-3 years,1445278,Full-time,Python; SQL; Pandas; NumPy; Machine Learning; Deep Learning; PyTorch; Git; JavaScript; REST API; Azure,14.45278
JOB00969,Full Stack Developer,CodeCraft,Pune,1-3 years,2120252,Full-time,HTML; CSS; JavaScript; React; Node.js; SQL; Git; REST API; Networking,21.20252
JOB00970,AI/ML Engineer,NextGen Systems,Delhi NCR,0-1 years,909802,Contract,Python; SQL; Pandas; NumPy; Machine Learning; Deep Learning; PyTorch; Git; REST API,9.09802
JOB00971,AI/ML Engineer,InnoByte,Chennai,0-1 years,850135,Full-time,Python; SQL; Pandas; NumPy; Machine Learning; Deep Learning; PyTorch; Git; Power BI,8.50135
JOB00972,Full Stack Developer,CodeCraft,Pune,3-5 years,1524038,Full-time,HTML; CSS; JavaScript; React; Node.js; SQL; Git; REST API; Python; Scikit-learn,15.24038
JOB00973,Full Stack Developer,TechNova,Hyderabad,1-3 years,636115,Internship,HTML; CSS; JavaScript; React; Node.js; SQL; Git; REST API; Machine Learning,6.36115
JOB00974,Cloud Engineer,VisionWorks,Remote,0-1 years,1865137,Full-time,Python; Linux; Git; AWS; Azure; Docker; Networking; Terraform; DSA,18.65137
JOB00975,Software Developer,Aster Labs,Delhi NCR,3-5 years,1203555,Full-time,Python; SQL; Git; REST API; HTML; CSS; JavaScript; DSA; Node.js; Data Visualization,12.03555
JOB00976,Data Scientist,InnoByte,Mumbai,3-5 years,584739,Internship,Python; SQL; Pandas; NumPy; Statistics; Machine Learning; Scikit-learn; Power BI; Excel,5.84739
JOB00977,Cloud Engineer,InnoByte,Remote,1-3 years,849283,Contract,Python; Linux; Git; AWS; Azure; Docker; Networking; Terraform; SQL; Data Visualization,8.49283
JOB00978,Cloud Engineer,InnoByte,Chennai,0-1 years,652572,Contract,Python; Linux; Git; AWS; Azure; Docker; Networking; Terraform; Machine Learning; REST API; JavaScript,6.52572
JOB00979,Data Scientist,Aster Labs,Delhi NCR,0-1 years,1468767,Contract,Python; SQL; Pandas; NumPy; Statistics; Machine Learning; Scikit-learn; Power BI; Git; Azure; REST API,14.68767
JOB00980,Cloud Engineer,CloudPeak,Hyderabad,1-3 years,2194305,Internship,Python; Linux; Git; AWS; Azure; Docker; Networking; Terraform; SQL; Machine Learning; Node.js,21.94305
JOB00981,Data Analyst,TechNova,Delhi NCR,3-5 years,2114696,Full-time,Python; SQL; Excel; Power BI; Pandas; Statistics; Data Visualization; AWS; Azure,21.14696
JOB00982,Data Analyst,DataBridge,Remote,1-3 years,1471789,Contract,Python; SQL; Excel; Power BI; Pandas; Statistics; Data Visualization; Linux; Networking; DSA,14.71789
JOB00983,Software Developer,DataBridge,Hyderabad,0-1 years,2075343,Full-time,Python; SQL; Git; REST API; HTML; CSS; JavaScript; DSA; Networking; Node.js; Data Visualization,20.75343
JOB00984,Data Scientist,InnoByte,Remote,1-3 years,924696,Contract,Python; SQL; Pandas; NumPy; Statistics; Machine Learning; Scikit-learn; Power BI; Node.js; Azure,9.24696
JOB00985,AI/ML Engineer,CloudPeak,Delhi NCR,1-3 years,2078893,Internship,Python; SQL; Pandas; NumPy; Machine Learning; Deep Learning; PyTorch; Git; Networking; REST API; DSA,20.78893
JOB00986,Software Developer,TechNova,Remote,0-1 years,1300558,Internship,Python; SQL; Git; REST API; HTML; CSS; JavaScript; DSA; PyTorch; NumPy,13.00558
JOB00987,AI/ML Engineer,CloudPeak,Bengaluru,1-3 years,2008887,Full-time,Python; SQL; Pandas; NumPy; Machine Learning; Deep Learning; PyTorch; Git; React,20.08887
JOB00988,AI/ML Engineer,CloudPeak,Chennai,3-5 years,582423,Internship,Python; SQL; Pandas; NumPy; Machine Learning; Deep Learning; PyTorch; Git; Networking; CSS,5.82423
JOB00989,AI/ML Engineer,Aster Labs,Pune,1-3 years,2012291,Internship,Python; SQL; Pandas; NumPy; Machine Learning; Deep Learning; PyTorch; Git; REST API,20.12291
JOB00990,Full Stack Developer,NextGen Systems,Chennai,0-1 years,2026733,Contract,HTML; CSS; JavaScript; React; Node.js; SQL; Git; REST API; Docker; NumPy,20.26733
JOB00991,Data Analyst,CodeCraft,Remote,3-5 years,2187923,Full-time,Python; SQL; Excel; Power BI; Pandas; Statistics; Data Visualization; Node.js,21.87923
JOB00992,Software Developer,DataBridge,Bengaluru,1-3 years,1521322,Full-time,Python; SQL; Git; REST API; HTML; CSS; JavaScript; DSA,15.21322
JOB00993,Data Analyst,CodeCraft,Mumbai,1-3 years,1191031,Full-time,Python; SQL; Excel; Power BI; Pandas; Statistics; Data Visualization; Azure,11.91031
JOB00994,Software Developer,CodeCraft,Remote,1-3 years,379601,Internship,Python; SQL; Git; REST API; HTML; CSS; JavaScript; DSA; Excel; Deep Learning,3.79601
JOB00995,Data Scientist,DataBridge,Chennai,1-3 years,820776,Contract,Python; SQL; Pandas; NumPy; Statistics; Machine Learning; Scikit-learn; Power BI,8.20776
JOB00996,AI/ML Engineer,DataBridge,Mumbai,0-1 years,2145870,Contract,Python; SQL; Pandas; NumPy; Machine Learning; Deep Learning; PyTorch; Git; Power BI; Data Visualization; REST API,21.4587
JOB00997,AI/ML Engineer,CodeCraft,Remote,0-1 years,728263,Full-time,Python; SQL; Pandas; NumPy; Machine Learning; Deep Learning; PyTorch; Git; REST API,7.28263
JOB00998,Data Analyst,Aster Labs,Mumbai,3-5 years,870760,Internship,Python; SQL; Excel; Power BI; Pandas; Statistics; Data Visualization; HTML; PyTorch,8.7076
JOB00999,Data Scientist,VisionWorks,Chennai,1-3 years,371643,Internship,Python; SQL; Pandas; NumPy; Statistics; Machine Learning; Scikit-learn; Power BI,3.71643
JOB01000,Data Scientist,CodeCraft,Delhi NCR,3-5 years,1835733,Contract,Python; SQL; Pandas; NumPy; Statistics; Machine Learning; Scikit-learn; Power BI; Networking,18.35733
JOB01001,Software Developer,TechNova,Bengaluru,1-3 years,1518113,Full-time,Python; SQL; Git; REST API; HTML; CSS; JavaScript; DSA,15.18113
JOB01002,Data Scientist,CodeCraft,Hyderabad,1-3 years,881957,Internship,Python; SQL; Pandas; NumPy; Statistics; Machine Learning; Scikit-learn; Power BI; Azure; AWS,8.81957
JOB01003,Data Analyst,CloudPeak,Hyderabad,0-1 years,436245,Internship,Python; SQL; Excel; Power BI; Pandas; Statistics; Data Visualization; Scikit-learn,4.36245
JOB01004,Data Scientist,Aster Labs,Delhi NCR,3-5 years,538005,Contract,Python; SQL; Pandas; NumPy; Statistics; Machine Learning; Scikit-learn; Power BI; PyTorch; Data Visualization,5.38005
JOB01005,Full Stack Developer,CloudPeak,Pune,1-3 years,442614,Internship,HTML; CSS; JavaScript; React; Node.js; SQL; Git; REST API; Data Visualization; NumPy,4.42614
JOB01006,Data Analyst,Aster Labs,Pune,0-1 years,1434170,Contract,Python; SQL; Excel; Power BI; Pandas; Statistics; Data Visualization; Linux; JavaScript; Scikit-learn,14.3417
JOB01007,AI/ML Engineer,CloudPeak,Bengaluru,0-1 years,746193,Full-time,Python; SQL; Pandas; NumPy; Machine Learning; Deep Learning; PyTorch; Git; Data Visualization; React; Azure,7.46193
JOB01008,Software Developer,InnoByte,Pune,0-1 years,1265259,Contract,Python; SQL; Git; REST API; HTML; CSS; JavaScript; DSA; Networking; Excel; React,12.65259
JOB01009,Data Analyst,CloudPeak,Bengaluru,1-3 years,2123851,Full-time,Python; SQL; Excel; Power BI; Pandas; Statistics; Data Visualization; PyTorch; REST API; DSA,21.23851
JOB01010,Full Stack Developer,NextGen Systems,Mumbai,3-5 years,1922731,Internship,HTML; CSS; JavaScript; React; Node.js; SQL; Git; REST API; Docker; Terraform,19.22731
JOB01011,Full Stack Developer,CloudPeak,Pune,0-1 years,1453134,Full-time,HTML; CSS; JavaScript; React; Node.js; SQL; Git; REST API,14.53134
JOB01012,Data Scientist,TechNova,Hyderabad,3-5 years,1039245,Internship,Python; SQL; Pandas; NumPy; Statistics; Machine Learning; Scikit-learn; Power BI,10.39245
JOB01013,Software Developer,TechNova,Bengaluru,1-3 years,672490,Internship,Python; SQL; Git; REST API; HTML; CSS; JavaScript; DSA; Pandas; Deep Learning; NumPy,6.7249
JOB01014,AI/ML Engineer,TechNova,Delhi NCR,3-5 years,1040858,Contract,Python; SQL; Pandas; NumPy; Machine Learning; Deep Learning; PyTorch; Git; React; JavaScript; AWS,10.40858
JOB01015,Data Analyst,TechNova,Remote,3-5 years,2160426,Contract,Python; SQL; Excel; Power BI; Pandas; Statistics; Data Visualization; Git,21.60426
JOB01016,Data Analyst,InnoByte,Mumbai,3-5 years,1909861,Contract,Python; SQL; Excel; Power BI; Pandas; Statistics; Data Visualization,19.09861
JOB01017,Software Developer,CodeCraft,Bengaluru,0-1 years,1966647,Full-time,Python; SQL; Git; REST API; HTML; CSS; JavaScript; DSA; Networking; Excel; Machine Learning,19.66647
JOB01018,Full Stack Developer,NextGen Systems,Pune,1-3 years,602920,Internship,HTML; CSS; JavaScript; React; Node.js; SQL; Git; REST API; Power BI; Networking; Deep Learning,6.0292
JOB01019,Data Analyst,InnoByte,Remote,1-3 years,1745697,Internship,Python; SQL; Excel; Power BI; Pandas; Statistics; Data Visualization; Networking,17.45697
JOB01020,Full Stack Developer,CodeCraft,Bengaluru,1-3 years,913042,Contract,HTML; CSS; JavaScript; React; Node.js; SQL; Git; REST API; Python; Power BI; Scikit-learn,9.13042
JOB01021,Cloud Engineer,CodeCraft,Bengaluru,0-1 years,1672644,Internship,Python; Linux; Git; AWS; Azure; Docker; Networking; Terraform; REST API,16.72644
JOB01022,Data Analyst,InnoByte,Hyderabad,1-3 years,1455783,Contract,Python; SQL; Excel; Power BI; Pandas; Statistics; Data Visualization; HTML; Deep Learning; REST API,14.55783
JOB01023,Software Developer,NextGen Systems,Remote,0-1 years,1785110,Internship,Python; SQL; Git; REST API; HTML; CSS; JavaScript; DSA; Node.js; Docker; Statistics,17.8511
JOB01024,Data Scientist,InnoByte,Mumbai,1-3 years,444570,Contract,Python; SQL; Pandas; NumPy; Statistics; Machine Learning; Scikit-learn; Power BI; Azure; CSS,4.4457
JOB01025,Software Developer,InnoByte,Remote,3-5 years,1578024,Full-time,Python; SQL; Git; REST API; HTML; CSS; JavaScript; DSA; Networking; Pandas; Terraform,15.78024
JOB01026,Software Developer,InnoByte,Pune,3-5 years,444914,Contract,Python; SQL; Git; REST API; HTML; CSS; JavaScript; DSA; Excel; Terraform; Power BI,4.44914
JOB01027,Data Analyst,CloudPeak,Chennai,0-1 years,2177342,Full-time,Python; SQL; Excel; Power BI; Pandas; Statistics; Data Visualization; PyTorch; JavaScript; Machine Learning,21.77342
JOB01028,AI/ML Engineer,TechNova,Bengaluru,1-3 years,1470667,Full-time,Python; SQL; Pandas; NumPy; Machine Learning; Deep Learning; PyTorch; Git; DSA; REST API,14.70667
JOB01029,Software Developer,CodeCraft,Remote,3-5 years,1315031,Internship,Python; SQL; Git; REST API; HTML; CSS; JavaScript; DSA; Scikit-learn,13.15031
JOB01030,Cloud Engineer,NextGen Systems,Bengaluru,0-1 years,2037453,Full-time,Python; Linux; Git; AWS; Azure; Docker; Networking; Terraform; NumPy; Power BI; PyTorch,20.37453
JOB01031,Software Developer,TechNova,Delhi NCR,0-1 years,2061209,Full-time,Python; SQL; Git; REST API; HTML; CSS; JavaScript; DSA; Deep Learning,20.61209
JOB01032,Full Stack Developer,DataBridge,Bengaluru,1-3 years,2115990,Contract,HTML; CSS; JavaScript; React; Node.js; SQL; Git; REST API; Deep Learning; Linux; PyTorch,21.1599
JOB01033,Full Stack Developer,CloudPeak,Delhi NCR,3-5 years,698348,Contract,HTML; CSS; JavaScript; React; Node.js; SQL; Git; REST API; PyTorch; AWS; Data Visualization,6.98348
JOB01034,Data Scientist,NextGen Systems,Mumbai,1-3 years,772237,Full-time,Python; SQL; Pandas; NumPy; Statistics; Machine Learning; Scikit-learn; Power BI; AWS; PyTorch; Excel,7.72237
JOB01035,Data Analyst,CodeCraft,Pune,1-3 years,565301,Internship,Python; SQL; Excel; Power BI; Pandas; Statistics; Data Visualization,5.65301
JOB01036,Cloud Engineer,VisionWorks,Mumbai,3-5 years,1188190,Internship,Python; Linux; Git; AWS; Azure; Docker; Networking; Terraform; DSA; SQL,11.8819
JOB01037,Cloud Engineer,Aster Labs,Mumbai,0-1 years,1235007,Contract,Python; Linux; Git; AWS; Azure; Docker; Networking; Terraform; Machine Learning; DSA; CSS,12.35007
JOB01038,AI/ML Engineer,Aster Labs,Pune,3-5 years,1655889,Contract,Python; SQL; Pandas; NumPy; Machine Learning; Deep Learning; PyTorch; Git; Scikit-learn; DSA; Terraform,16.55889
JOB01039,Software Developer,DataBridge,Pune,1-3 years,1872970,Contract,Python; SQL; Git; REST API; HTML; CSS; JavaScript; DSA; Node.js,18.7297
JOB01040,Full Stack Developer,VisionWorks,Chennai,1-3 years,1612695,Internship,HTML; CSS; JavaScript; React; Node.js; SQL; Git; REST API; NumPy,16.12695
JOB01041,AI/ML Engineer,CloudPeak,Mumbai,0-1 years,2027207,Contract,Python; SQL; Pandas; NumPy; Machine Learning; Deep Learning; PyTorch; Git; REST API; Node.js; Scikit-learn,20.27207
JOB01042,AI/ML Engineer,VisionWorks,Chennai,0-1 years,1748918,Full-time,Python; SQL; Pandas; NumPy; Machine Learning; Deep Learning; PyTorch; Git,17.48918
JOB01043,Full Stack Developer,DataBridge,Chennai,3-5 years,986804,Full-time,HTML; CSS; JavaScript; React; Node.js; SQL; Git; REST API; Data Visualization; PyTorch; Scikit-learn,9.86804
JOB01044,Software Developer,CloudPeak,Chennai,3-5 years,1769620,Full-time,Python; SQL; Git; REST API; HTML; CSS; JavaScript; DSA; Networking; Pandas,17.6962
JOB01045,Software Developer,DataBridge,Bengaluru,3-5 years,1645123,Full-time,Python; SQL; Git; REST API; HTML; CSS; JavaScript; DSA; PyTorch; Deep Learning,16.45123
JOB01046,Data Scientist,TechNova,Remote,3-5 years,1963494,Contract,Python; SQL; Pandas; NumPy; Statistics; Machine Learning; Scikit-learn; Power BI; JavaScript; Linux,19.63494
JOB01047,Full Stack Developer,TechNova,Pune,1-3 years,1831438,Full-time,HTML; CSS; JavaScript; React; Node.js; SQL; Git; REST API,18.31438
JOB01048,Software Developer,TechNova,Mumbai,0-1 years,2077235,Full-time,Python; SQL; Git; REST API; HTML; CSS; JavaScript; DSA,20.77235
JOB01049,AI/ML Engineer,DataBridge,Hyderabad,0-1 years,2176345,Internship,Python; SQL; Pandas; NumPy; Machine Learning; Deep Learning; PyTorch; Git,21.76345
JOB01050,Data Analyst,Aster Labs,Hyderabad,0-1 years,673581,Full-time,Python; SQL; Excel; Power BI; Pandas; Statistics; Data Visualization; React; REST API; DSA,6.73581
JOB01051,Full Stack Developer,VisionWorks,Hyderabad,1-3 years,2100730,Internship,HTML; CSS; JavaScript; React; Node.js; SQL; Git; REST API; PyTorch; AWS; Linux,21.0073
JOB01052,Full Stack Developer,Aster Labs,Delhi NCR,1-3 years,907875,Contract,HTML; CSS; JavaScript; React; Node.js; SQL; Git; REST API,9.07875
JOB01053,AI/ML Engineer,CodeCraft,Remote,0-1 years,1929588,Full-time,Python; SQL; Pandas; NumPy; Machine Learning; Deep Learning; PyTorch; Git; Data Visualization,19.29588
JOB01054,Data Scientist,VisionWorks,Chennai,0-1 years,412417,Internship,Python; SQL; Pandas; NumPy; Statistics; Machine Learning; Scikit-learn; Power BI; Node.js; PyTorch; Linux,4.12417
JOB01055,Cloud Engineer,Aster Labs,Hyderabad,1-3 years,527792,Full-time,Python; Linux; Git; AWS; Azure; Docker; Networking; Terraform,5.27792
JOB01056,Data Scientist,TechNova,Delhi NCR,3-5 years,1174739,Full-time,Python; SQL; Pandas; NumPy; Statistics; Machine Learning; Scikit-learn; Power BI,11.74739
JOB01057,Cloud Engineer,NextGen Systems,Pune,1-3 years,1674577,Internship,Python; Linux; Git; AWS; Azure; Docker; Networking; Terraform,16.74577
JOB01058,AI/ML Engineer,NextGen Systems,Mumbai,3-5 years,366572,Full-time,Python; SQL; Pandas; NumPy; Machine Learning; Deep Learning; PyTorch; Git; Networking; Node.js,3.66572
JOB01059,AI/ML Engineer,Aster Labs,Remote,3-5 years,1812702,Contract,Python; SQL; Pandas; NumPy; Machine Learning; Deep Learning; PyTorch; Git; React; Excel; Terraform,18.12702
JOB01060,Full Stack Developer,Aster Labs,Pune,3-5 years,1477079,Internship,HTML; CSS; JavaScript; React; Node.js; SQL; Git; REST API; DSA; Azure,14.77079
JOB01061,AI/ML Engineer,NextGen Systems,Chennai,0-1 years,1484119,Internship,Python; SQL; Pandas; NumPy; Machine Learning; Deep Learning; PyTorch; Git; Statistics,14.84119
JOB01062,Cloud Engineer,CloudPeak,Bengaluru,0-1 years,1937641,Internship,Python; Linux; Git; AWS; Azure; Docker; Networking; Terraform; Scikit-learn; Pandas,19.37641
JOB01063,Cloud Engineer,CodeCraft,Mumbai,0-1 years,1873600,Internship,Python; Linux; Git; AWS; Azure; Docker; Networking; Terraform; Machine Learning; NumPy,18.736
JOB01064,Software Developer,InnoByte,Bengaluru,3-5 years,1093384,Full-time,Python; SQL; Git; REST API; HTML; CSS; JavaScript; DSA; Networking; Statistics,10.93384
JOB01065,Data Scientist,DataBridge,Remote,3-5 years,1060893,Internship,Python; SQL; Pandas; NumPy; Statistics; Machine Learning; Scikit-learn; Power BI; AWS; PyTorch,10.60893
JOB01066,Cloud Engineer,NextGen Systems,Delhi NCR,3-5 years,977471,Internship,Python; Linux; Git; AWS; Azure; Docker; Networking; Terraform; Power BI,9.77471
JOB01067,AI/ML Engineer,DataBridge,Bengaluru,1-3 years,1439819,Internship,Python; SQL; Pandas; NumPy; Machine Learning; Deep Learning; PyTorch; Git; Power BI,14.39819
JOB01068,Cloud Engineer,InnoByte,Chennai,3-5 years,1302756,Contract,Python; Linux; Git; AWS; Azure; Docker; Networking; Terraform; Power BI,13.02756
JOB01069,Data Scientist,TechNova,Pune,0-1 years,543459,Contract,Python; SQL; Pandas; NumPy; Statistics; Machine Learning; Scikit-learn; Power BI,5.43459
JOB01070,Full Stack Developer,CodeCraft,Remote,1-3 years,1583627,Internship,HTML; CSS; JavaScript; React; Node.js; SQL; Git; REST API; DSA; Pandas; Power BI,15.83627
JOB01071,Data Scientist,CloudPeak,Chennai,3-5 years,2077658,Full-time,Python; SQL; Pandas; NumPy; Statistics; Machine Learning; Scikit-learn; Power BI; PyTorch; REST API; Node.js,20.77658
JOB01072,Data Scientist,DataBridge,Pune,1-3 years,1806410,Full-time,Python; SQL; Pandas; NumPy; Statistics; Machine Learning; Scikit-learn; Power BI; Data Visualization; React; DSA,18.0641
JOB01073,AI/ML Engineer,InnoByte,Mumbai,1-3 years,1124545,Full-time,Python; SQL; Pandas; NumPy; Machine Learning; Deep Learning; PyTorch; Git; Terraform,11.24545
JOB01074,Software Developer,CloudPeak,Bengaluru,1-3 years,1446343,Contract,Python; SQL; Git; REST API; HTML; CSS; JavaScript; DSA; Node.js; Azure,14.46343
JOB01075,Data Analyst,CloudPeak,Chennai,3-5 years,408673,Contract,Python; SQL; Excel; Power BI; Pandas; Statistics; Data Visualization; Linux; REST API,4.08673
JOB01076,Software Developer,VisionWorks,Bengaluru,0-1 years,733940,Internship,Python; SQL; Git; REST API; HTML; CSS; JavaScript; DSA; Node.js; Linux,7.3394
JOB01077,Data Analyst,TechNova,Pune,1-3 years,2175416,Internship,Python; SQL; Excel; Power BI; Pandas; Statistics; Data Visualization,21.75416
JOB01078,Data Analyst,CloudPeak,Remote,0-1 years,2099989,Internship,Python; SQL; Excel; Power BI; Pandas; Statistics; Data Visualization; Machine Learning; Node.js; REST API,20.99989
JOB01079,AI/ML Engineer,Aster Labs,Bengaluru,3-5 years,2166858,Internship,Python; SQL; Pandas; NumPy; Machine Learning; Deep Learning; PyTorch; Git; React; Terraform; Data Visualization,21.66858
JOB01080,Cloud Engineer,TechNova,Delhi NCR,1-3 years,1060930,Internship,Python; Linux; Git; AWS; Azure; Docker; Networking; Terraform; PyTorch; Machine Learning; Statistics,10.6093
JOB01081,Data Analyst,CloudPeak,Delhi NCR,0-1 years,2166036,Internship,Python; SQL; Excel; Power BI; Pandas; Statistics; Data Visualization,21.66036
JOB01082,AI/ML Engineer,InnoByte,Chennai,3-5 years,1700385,Internship,Python; SQL; Pandas; NumPy; Machine Learning; Deep Learning; PyTorch; Git; Terraform; DSA,17.00385
JOB01083,Cloud Engineer,DataBridge,Remote,1-3 years,1545889,Internship,Python; Linux; Git; AWS; Azure; Docker; Networking; Terraform,15.45889
JOB01084,Software Developer,CloudPeak,Bengaluru,1-3 years,1730459,Full-time,Python; SQL; Git; REST API; HTML; CSS; JavaScript; DSA,17.30459
JOB01085,Full Stack Developer,TechNova,Pune,0-1 years,1584998,Contract,HTML; CSS; JavaScript; React; Node.js; SQL; Git; REST API; DSA; NumPy; Power BI,15.84998
JOB01086,Data Scientist,Aster Labs,Pune,1-3 years,400451,Full-time,Python; SQL; Pandas; NumPy; Statistics; Machine Learning; Scikit-learn; Power BI; Node.js,4.00451
JOB01087,Software Developer,CloudPeak,Hyderabad,0-1 years,1486193,Full-time,Python; SQL; Git; REST API; HTML; CSS; JavaScript; DSA,14.86193
JOB01088,Data Analyst,NextGen Systems,Pune,3-5 years,673438,Full-time,Python; SQL; Excel; Power BI; Pandas; Statistics; Data Visualization,6.73438
JOB01089,Software Developer,TechNova,Hyderabad,1-3 years,1845899,Full-time,Python; SQL; Git; REST API; HTML; CSS; JavaScript; DSA; Excel; AWS,18.45899
JOB01090,Data Analyst,NextGen Systems,Pune,0-1 years,1029933,Full-time,Python; SQL; Excel; Power BI; Pandas; Statistics; Data Visualization; NumPy,10.29933
JOB01091,Full Stack Developer,CodeCraft,Bengaluru,1-3 years,1383852,Full-time,HTML; CSS; JavaScript; React; Node.js; SQL; Git; REST API; Linux,13.83852
JOB01092,Data Analyst,TechNova,Pune,3-5 years,1365381,Full-time,Python; SQL; Excel; Power BI; Pandas; Statistics; Data Visualization; Scikit-learn; NumPy; CSS,13.65381
JOB01093,Software Developer,CloudPeak,Hyderabad,3-5 years,866562,Contract,Python; SQL; Git; REST API; HTML; CSS; JavaScript; DSA; Terraform; Deep Learning,8.66562
JOB01094,Data Scientist,DataBridge,Remote,0-1 years,2124773,Contract,Python; SQL; Pandas; NumPy; Statistics; Machine Learning; Scikit-learn; Power BI,21.24773
JOB01095,Cloud Engineer,CodeCraft,Mumbai,1-3 years,1477293,Full-time,Python; Linux; Git; AWS; Azure; Docker; Networking; Terraform; Machine Learning,14.77293
JOB01096,Software Developer,VisionWorks,Hyderabad,3-5 years,476196,Contract,Python; SQL; Git; REST API; HTML; CSS; JavaScript; DSA; Node.js; Excel; AWS,4.76196
JOB01097,AI/ML Engineer,CloudPeak,Delhi NCR,3-5 years,445388,Internship,Python; SQL; Pandas; NumPy; Machine Learning; Deep Learning; PyTorch; Git; Node.js; Excel; Linux,4.45388
JOB01098,Software Developer,InnoByte,Remote,0-1 years,1814712,Internship,Python; SQL; Git; REST API; HTML; CSS; JavaScript; DSA; Data Visualization; Power BI,18.14712
JOB01099,Cloud Engineer,Aster Labs,Delhi NCR,1-3 years,1630196,Internship,Python; Linux; Git; AWS; Azure; Docker; Networking; Terraform; REST API; JavaScript,16.30196
JOB01100,Data Analyst,DataBridge,Pune,3-5 years,1066449,Contract,Python; SQL; Excel; Power BI; Pandas; Statistics; Data Visualization; JavaScript; HTML; Machine Learning,10.66449
JOB01101,Software Developer,VisionWorks,Bengaluru,0-1 years,1626718,Internship,Python; SQL; Git; REST API; HTML; CSS; JavaScript; DSA; AWS,16.26718
JOB01102,Full Stack Developer,InnoByte,Remote,3-5 years,1478543,Internship,HTML; CSS; JavaScript; React; Node.js; SQL; Git; REST API; Terraform; Scikit-learn; Power BI,14.78543
JOB01103,Software Developer,VisionWorks,Delhi NCR,0-1 years,2095006,Contract,Python; SQL; Git; REST API; HTML; CSS; JavaScript; DSA,20.95006
JOB01104,Data Scientist,TechNova,Bengaluru,1-3 years,2109816,Contract,Python; SQL; Pandas; NumPy; Statistics; Machine Learning; Scikit-learn; Power BI; Networking; Deep Learning,21.09816
JOB01105,Full Stack Developer,NextGen Systems,Delhi NCR,3-5 years,1940524,Contract,HTML; CSS; JavaScript; React; Node.js; SQL; Git; REST API; AWS; Linux; Terraform,19.40524
JOB01106,Full Stack Developer,NextGen Systems,Remote,3-5 years,2061864,Full-time,HTML; CSS; JavaScript; React; Node.js; SQL; Git; REST API,20.61864
JOB01107,Full Stack Developer,DataBridge,Bengaluru,0-1 years,1383555,Internship,HTML; CSS; JavaScript; React; Node.js; SQL; Git; REST API; Pandas; Azure; Machine Learning,13.83555
JOB01108,Data Scientist,NextGen Systems,Mumbai,3-5 years,2174346,Contract,Python; SQL; Pandas; NumPy; Statistics; Machine Learning; Scikit-learn; Power BI,21.74346
JOB01109,Full Stack Developer,CloudPeak,Delhi NCR,0-1 years,487071,Full-time,HTML; CSS; JavaScript; React; Node.js; SQL; Git; REST API; Docker,4.87071
JOB01110,Data Analyst,NextGen Systems,Chennai,3-5 years,1878611,Full-time,Python; SQL; Excel; Power BI; Pandas; Statistics; Data Visualization; React,18.78611
JOB01111,AI/ML Engineer,CodeCraft,Delhi NCR,3-5 years,354099,Internship,Python; SQL; Pandas; NumPy; Machine Learning; Deep Learning; PyTorch; Git; Terraform; React,3.54099
JOB01112,Software Developer,InnoByte,Delhi NCR,3-5 years,924694,Contract,Python; SQL; Git; REST API; HTML; CSS; JavaScript; DSA; PyTorch; Terraform,9.24694
JOB01113,Data Scientist,DataBridge,Bengaluru,1-3 years,1862508,Contract,Python; SQL; Pandas; NumPy; Statistics; Machine Learning; Scikit-learn; Power BI; React; Azure,18.62508
JOB01114,Cloud Engineer,Aster Labs,Bengaluru,3-5 years,758122,Full-time,Python; Linux; Git; AWS; Azure; Docker; Networking; Terraform; Pandas; CSS; PyTorch,7.58122
JOB01115,AI/ML Engineer,DataBridge,Chennai,0-1 years,506112,Contract,Python; SQL; Pandas; NumPy; Machine Learning; Deep Learning; PyTorch; Git; REST API,5.06112
JOB01116,Data Analyst,InnoByte,Bengaluru,1-3 years,1662806,Contract,Python; SQL; Excel; Power BI; Pandas; Statistics; Data Visualization,16.62806
JOB01117,Software Developer,VisionWorks,Chennai,1-3 years,576158,Full-time,Python; SQL; Git; REST API; HTML; CSS; JavaScript; DSA; Networking; Machine Learning,5.76158
JOB01118,Data Analyst,VisionWorks,Remote,0-1 years,1976864,Internship,Python; SQL; Excel; Power BI; Pandas; Statistics; Data Visualization; CSS,19.76864
JOB01119,Data Scientist,TechNova,Bengaluru,1-3 years,529379,Contract,Python; SQL; Pandas; NumPy; Statistics; Machine Learning; Scikit-learn; Power BI,5.29379
JOB01120,AI/ML Engineer,CloudPeak,Bengaluru,1-3 years,1991328,Full-time,Python; SQL; Pandas; NumPy; Machine Learning; Deep Learning; PyTorch; Git,19.91328
JOB01121,Data Analyst,TechNova,Hyderabad,1-3 years,1522849,Contract,Python; SQL; Excel; Power BI; Pandas; Statistics; Data Visualization; CSS; DSA; Azure,15.22849
JOB01122,Software Developer,VisionWorks,Remote,1-3 years,1155138,Internship,Python; SQL; Git; REST API; HTML; CSS; JavaScript; DSA; Machine Learning; AWS; React,11.55138
JOB01123,Cloud Engineer,TechNova,Pune,3-5 years,1062227,Contract,Python; Linux; Git; AWS; Azure; Docker; Networking; Terraform,10.62227
JOB01124,Cloud Engineer,TechNova,Mumbai,3-5 years,565355,Full-time,Python; Linux; Git; AWS; Azure; Docker; Networking; Terraform; Deep Learning,5.65355
JOB01125,Cloud Engineer,NextGen Systems,Hyderabad,1-3 years,1686648,Contract,Python; Linux; Git; AWS; Azure; Docker; Networking; Terraform; Excel,16.86648
JOB01126,AI/ML Engineer,TechNova,Bengaluru,0-1 years,2021483,Contract,Python; SQL; Pandas; NumPy; Machine Learning; Deep Learning; PyTorch; Git; Docker; HTML; Data Visualization,20.21483
JOB01127,Cloud Engineer,CloudPeak,Chennai,1-3 years,1574036,Contract,Python; Linux; Git; AWS; Azure; Docker; Networking; Terraform; Scikit-learn; Power BI; NumPy,15.74036
JOB01128,Cloud Engineer,CloudPeak,Bengaluru,0-1 years,366948,Internship,Python; Linux; Git; AWS; Azure; Docker; Networking; Terraform; NumPy; Power BI,3.66948
JOB01129,Cloud Engineer,Aster Labs,Chennai,0-1 years,1235126,Internship,Python; Linux; Git; AWS; Azure; Docker; Networking; Terraform,12.35126
JOB01130,Full Stack Developer,DataBridge,Delhi NCR,1-3 years,1066286,Internship,HTML; CSS; JavaScript; React; Node.js; SQL; Git; REST API,10.66286
JOB01131,AI/ML Engineer,Aster Labs,Chennai,0-1 years,1228067,Contract,Python; SQL; Pandas; NumPy; Machine Learning; Deep Learning; PyTorch; Git; Networking; Terraform; Linux,12.28067
JOB01132,Software Developer,DataBridge,Pune,3-5 years,1803788,Full-time,Python; SQL; Git; REST API; HTML; CSS; JavaScript; DSA; Machine Learning; AWS; Terraform,18.03788
JOB01133,Full Stack Developer,CloudPeak,Remote,0-1 years,1189516,Contract,HTML; CSS; JavaScript; React; Node.js; SQL; Git; REST API; NumPy; Power BI; Excel,11.89516
JOB01134,Software Developer,TechNova,Mumbai,0-1 years,1100542,Full-time,Python; SQL; Git; REST API; HTML; CSS; JavaScript; DSA,11.00542
JOB01135,Data Analyst,DataBridge,Chennai,1-3 years,412255,Full-time,Python; SQL; Excel; Power BI; Pandas; Statistics; Data Visualization; Git; Networking; Azure,4.12255
JOB01136,Full Stack Developer,DataBridge,Chennai,0-1 years,2127408,Full-time,HTML; CSS; JavaScript; React; Node.js; SQL; Git; REST API; Docker; NumPy,21.27408
JOB01137,Full Stack Developer,CloudPeak,Pune,3-5 years,2093668,Full-time,HTML; CSS; JavaScript; React; Node.js; SQL; Git; REST API; Data Visualization; AWS,20.93668
JOB01138,Data Analyst,DataBridge,Hyderabad,1-3 years,1306728,Internship,Python; SQL; Excel; Power BI; Pandas; Statistics; Data Visualization; Linux,13.06728
JOB01139,Full Stack Developer,DataBridge,Chennai,3-5 years,624296,Contract,HTML; CSS; JavaScript; React; Node.js; SQL; Git; REST API; DSA; Data Visualization; Deep Learning,6.24296
JOB01140,AI/ML Engineer,DataBridge,Bengaluru,3-5 years,1684088,Internship,Python; SQL; Pandas; NumPy; Machine Learning; Deep Learning; PyTorch; Git; Networking; REST API,16.84088
JOB01141,Full Stack Developer,TechNova,Delhi NCR,1-3 years,868356,Full-time,HTML; CSS; JavaScript; React; Node.js; SQL; Git; REST API; Deep Learning; NumPy,8.68356
JOB01142,Cloud Engineer,InnoByte,Chennai,3-5 years,2008841,Contract,Python; Linux; Git; AWS; Azure; Docker; Networking; Terraform; JavaScript; Data Visualization; SQL,20.08841
JOB01143,AI/ML Engineer,CloudPeak,Hyderabad,3-5 years,1323639,Contract,Python; SQL; Pandas; NumPy; Machine Learning; Deep Learning; PyTorch; Git; Scikit-learn; Statistics,13.23639
JOB01144,Cloud Engineer,CodeCraft,Delhi NCR,3-5 years,1568836,Internship,Python; Linux; Git; AWS; Azure; Docker; Networking; Terraform; SQL; Statistics; Node.js,15.68836
JOB01145,Software Developer,VisionWorks,Remote,0-1 years,775722,Contract,Python; SQL; Git; REST API; HTML; CSS; JavaScript; DSA; Machine Learning,7.75722
JOB01146,Full Stack Developer,CloudPeak,Remote,1-3 years,1548250,Contract,HTML; CSS; JavaScript; React; Node.js; SQL; Git; REST API; PyTorch; Power BI,15.4825
JOB01147,Cloud Engineer,InnoByte,Hyderabad,1-3 years,631711,Internship,Python; Linux; Git; AWS; Azure; Docker; Networking; Terraform,6.31711
JOB01148,Data Analyst,VisionWorks,Mumbai,3-5 years,436282,Contract,Python; SQL; Excel; Power BI; Pandas; Statistics; Data Visualization; Terraform,4.36282
JOB01149,Data Scientist,VisionWorks,Hyderabad,1-3 years,1120728,Contract,Python; SQL; Pandas; NumPy; Statistics; Machine Learning; Scikit-learn; Power BI; PyTorch; Node.js; React,11.20728
JOB01150,Software Developer,NextGen Systems,Delhi NCR,0-1 years,840294,Contract,Python; SQL; Git; REST API; HTML; CSS; JavaScript; DSA; React,8.40294
JOB01151,Software Developer,InnoByte,Remote,1-3 years,1496412,Full-time,Python; SQL; Git; REST API; HTML; CSS; JavaScript; DSA; Statistics; Terraform,14.96412
JOB01152,Software Developer,Aster Labs,Bengaluru,3-5 years,499629,Full-time,Python; SQL; Git; REST API; HTML; CSS; JavaScript; DSA,4.99629
JOB01153,Data Analyst,NextGen Systems,Delhi NCR,3-5 years,874337,Contract,Python; SQL; Excel; Power BI; Pandas; Statistics; Data Visualization; Machine Learning,8.74337
JOB01154,Full Stack Developer,TechNova,Remote,1-3 years,897640,Contract,HTML; CSS; JavaScript; React; Node.js; SQL; Git; REST API; Terraform,8.9764
JOB01155,Data Analyst,CloudPeak,Remote,1-3 years,1721728,Full-time,Python; SQL; Excel; Power BI; Pandas; Statistics; Data Visualization; Node.js; AWS; REST API,17.21728
JOB01156,Full Stack Developer,VisionWorks,Delhi NCR,1-3 years,840153,Contract,HTML; CSS; JavaScript; React; Node.js; SQL; Git; REST API; Scikit-learn,8.40153
JOB01157,Software Developer,CodeCraft,Chennai,1-3 years,1965081,Contract,Python; SQL; Git; REST API; HTML; CSS; JavaScript; DSA; Linux; PyTorch,19.65081
JOB01158,Cloud Engineer,CloudPeak,Mumbai,0-1 years,1135803,Contract,Python; Linux; Git; AWS; Azure; Docker; Networking; Terraform,11.35803
JOB01159,AI/ML Engineer,Aster Labs,Hyderabad,0-1 years,1398157,Contract,Python; SQL; Pandas; NumPy; Machine Learning; Deep Learning; PyTorch; Git,13.98157
JOB01160,Data Scientist,TechNova,Mumbai,0-1 years,1580934,Full-time,Python; SQL; Pandas; NumPy; Statistics; Machine Learning; Scikit-learn; Power BI; Terraform; HTML; JavaScript,15.80934
JOB01161,Full Stack Developer,CodeCraft,Bengaluru,3-5 years,778248,Contract,HTML; CSS; JavaScript; React; Node.js; SQL; Git; REST API; Power BI; Terraform,7.78248
JOB01162,Full Stack Developer,NextGen Systems,Bengaluru,0-1 years,1690087,Full-time,HTML; CSS; JavaScript; React; Node.js; SQL; Git; REST API; Data Visualization; NumPy; Python,16.90087
JOB01163,AI/ML Engineer,VisionWorks,Bengaluru,0-1 years,2083243,Full-time,Python; SQL; Pandas; NumPy; Machine Learning; Deep Learning; PyTorch; Git; Azure,20.83243
JOB01164,Software Developer,InnoByte,Pune,0-1 years,960492,Contract,Python; SQL; Git; REST API; HTML; CSS; JavaScript; DSA; Node.js; Linux; Machine Learning,9.60492
JOB01165,Cloud Engineer,Aster Labs,Remote,1-3 years,710344,Contract,Python; Linux; Git; AWS; Azure; Docker; Networking; Terraform,7.10344
JOB01166,Full Stack Developer,CodeCraft,Pune,3-5 years,620821,Full-time,HTML; CSS; JavaScript; React; Node.js; SQL; Git; REST API,6.20821
JOB01167,Data Scientist,DataBridge,Hyderabad,1-3 years,2175464,Internship,Python; SQL; Pandas; NumPy; Statistics; Machine Learning; Scikit-learn; Power BI; Data Visualization,21.75464
JOB01168,AI/ML Engineer,VisionWorks,Hyderabad,0-1 years,1403766,Full-time,Python; SQL; Pandas; NumPy; Machine Learning; Deep Learning; PyTorch; Git; Docker; Linux; Excel,14.03766
JOB01169,Full Stack Developer,Aster Labs,Mumbai,1-3 years,1452801,Contract,HTML; CSS; JavaScript; React; Node.js; SQL; Git; REST API; DSA; Power BI; Linux,14.52801
JOB01170,Data Scientist,InnoByte,Hyderabad,3-5 years,1896210,Contract,Python; SQL; Pandas; NumPy; Statistics; Machine Learning; Scikit-learn; Power BI,18.9621
JOB01171,Data Analyst,DataBridge,Chennai,3-5 years,1220428,Internship,Python; SQL; Excel; Power BI; Pandas; Statistics; Data Visualization; Node.js; Docker,12.20428
JOB01172,Data Scientist,TechNova,Chennai,0-1 years,1175336,Contract,Python; SQL; Pandas; NumPy; Statistics; Machine Learning; Scikit-learn; Power BI; Networking; Deep Learning; DSA,11.75336
JOB01173,AI/ML Engineer,CodeCraft,Remote,3-5 years,1384918,Full-time,Python; SQL; Pandas; NumPy; Machine Learning; Deep Learning; PyTorch; Git; CSS; Excel,13.84918
JOB01174,Data Analyst,InnoByte,Mumbai,1-3 years,1934182,Contract,Python; SQL; Excel; Power BI; Pandas; Statistics; Data Visualization,19.34182
JOB01175,Data Scientist,TechNova,Pune,0-1 years,784890,Full-time,Python; SQL; Pandas; NumPy; Statistics; Machine Learning; Scikit-learn; Power BI; Git,7.8489
JOB01176,AI/ML Engineer,DataBridge,Pune,0-1 years,2144686,Full-time,Python; SQL; Pandas; NumPy; Machine Learning; Deep Learning; PyTorch; Git; Power BI; Networking; Terraform,21.44686
JOB01177,Data Analyst,CloudPeak,Hyderabad,3-5 years,1837089,Internship,Python; SQL; Excel; Power BI; Pandas; Statistics; Data Visualization,18.37089
JOB01178,Data Scientist,DataBridge,Delhi NCR,1-3 years,1500138,Full-time,Python; SQL; Pandas; NumPy; Statistics; Machine Learning; Scikit-learn; Power BI; PyTorch; CSS; React,15.00138
JOB01179,Data Scientist,TechNova,Mumbai,0-1 years,2108453,Full-time,Python; SQL; Pandas; NumPy; Statistics; Machine Learning; Scikit-learn; Power BI; Deep Learning; Terraform,21.08453
JOB01180,Data Analyst,CodeCraft,Chennai,0-1 years,1471250,Internship,Python; SQL; Excel; Power BI; Pandas; Statistics; Data Visualization,14.7125
JOB01181,Software Developer,CloudPeak,Chennai,3-5 years,1100962,Full-time,Python; SQL; Git; REST API; HTML; CSS; JavaScript; DSA; Docker; React,11.00962
JOB01182,AI/ML Engineer,TechNova,Remote,3-5 years,1811174,Internship,Python; SQL; Pandas; NumPy; Machine Learning; Deep Learning; PyTorch; Git; React,18.11174
JOB01183,AI/ML Engineer,NextGen Systems,Pune,0-1 years,1169186,Internship,Python; SQL; Pandas; NumPy; Machine Learning; Deep Learning; PyTorch; Git,11.69186
JOB01184,Software Developer,CodeCraft,Remote,0-1 years,1969860,Full-time,Python; SQL; Git; REST API; HTML; CSS; JavaScript; DSA,19.6986
JOB01185,Data Analyst,TechNova,Pune,0-1 years,541651,Full-time,Python; SQL; Excel; Power BI; Pandas; Statistics; Data Visualization; Git,5.41651
JOB01186,Data Analyst,InnoByte,Remote,3-5 years,812564,Full-time,Python; SQL; Excel; Power BI; Pandas; Statistics; Data Visualization; CSS,8.12564
JOB01187,AI/ML Engineer,InnoByte,Remote,1-3 years,1221744,Contract,Python; SQL; Pandas; NumPy; Machine Learning; Deep Learning; PyTorch; Git; Azure,12.21744
JOB01188,Cloud Engineer,CodeCraft,Pune,0-1 years,1486032,Full-time,Python; Linux; Git; AWS; Azure; Docker; Networking; Terraform; JavaScript,14.86032
JOB01189,Full Stack Developer,Aster Labs,Chennai,0-1 years,1097794,Contract,HTML; CSS; JavaScript; React; Node.js; SQL; Git; REST API,10.97794
JOB01190,AI/ML Engineer,VisionWorks,Chennai,0-1 years,796206,Internship,Python; SQL; Pandas; NumPy; Machine Learning; Deep Learning; PyTorch; Git; AWS; Power BI,7.96206
JOB01191,Data Analyst,CodeCraft,Hyderabad,3-5 years,808355,Contract,Python; SQL; Excel; Power BI; Pandas; Statistics; Data Visualization; Azure; CSS,8.08355
JOB01192,Software Developer,Aster Labs,Delhi NCR,3-5 years,548693,Contract,Python; SQL; Git; REST API; HTML; CSS; JavaScript; DSA; Networking,5.48693
JOB01193,AI/ML Engineer,Aster Labs,Remote,3-5 years,717695,Contract,Python; SQL; Pandas; NumPy; Machine Learning; Deep Learning; PyTorch; Git; Networking,7.17695
JOB01194,Software Developer,DataBridge,Mumbai,3-5 years,1151890,Internship,Python; SQL; Git; REST API; HTML; CSS; JavaScript; DSA; AWS; React,11.5189
JOB01195,Software Developer,InnoByte,Hyderabad,0-1 years,1642576,Internship,Python; SQL; Git; REST API; HTML; CSS; JavaScript; DSA; AWS,16.42576
JOB01196,Data Scientist,CloudPeak,Hyderabad,1-3 years,475667,Contract,Python; SQL; Pandas; NumPy; Statistics; Machine Learning; Scikit-learn; Power BI; CSS,4.75667
JOB01197,Full Stack Developer,TechNova,Chennai,3-5 years,778627,Internship,HTML; CSS; JavaScript; React; Node.js; SQL; Git; REST API; Power BI,7.78627
JOB01198,Data Scientist,TechNova,Mumbai,1-3 years,1015926,Internship,Python; SQL; Pandas; NumPy; Statistics; Machine Learning; Scikit-learn; Power BI; Data Visualization; Git,10.15926
JOB01199,Data Analyst,Aster Labs,Hyderabad,0-1 years,830268,Full-time,Python; SQL; Excel; Power BI; Pandas; Statistics; Data Visualization,8.30268
JOB01200,Cloud Engineer,DataBridge,Remote,3-5 years,1744618,Internship,Python; Linux; Git; AWS; Azure; Docker; Networking; Terraform,17.44618
