job_id,job_title,company,location,experience,salary_inr,employment_type,skills
JOB00001,AI/ML Engineer,NextGen Systems,Chennai,0-1 years,402451,Full-time,Python; SQL; Pandas; NumPy; Machine Learning; Deep Learning; PyTorch; Git
JOB00002,AI/ML Engineer,InnoByte,Mumbai,1-3 years,1769141,Full-time,Python; SQL; Pandas; NumPy; Machine Learning; Deep Learning; PyTorch; Git
JOB00003,Software Developer,DataBridge,Mumbai,3-5 years,808517,Full-time,Python; SQL; Git; REST API; HTML; CSS; JavaScript; DSA
JOB00004,Cloud Engineer,DataBridge,Pune,3-5 years,1229796,Contract,Python; Linux; Git; AWS; Azure; Docker; Networking; Terraform; Statistics
JOB00005,Software Developer,NextGen Systems,Chennai,0-1 years,1063557,Contract,Python; SQL; Git; REST API; HTML; CSS; JavaScript; DSA; PyTorch
JOB00006,Software Developer,InnoByte,Hyderabad,1-3 years,1146765,Internship,Python; SQL; Git; REST API; HTML; CSS; JavaScript; DSA
JOB00007,Data Analyst,VisionWorks,Mumbai,0-1 years,1880358,Contract,Python; SQL; Excel; Power BI; Pandas; Statistics; Data Visualization
JOB00008,Software Developer,InnoByte,Bengaluru,3-5 years,1827594,Full-time,Python; SQL; Git; REST API; HTML; CSS; JavaScript; DSA; Pandas; Linux
JOB00009,Data Analyst,DataBridge,Remote,0-1 years,2143731,Contract,Python; SQL; Excel; Power BI; Pandas; Statistics; Data Visualization
JOB00010,Data Analyst,DataBridge,Delhi NCR,1-3 years,1095056,Internship,Python; SQL; Excel; Power BI; Pandas; Statistics; Data Visualization; Networking; Docker; Terraform
JOB00011,AI/ML Engineer,CloudPeak,Mumbai,3-5 years,1627440,Full-time,Python; SQL; Pandas; NumPy; Machine Learning; Deep Learning; PyTorch; Git
JOB00012,Full Stack Developer,Aster Labs,Remote,0-1 years,1785740,Full-time,HTML; CSS; JavaScript; React; Node.js; SQL; Git; REST API; Power BI; Machine Learning; Linux
JOB00013,Software Developer,DataBridge,Mumbai,3-5 years,488807,Contract,Python; SQL; Git; REST API; HTML; CSS; JavaScript; DSA; Power BI; Networking
JOB00014,Full Stack Developer,CloudPeak,Chennai,3-5 years,905493,Internship,HTML; CSS; JavaScript; React; Node.js; SQL; Git; REST API; Power BI; Python; Deep Learning
JOB00015,Cloud Engineer,DataBridge,Chennai,3-5 years,1109161,Contract,Python; Linux; Git; AWS; Azure; Docker; Networking; Terraform; REST API; PyTorch
JOB00016,Software Developer,InnoByte,Chennai,3-5 years,2155863,Full-time,Python; SQL; Git; REST API; HTML; CSS; JavaScript; DSA
JOB00017,AI/ML Engineer,VisionWorks,Mumbai,1-3 years,1599668,Internship,Python; SQL; Pandas; NumPy; Machine Learning; Deep Learning; PyTorch; Git; CSS; Power BI; Statistics
JOB00018,Software Developer,NextGen Systems,Remote,3-5 years,1779650,Contract,Python; SQL; Git; REST API; HTML; CSS; JavaScript; DSA
JOB00019,Software Developer,TechNova,Delhi NCR,3-5 years,1301527,Contract,Python; SQL; Git; REST API; HTML; CSS; JavaScript; DSA; PyTorch; Excel
JOB00020,Cloud Engineer,NextGen Systems,Remote,3-5 years,573159,Internship,Python; Linux; Git; AWS; Azure; Docker; Networking; Terraform; Scikit-learn
JOB00021,Cloud Engineer,CloudPeak,Mumbai,3-5 years,1134154,Full-time,Python; Linux; Git; AWS; Azure; Docker; Networking; Terraform; Excel
JOB00022,Cloud Engineer,Aster Labs,Remote,1-3 years,584603,Full-time,Python; Linux; Git; AWS; Azure; Docker; Networking; Terraform; SQL; CSS
JOB00023,Software Developer,VisionWorks,Remote,0-1 years,529628,Internship,Python; SQL; Git; REST API; HTML; CSS; JavaScript; DSA; Data Visualization
JOB00024,Full Stack Developer,CloudPeak,Hyderabad,3-5 years,1503021,Internship,HTML; CSS; JavaScript; React; Node.js; SQL; Git; REST API; Scikit-learn
JOB00025,Data Scientist,DataBridge,Delhi NCR,1-3 years,1933905,Contract,Python; SQL; Pandas; NumPy; Statistics; Machine Learning; Scikit-learn; Power BI; Terraform
JOB00026,AI/ML Engineer,InnoByte,Chennai,0-1 years,1296835,Full-time,Python; SQL; Pandas; NumPy; Machine Learning; Deep Learning; PyTorch; Git; React; Statistics
JOB00027,Data Analyst,DataBridge,Mumbai,0-1 years,1583772,Full-time,Python; SQL; Excel; Power BI; Pandas; Statistics; Data Visualization
JOB00028,Software Developer,InnoByte,Bengaluru,1-3 years,830125,Full-time,Python; SQL; Git; REST API; HTML; CSS; JavaScript; DSA
JOB00029,Cloud Engineer,VisionWorks,Chennai,3-5 years,1752948,Full-time,Python; Linux; Git; AWS; Azure; Docker; Networking; Terraform; Node.js
JOB00030,AI/ML Engineer,InnoByte,Bengaluru,3-5 years,749318,Contract,Python; SQL; Pandas; NumPy; Machine Learning; Deep Learning; PyTorch; Git; HTML; Scikit-learn; REST API
JOB00031,Data Analyst,InnoByte,Bengaluru,1-3 years,1762147,Internship,Python; SQL; Excel; Power BI; Pandas; Statistics; Data Visualization; NumPy; PyTorch; Azure
JOB00032,Data Analyst,DataBridge,Chennai,3-5 years,871470,Contract,Python; SQL; Excel; Power BI; Pandas; Statistics; Data Visualization
JOB00033,Full Stack Developer,InnoByte,Pune,3-5 years,873882,Full-time,HTML; CSS; JavaScript; React; Node.js; SQL; Git; REST API; Docker; Machine Learning; Python
JOB00034,Software Developer,DataBridge,Chennai,1-3 years,545586,Contract,Python; SQL; Git; REST API; HTML; CSS; JavaScript; DSA
JOB00035,Data Scientist,CloudPeak,Pune,0-1 years,472967,Contract,Python; SQL; Pandas; NumPy; Statistics; Machine Learning; Scikit-learn; Power BI; Networking
JOB00036,Data Analyst,DataBridge,Hyderabad,0-1 years,674632,Full-time,Python; SQL; Excel; Power BI; Pandas; Statistics; Data Visualization; Linux; NumPy; REST API
JOB00037,Cloud Engineer,Aster Labs,Bengaluru,0-1 years,1918618,Internship,Python; Linux; Git; AWS; Azure; Docker; Networking; Terraform
JOB00038,Data Scientist,InnoByte,Remote,0-1 years,1414993,Full-time,Python; SQL; Pandas; NumPy; Statistics; Machine Learning; Scikit-learn; Power BI; Azure
JOB00039,Cloud Engineer,DataBridge,Pune,0-1 years,1766023,Internship,Python; Linux; Git; AWS; Azure; Docker; Networking; Terraform
JOB00040,Full Stack Developer,InnoByte,Pune,3-5 years,1648937,Internship,HTML; CSS; JavaScript; React; Node.js; SQL; Git; REST API
JOB00041,Cloud Engineer,Aster Labs,Chennai,1-3 years,1754517,Contract,Python; Linux; Git; AWS; Azure; Docker; Networking; Terraform; Node.js; JavaScript
JOB00042,Full Stack Developer,InnoByte,Bengaluru,1-3 years,1926774,Internship,HTML; CSS; JavaScript; React; Node.js; SQL; Git; REST API; Python; NumPy
JOB00043,Cloud Engineer,DataBridge,Mumbai,1-3 years,503638,Full-time,Python; Linux; Git; AWS; Azure; Docker; Networking; Terraform
JOB00044,Data Analyst,DataBridge,Hyderabad,1-3 years,2193963,Full-time,Python; SQL; Excel; Power BI; Pandas; Statistics; Data Visualization
JOB00045,Data Scientist,NextGen Systems,Delhi NCR,0-1 years,1750610,Full-time,Python; SQL; Pandas; NumPy; Statistics; Machine Learning; Scikit-learn; Power BI; React; AWS
JOB00046,Data Analyst,CloudPeak,Hyderabad,1-3 years,574470,Internship,Python; SQL; Excel; Power BI; Pandas; Statistics; Data Visualization
JOB00047,Full Stack Developer,VisionWorks,Hyderabad,0-1 years,1409919,Full-time,HTML; CSS; JavaScript; React; Node.js; SQL; Git; REST API; Excel; Machine Learning
JOB00048,AI/ML Engineer,CloudPeak,Delhi NCR,1-3 years,1049518,Full-time,Python; SQL; Pandas; NumPy; Machine Learning; Deep Learning; PyTorch; Git; JavaScript; Azure; AWS
JOB00049,AI/ML Engineer,InnoByte,Delhi NCR,0-1 years,584616,Internship,Python; SQL; Pandas; NumPy; Machine Learning; Deep Learning; PyTorch; Git; Terraform; REST API; AWS
JOB00050,Software Developer,CloudPeak,Bengaluru,1-3 years,1251328,Contract,Python; SQL; Git; REST API; HTML; CSS; JavaScript; DSA; Terraform; Docker
JOB00051,Software Developer,InnoByte,Hyderabad,3-5 years,1748660,Contract,Python; SQL; Git; REST API; HTML; CSS; JavaScript; DSA; Linux; Machine Learning
JOB00052,Cloud Engineer,CloudPeak,Remote,0-1 years,2163209,Contract,Python; Linux; Git; AWS; Azure; Docker; Networking; Terraform; Machine Learning
JOB00053,Software Developer,CodeCraft,Remote,3-5 years,1990783,Internship,Python; SQL; Git; REST API; HTML; CSS; JavaScript; DSA; NumPy
JOB00054,Full Stack Developer,TechNova,Remote,1-3 years,1152248,Full-time,HTML; CSS; JavaScript; React; Node.js; SQL; Git; REST API; Docker; Data Visualization
JOB00055,Full Stack Developer,TechNova,Delhi NCR,0-1 years,817504,Contract,HTML; CSS; JavaScript; React; Node.js; SQL; Git; REST API; Pandas; Networking; Linux
JOB00056,Data Analyst,CodeCraft,Delhi NCR,3-5 years,1086406,Contract,Python; SQL; Excel; Power BI; Pandas; Statistics; Data Visualization; CSS; JavaScript
JOB00057,Software Developer,NextGen Systems,Chennai,3-5 years,2189282,Contract,Python; SQL; Git; REST API; HTML; CSS; JavaScript; DSA
JOB00058,Software Developer,CodeCraft,Hyderabad,3-5 years,1601100,Contract,Python; SQL; Git; REST API; HTML; CSS; JavaScript; DSA
JOB00059,Data Scientist,DataBridge,Hyderabad,0-1 years,1157813,Internship,Python; SQL; Pandas; NumPy; Statistics; Machine Learning; Scikit-learn; Power BI
JOB00060,Data Scientist,DataBridge,Hyderabad,1-3 years,1440351,Full-time,Python; SQL; Pandas; NumPy; Statistics; Machine Learning; Scikit-learn; Power BI
JOB00061,AI/ML Engineer,NextGen Systems,Mumbai,1-3 years,1859434,Internship,Python; SQL; Pandas; NumPy; Machine Learning; Deep Learning; PyTorch; Git; Networking; DSA
JOB00062,Data Scientist,CloudPeak,Chennai,1-3 years,1512687,Internship,Python; SQL; Pandas; NumPy; Statistics; Machine Learning; Scikit-learn; Power BI; Networking; HTML
JOB00063,Data Scientist,TechNova,Hyderabad,1-3 years,1201601,Full-time,Python; SQL; Pandas; NumPy; Statistics; Machine Learning; Scikit-learn; Power BI; HTML
JOB00064,Data Scientist,DataBridge,Mumbai,1-3 years,1277276,Internship,Python; SQL; Pandas; NumPy; Statistics; Machine Learning; Scikit-learn; Power BI; PyTorch; Terraform
JOB00065,Full Stack Developer,Aster Labs,Bengaluru,0-1 years,945143,Internship,HTML; CSS; JavaScript; React; Node.js; SQL; Git; REST API
JOB00066,Data Analyst,TechNova,Bengaluru,0-1 years,659023,Contract,Python; SQL; Excel; Power BI; Pandas; Statistics; Data Visualization; Git
JOB00067,Cloud Engineer,CodeCraft,Delhi NCR,3-5 years,1305076,Full-time,Python; Linux; Git; AWS; Azure; Docker; Networking; Terraform
JOB00068,AI/ML Engineer,TechNova,Remote,0-1 years,659479,Contract,Python; SQL; Pandas; NumPy; Machine Learning; Deep Learning; PyTorch; Git; Scikit-learn; Power BI; HTML
JOB00069,Full Stack Developer,TechNova,Mumbai,0-1 years,1324231,Full-time,HTML; CSS; JavaScript; React; Node.js; SQL; Git; REST API; Statistics
JOB00070,Data Scientist,Aster Labs,Remote,1-3 years,1750011,Internship,Python; SQL; Pandas; NumPy; Statistics; Machine Learning; Scikit-learn; Power BI; PyTorch
JOB00071,AI/ML Engineer,VisionWorks,Pune,1-3 years,1909558,Full-time,Python; SQL; Pandas; NumPy; Machine Learning; Deep Learning; PyTorch; Git; Terraform; React; Docker
JOB00072,AI/ML Engineer,DataBridge,Hyderabad,1-3 years,1664386,Full-time,Python; SQL; Pandas; NumPy; Machine Learning; Deep Learning; PyTorch; Git; Statistics; Scikit-learn
JOB00073,AI/ML Engineer,Aster Labs,Mumbai,0-1 years,1054323,Full-time,Python; SQL; Pandas; NumPy; Machine Learning; Deep Learning; PyTorch; Git; HTML; JavaScript
JOB00074,Full Stack Developer,CloudPeak,Delhi NCR,0-1 years,1805318,Full-time,HTML; CSS; JavaScript; React; Node.js; SQL; Git; REST API; Power BI
JOB00075,Data Scientist,DataBridge,Remote,1-3 years,480580,Contract,Python; SQL; Pandas; NumPy; Statistics; Machine Learning; Scikit-learn; Power BI; JavaScript; PyTorch; Node.js
JOB00076,Cloud Engineer,CodeCraft,Pune,0-1 years,2146697,Contract,Python; Linux; Git; AWS; Azure; Docker; Networking; Terraform
JOB00077,Data Analyst,DataBridge,Hyderabad,1-3 years,1373891,Contract,Python; SQL; Excel; Power BI; Pandas; Statistics; Data Visualization; NumPy; Scikit-learn; HTML
JOB00078,Software Developer,VisionWorks,Chennai,3-5 years,2112668,Internship,Python; SQL; Git; REST API; HTML; CSS; JavaScript; DSA; NumPy; Power BI; Excel
JOB00079,Software Developer,VisionWorks,Chennai,0-1 years,634582,Contract,Python; SQL; Git; REST API; HTML; CSS; JavaScript; DSA; AWS; Data Visualization; PyTorch
JOB00080,Data Scientist,Aster Labs,Remote,1-3 years,1035445,Contract,Python; SQL; Pandas; NumPy; Statistics; Machine Learning; Scikit-learn; Power BI; Docker; PyTorch
JOB00081,Data Scientist,TechNova,Hyderabad,0-1 years,390649,Internship,Python; SQL; Pandas; NumPy; Statistics; Machine Learning; Scikit-learn; Power BI; CSS; REST API
JOB00082,Software Developer,TechNova,Chennai,0-1 years,1931741,Full-time,Python; SQL; Git; REST API; HTML; CSS; JavaScript; DSA
JOB00083,Cloud Engineer,VisionWorks,Delhi NCR,0-1 years,614704,Internship,Python; Linux; Git; AWS; Azure; Docker; Networking; Terraform; Machine Learning
JOB00084,Full Stack Developer,InnoByte,Remote,0-1 years,1620649,Contract,HTML; CSS; JavaScript; React; Node.js; SQL; Git; REST API; Machine Learning; Pandas; Docker
JOB00085,Software Developer,CodeCraft,Pune,3-5 years,1004221,Full-time,Python; SQL; Git; REST API; HTML; CSS; JavaScript; DSA
JOB00086,Software Developer,NextGen Systems,Remote,3-5 years,1812119,Internship,Python; SQL; Git; REST API; HTML; CSS; JavaScript; DSA; Deep Learning
JOB00087,Software Developer,CodeCraft,Delhi NCR,1-3 years,1078139,Full-time,Python; SQL; Git; REST API; HTML; CSS; JavaScript; DSA
JOB00088,Cloud Engineer,VisionWorks,Bengaluru,1-3 years,2074552,Contract,Python; Linux; Git; AWS; Azure; Docker; Networking; Terraform; CSS; REST API
JOB00089,AI/ML Engineer,NextGen Systems,Mumbai,3-5 years,1888880,Contract,Python; SQL; Pandas; NumPy; Machine Learning; Deep Learning; PyTorch; Git; Data Visualization; REST API; Docker
JOB00090,Data Scientist,InnoByte,Hyderabad,1-3 years,2092169,Full-time,Python; SQL; Pandas; NumPy; Statistics; Machine Learning; Scikit-learn; Power BI; Git; JavaScript; Excel
JOB00091,Data Scientist,Aster Labs,Chennai,1-3 years,2134577,Full-time,Python; SQL; Pandas; NumPy; Statistics; Machine Learning; Scikit-learn; Power BI; JavaScript; AWS; REST API
JOB00092,Data Analyst,NextGen Systems,Mumbai,0-1 years,2196164,Internship,Python; SQL; Excel; Power BI; Pandas; Statistics; Data Visualization; Machine Learning; JavaScript
JOB00093,Full Stack Developer,CodeCraft,Pune,3-5 years,856160,Full-time,HTML; CSS; JavaScript; React; Node.js; SQL; Git; REST API
JOB00094,AI/ML Engineer,NextGen Systems,Chennai,1-3 years,545147,Internship,Python; SQL; Pandas; NumPy; Machine Learning; Deep Learning; PyTorch; Git; Scikit-learn; React; AWS
JOB00095,Full Stack Developer,Aster Labs,Pune,3-5 years,1510716,Internship,HTML; CSS; JavaScript; React; Node.js; SQL; Git; REST API; Pandas; Scikit-learn
JOB00096,Data Analyst,NextGen Systems,Chennai,0-1 years,993035,Internship,Python; SQL; Excel; Power BI; Pandas; Statistics; Data Visualization; PyTorch; JavaScript
JOB00097,Full Stack Developer,DataBridge,Delhi NCR,1-3 years,751690,Contract,HTML; CSS; JavaScript; React; Node.js; SQL; Git; REST API; Data Visualization; Docker
JOB00098,AI/ML Engineer,DataBridge,Hyderabad,0-1 years,971273,Contract,Python; SQL; Pandas; NumPy; Machine Learning; Deep Learning; PyTorch; Git; DSA; Excel
JOB00099,Software Developer,TechNova,Mumbai,1-3 years,445453,Internship,Python; SQL; Git; REST API; HTML; CSS; JavaScript; DSA; Networking
JOB00100,Full Stack Developer,VisionWorks,Pune,1-3 years,1334396,Full-time,HTML; CSS; JavaScript; React; Node.js; SQL; Git; REST API; Data Visualization; AWS; Networking
JOB00101,Software Developer,InnoByte,Pune,1-3 years,2074101,Full-time,Python; SQL; Git; REST API; HTML; CSS; JavaScript; DSA; Scikit-learn; Deep Learning
JOB00102,Cloud Engineer,CloudPeak,Remote,3-5 years,668194,Contract,Python; Linux; Git; AWS; Azure; Docker; Networking; Terraform
JOB00103,Software Developer,CodeCraft,Mumbai,3-5 years,1520363,Internship,Python; SQL; Git; REST API; HTML; CSS; JavaScript; DSA; Deep Learning
JOB00104,Full Stack Developer,CodeCraft,Hyderabad,3-5 years,2153900,Internship,HTML; CSS; JavaScript; React; Node.js; SQL; Git; REST API; Python; Terraform; Networking
JOB00105,Software Developer,DataBridge,Delhi NCR,0-1 years,1949575,Contract,Python; SQL; Git; REST API; HTML; CSS; JavaScript; DSA
JOB00106,AI/ML Engineer,DataBridge,Chennai,3-5 years,679372,Full-time,Python; SQL; Pandas; NumPy; Machine Learning; Deep Learning; PyTorch; Git
JOB00107,Full Stack Developer,VisionWorks,Delhi NCR,3-5 years,1206723,Contract,HTML; CSS; JavaScript; React; Node.js; SQL; Git; REST API
JOB00108,Data Analyst,NextGen Systems,Delhi NCR,1-3 years,835440,Internship,Python; SQL; Excel; Power BI; Pandas; Statistics; Data Visualization
JOB00109,Data Scientist,DataBridge,Hyderabad,3-5 years,1791550,Internship,Python; SQL; Pandas; NumPy; Statistics; Machine Learning; Scikit-learn; Power BI
JOB00110,AI/ML Engineer,DataBridge,Delhi NCR,0-1 years,590703,Contract,Python; SQL; Pandas; NumPy; Machine Learning; Deep Learning; PyTorch; Git; REST API
JOB00111,Full Stack Developer,CloudPeak,Remote,1-3 years,475070,Internship,HTML; CSS; JavaScript; React; Node.js; SQL; Git; REST API
JOB00112,AI/ML Engineer,NextGen Systems,Delhi NCR,1-3 years,1332930,Contract,Python; SQL; Pandas; NumPy; Machine Learning; Deep Learning; PyTorch; Git; React; DSA
JOB00113,Cloud Engineer,Aster Labs,Mumbai,1-3 years,1256029,Full-time,Python; Linux; Git; AWS; Azure; Docker; Networking; Terraform; React; Data Visualization; DSA
JOB00114,Software Developer,NextGen Systems,Mumbai,0-1 years,1953818,Full-time,Python; SQL; Git; REST API; HTML; CSS; JavaScript; DSA; AWS
JOB00115,Data Scientist,VisionWorks,Bengaluru,1-3 years,1681240,Contract,Python; SQL; Pandas; NumPy; Statistics; Machine Learning; Scikit-learn; Power BI; Git; Deep Learning; Node.js
JOB00116,Data Scientist,CloudPeak,Hyderabad,1-3 years,2148796,Internship,Python; SQL; Pandas; NumPy; Statistics; Machine Learning; Scikit-learn; Power BI; JavaScript; DSA
JOB00117,Data Scientist,InnoByte,Hyderabad,1-3 years,1303839,Contract,Python; SQL; Pandas; NumPy; Statistics; Machine Learning; Scikit-learn; Power BI; Networking; Azure
JOB00118,Software Developer,TechNova,Chennai,3-5 years,1216642,Contract,Python; SQL; Git; REST API; HTML; CSS; JavaScript; DSA; Statistics; AWS; React
JOB00119,Cloud Engineer,CloudPeak,Hyderabad,1-3 years,910057,Internship,Python; Linux; Git; AWS; Azure; Docker; Networking; Terraform; React; DSA; JavaScript
JOB00120,Data Scientist,DataBridge,Delhi NCR,0-1 years,410543,Contract,Python; SQL; Pandas; NumPy; Statistics; Machine Learning; Scikit-learn; Power BI
JOB00121,Cloud Engineer,CodeCraft,Bengaluru,0-1 years,1508155,Full-time,Python; Linux; Git; AWS; Azure; Docker; Networking; Terraform
JOB00122,Data Scientist,CloudPeak,Pune,3-5 years,1708345,Contract,Python; SQL; Pandas; NumPy; Statistics; Machine Learning; Scikit-learn; Power BI
JOB00123,Cloud Engineer,DataBridge,Pune,3-5 years,1340316,Full-time,Python; Linux; Git; AWS; Azure; Docker; Networking; Terraform; REST API; SQL
JOB00124,Data Scientist,CloudPeak,Remote,0-1 years,1915088,Contract,Python; SQL; Pandas; NumPy; Statistics; Machine Learning; Scikit-learn; Power BI; React
JOB00125,Data Scientist,TechNova,Hyderabad,3-5 years,2070816,Contract,Python; SQL; Pandas; NumPy; Statistics; Machine Learning; Scikit-learn; Power BI; React; Git
JOB00126,Cloud Engineer,Aster Labs,Mumbai,3-5 years,1073777,Contract,Python; Linux; Git; AWS; Azure; Docker; Networking; Terraform; Excel; React; SQL
JOB00127,Data Scientist,CodeCraft,Chennai,1-3 years,1549146,Full-time,Python; SQL; Pandas; NumPy; Statistics; Machine Learning; Scikit-learn; Power BI; Docker; Excel
JOB00128,Data Analyst,TechNova,Chennai,3-5 years,1388779,Internship,Python; SQL; Excel; Power BI; Pandas; Statistics; Data Visualization; Node.js; Terraform; Deep Learning
JOB00129,Data Analyst,VisionWorks,Bengaluru,3-5 years,2183310,Contract,Python; SQL; Excel; Power BI; Pandas; Statistics; Data Visualization
JOB00130,Software Developer,CloudPeak,Bengaluru,1-3 years,2176478,Contract,Python; SQL; Git; REST API; HTML; CSS; JavaScript; DSA; PyTorch
JOB00131,Data Analyst,VisionWorks,Remote,3-5 years,1014086,Full-time,Python; SQL; Excel; Power BI; Pandas; Statistics; Data Visualization; CSS; Machine Learning; Node.js
JOB00132,Cloud Engineer,NextGen Systems,Chennai,3-5 years,842348,Full-time,Python; Linux; Git; AWS; Azure; Docker; Networking; Terraform
JOB00133,Data Scientist,InnoByte,Pune,0-1 years,1944610,Internship,Python; SQL; Pandas; NumPy; Statistics; Machine Learning; Scikit-learn; Power BI
JOB00134,Data Analyst,Aster Labs,Remote,0-1 years,446450,Contract,Python; SQL; Excel; Power BI; Pandas; Statistics; Data Visualization
JOB00135,Data Analyst,CodeCraft,Mumbai,3-5 years,862119,Full-time,Python; SQL; Excel; Power BI; Pandas; Statistics; Data Visualization; NumPy; Deep Learning
JOB00136,Full Stack Developer,CodeCraft,Mumbai,3-5 years,1628196,Full-time,HTML; CSS; JavaScript; React; Node.js; SQL; Git; REST API; DSA
JOB00137,Data Scientist,NextGen Systems,Pune,1-3 years,1317101,Internship,Python; SQL; Pandas; NumPy; Statistics; Machine Learning; Scikit-learn; Power BI; Excel
JOB00138,Software Developer,Aster Labs,Mumbai,1-3 years,1276374,Internship,Python; SQL; Git; REST API; HTML; CSS; JavaScript; DSA; Node.js; Excel; Data Visualization
JOB00139,Data Scientist,CodeCraft,Remote,1-3 years,767788,Full-time,Python; SQL; Pandas; NumPy; Statistics; Machine Learning; Scikit-learn; Power BI; PyTorch; HTML
JOB00140,Full Stack Developer,CodeCraft,Hyderabad,0-1 years,396010,Internship,HTML; CSS; JavaScript; React; Node.js; SQL; Git; REST API; Pandas; Networking; Statistics
JOB00141,AI/ML Engineer,VisionWorks,Remote,1-3 years,1621726,Full-time,Python; SQL; Pandas; NumPy; Machine Learning; Deep Learning; PyTorch; Git
JOB00142,Cloud Engineer,NextGen Systems,Delhi NCR,3-5 years,1652103,Internship,Python; Linux; Git; AWS; Azure; Docker; Networking; Terraform; Machine Learning; JavaScript
JOB00143,AI/ML Engineer,TechNova,Hyderabad,1-3 years,1665875,Full-time,Python; SQL; Pandas; NumPy; Machine Learning; Deep Learning; PyTorch; Git; DSA
JOB00144,Cloud Engineer,Aster Labs,Delhi NCR,1-3 years,968891,Full-time,Python; Linux; Git; AWS; Azure; Docker; Networking; Terraform; Excel; Data Visualization
JOB00145,Full Stack Developer,Aster Labs,Mumbai,3-5 years,2188071,Contract,HTML; CSS; JavaScript; React; Node.js; SQL; Git; REST API; Terraform
JOB00146,Full Stack Developer,Aster Labs,Remote,0-1 years,1915648,Contract,HTML; CSS; JavaScript; React; Node.js; SQL; Git; REST API; Scikit-learn; Networking
JOB00147,Software Developer,CodeCraft,Remote,3-5 years,2153845,Contract,Python; SQL; Git; REST API; HTML; CSS; JavaScript; DSA; Machine Learning
JOB00148,Software Developer,Aster Labs,Delhi NCR,3-5 years,1303755,Internship,Python; SQL; Git; REST API; HTML; CSS; JavaScript; DSA; AWS; Networking; Deep Learning
JOB00149,Data Analyst,TechNova,Mumbai,3-5 years,1338758,Contract,Python; SQL; Excel; Power BI; Pandas; Statistics; Data Visualization; Networking; DSA; HTML
JOB00150,Cloud Engineer,VisionWorks,Delhi NCR,1-3 years,1682538,Internship,Python; Linux; Git; AWS; Azure; Docker; Networking; Terraform; Data Visualization
JOB00151,Data Scientist,TechNova,Bengaluru,1-3 years,643133,Contract,Python; SQL; Pandas; NumPy; Statistics; Machine Learning; Scikit-learn; Power BI
JOB00152,Software Developer,CloudPeak,Pune,1-3 years,842411,Contract,Python; SQL; Git; REST API; HTML; CSS; JavaScript; DSA
JOB00153,AI/ML Engineer,VisionWorks,Mumbai,1-3 years,2098381,Contract,Python; SQL; Pandas; NumPy; Machine Learning; Deep Learning; PyTorch; Git; Data Visualization; REST API; DSA
JOB00154,Software Developer,DataBridge,Remote,1-3 years,1282594,Full-time,Python; SQL; Git; REST API; HTML; CSS; JavaScript; DSA; Linux; React
JOB00155,AI/ML Engineer,CodeCraft,Hyderabad,0-1 years,476982,Full-time,Python; SQL; Pandas; NumPy; Machine Learning; Deep Learning; PyTorch; Git; Terraform; Node.js
JOB00156,Data Scientist,DataBridge,Delhi NCR,3-5 years,1739926,Internship,Python; SQL; Pandas; NumPy; Statistics; Machine Learning; Scikit-learn; Power BI
JOB00157,Software Developer,Aster Labs,Chennai,0-1 years,2000027,Internship,Python; SQL; Git; REST API; HTML; CSS; JavaScript; DSA
JOB00158,Full Stack Developer,DataBridge,Mumbai,0-1 years,2090254,Full-time,HTML; CSS; JavaScript; React; Node.js; SQL; Git; REST API
JOB00159,Data Analyst,CloudPeak,Chennai,3-5 years,931487,Contract,Python; SQL; Excel; Power BI; Pandas; Statistics; Data Visualization; AWS
JOB00160,Full Stack Developer,TechNova,Chennai,0-1 years,1736338,Contract,HTML; CSS; JavaScript; React; Node.js; SQL; Git; REST API
JOB00161,Full Stack Developer,TechNova,Chennai,3-5 years,906516,Contract,HTML; CSS; JavaScript; React; Node.js; SQL; Git; REST API; AWS; Docker
JOB00162,Cloud Engineer,InnoByte,Pune,1-3 years,1913773,Contract,Python; Linux; Git; AWS; Azure; Docker; Networking; Terraform
JOB00163,Cloud Engineer,DataBridge,Mumbai,0-1 years,1297924,Internship,Python; Linux; Git; AWS; Azure; Docker; Networking; Terraform
JOB00164,AI/ML Engineer,VisionWorks,Remote,1-3 years,477560,Contract,Python; SQL; Pandas; NumPy; Machine Learning; Deep Learning; PyTorch; Git; React; AWS
JOB00165,AI/ML Engineer,VisionWorks,Bengaluru,0-1 years,1378168,Contract,Python; SQL; Pandas; NumPy; Machine Learning; Deep Learning; PyTorch; Git
JOB00166,Cloud Engineer,NextGen Systems,Mumbai,3-5 years,614642,Internship,Python; Linux; Git; AWS; Azure; Docker; Networking; Terraform; Data Visualization
JOB00167,Cloud Engineer,VisionWorks,Mumbai,3-5 years,968445,Contract,Python; Linux; Git; AWS; Azure; Docker; Networking; Terraform; PyTorch; Scikit-learn
JOB00168,Software Developer,DataBridge,Pune,1-3 years,2138435,Full-time,Python; SQL; Git; REST API; HTML; CSS; JavaScript; DSA
JOB00169,Data Scientist,InnoByte,Hyderabad,1-3 years,1222393,Contract,Python; SQL; Pandas; NumPy; Statistics; Machine Learning; Scikit-learn; Power BI; PyTorch; Networking
JOB00170,AI/ML Engineer,VisionWorks,Bengaluru,0-1 years,1790368,Full-time,Python; SQL; Pandas; NumPy; Machine Learning; Deep Learning; PyTorch; Git; Node.js; Data Visualization
JOB00171,Software Developer,TechNova,Mumbai,3-5 years,1516794,Internship,Python; SQL; Git; REST API; HTML; CSS; JavaScript; DSA; Deep Learning; Pandas; Docker
JOB00172,Data Analyst,Aster Labs,Remote,3-5 years,1211528,Contract,Python; SQL; Excel; Power BI; Pandas; Statistics; Data Visualization
JOB00173,AI/ML Engineer,NextGen Systems,Hyderabad,0-1 years,953202,Internship,Python; SQL; Pandas; NumPy; Machine Learning; Deep Learning; PyTorch; Git
JOB00174,Cloud Engineer,VisionWorks,Chennai,0-1 years,1727275,Contract,Python; Linux; Git; AWS; Azure; Docker; Networking; Terraform; Excel
JOB00175,Cloud Engineer,DataBridge,Remote,1-3 years,1553974,Internship,Python; Linux; Git; AWS; Azure; Docker; Networking; Terraform; Deep Learning; Node.js
JOB00176,Cloud Engineer,NextGen Systems,Bengaluru,0-1 years,1627154,Contract,Python; Linux; Git; AWS; Azure; Docker; Networking; Terraform
JOB00177,AI/ML Engineer,CloudPeak,Remote,0-1 years,362804,Internship,Python; SQL; Pandas; NumPy; Machine Learning; Deep Learning; PyTorch; Git; Networking; Node.js
JOB00178,AI/ML Engineer,DataBridge,Pune,1-3 years,542429,Contract,Python; SQL; Pandas; NumPy; Machine Learning; Deep Learning; PyTorch; Git; CSS; Data Visualization; AWS
JOB00179,Data Analyst,Aster Labs,Remote,3-5 years,1003550,Internship,Python; SQL; Excel; Power BI; Pandas; Statistics; Data Visualization; Networking
JOB00180,Software Developer,CloudPeak,Remote,3-5 years,676274,Full-time,Python; SQL; Git; REST API; HTML; CSS; JavaScript; DSA
JOB00181,AI/ML Engineer,VisionWorks,Delhi NCR,1-3 years,920641,Contract,Python; SQL; Pandas; NumPy; Machine Learning; Deep Learning; PyTorch; Git
JOB00182,Cloud Engineer,InnoByte,Hyderabad,1-3 years,1933230,Full-time,Python; Linux; Git; AWS; Azure; Docker; Networking; Terraform; REST API; Node.js; JavaScript
JOB00183,Data Analyst,CodeCraft,Mumbai,0-1 years,812460,Full-time,Python; SQL; Excel; Power BI; Pandas; Statistics; Data Visualization; React; Linux; Azure
JOB00184,Full Stack Developer,NextGen Systems,Hyderabad,1-3 years,1952561,Full-time,HTML; CSS; JavaScript; React; Node.js; SQL; Git; REST API; Excel; Deep Learning
JOB00185,Software Developer,DataBridge,Mumbai,3-5 years,1147352,Internship,Python; SQL; Git; REST API; HTML; CSS; JavaScript; DSA; PyTorch; Excel; Docker
JOB00186,Data Analyst,TechNova,Pune,0-1 years,1182718,Contract,Python; SQL; Excel; Power BI; Pandas; Statistics; Data Visualization
JOB00187,Software Developer,CodeCraft,Hyderabad,0-1 years,1837927,Contract,Python; SQL; Git; REST API; HTML; CSS; JavaScript; DSA; PyTorch; Power BI
JOB00188,Software Developer,Aster Labs,Bengaluru,1-3 years,2094884,Full-time,Python; SQL; Git; REST API; HTML; CSS; JavaScript; DSA; Excel; React
JOB00189,Full Stack Developer,NextGen Systems,Delhi NCR,1-3 years,1179982,Full-time,HTML; CSS; JavaScript; React; Node.js; SQL; Git; REST API; Power BI; Statistics; DSA
JOB00190,Data Analyst,InnoByte,Mumbai,3-5 years,1420561,Full-time,Python; SQL; Excel; Power BI; Pandas; Statistics; Data Visualization; CSS
JOB00191,Data Analyst,CloudPeak,Hyderabad,0-1 years,565596,Full-time,Python; SQL; Excel; Power BI; Pandas; Statistics; Data Visualization; Deep Learning; HTML
JOB00192,Cloud Engineer,VisionWorks,Pune,3-5 years,721502,Internship,Python; Linux; Git; AWS; Azure; Docker; Networking; Terraform; Data Visualization
JOB00193,Data Scientist,InnoByte,Pune,1-3 years,1272249,Internship,Python; SQL; Pandas; NumPy; Statistics; Machine Learning; Scikit-learn; Power BI; JavaScript; Data Visualization
JOB00194,Data Analyst,InnoByte,Hyderabad,1-3 years,1088076,Contract,Python; SQL; Excel; Power BI; Pandas; Statistics; Data Visualization; Terraform; Azure
JOB00195,Software Developer,NextGen Systems,Bengaluru,3-5 years,1123298,Full-time,Python; SQL; Git; REST API; HTML; CSS; JavaScript; DSA
JOB00196,Cloud Engineer,DataBridge,Hyderabad,3-5 years,2048307,Contract,Python; Linux; Git; AWS; Azure; Docker; Networking; Terraform; React; DSA; Statistics
JOB00197,Cloud Engineer,InnoByte,Remote,1-3 years,1294815,Internship,Python; Linux; Git; AWS; Azure; Docker; Networking; Terraform; DSA
JOB00198,Software Developer,VisionWorks,Pune,3-5 years,869556,Internship,Python; SQL; Git; REST API; HTML; CSS; JavaScript; DSA; Azure
JOB00199,Cloud Engineer,NextGen Systems,Pune,1-3 years,1131927,Contract,Python; Linux; Git; AWS; Azure; Docker; Networking; Terraform; Power BI
JOB00200,AI/ML Engineer,Aster Labs,Bengaluru,1-3 years,2005128,Full-time,Python; SQL; Pandas; NumPy; Machine Learning; Deep Learning; PyTorch; Git
JOB00201,Cloud Engineer,InnoByte,Mumbai,3-5 years,1049110,Full-time,Python; Linux; Git; AWS; Azure; Docker; Networking; Terraform; NumPy; Node.js; Excel
JOB00202,Data Analyst,InnoByte,Hyderabad,3-5 years,1597891,Contract,Python; SQL; Excel; Power BI; Pandas; Statistics; Data Visualization; Node.js; Deep Learning
JOB00203,AI/ML Engineer,CodeCraft,Mumbai,1-3 years,545985,Full-time,Python; SQL; Pandas; NumPy; Machine Learning; Deep Learning; PyTorch; Git; Data Visualization; Statistics
JOB00204,Data Analyst,VisionWorks,Chennai,0-1 years,1066664,Full-time,Python; SQL; Excel; Power BI; Pandas; Statistics; Data Visualization; Docker; Git
JOB00205,Full Stack Developer,InnoByte,Mumbai,3-5 years,970320,Internship,HTML; CSS; JavaScript; React; Node.js; SQL; Git; REST API
JOB00206,Cloud Engineer,Aster Labs,Remote,3-5 years,1738166,Full-time,Python; Linux; Git; AWS; Azure; Docker; Networking; Terraform
JOB00207,Cloud Engineer,CloudPeak,Delhi NCR,1-3 years,2093456,Full-time,Python; Linux; Git; AWS; Azure; Docker; Networking; Terraform; Excel; HTML; Scikit-learn
JOB00208,Data Scientist,NextGen Systems,Remote,3-5 years,1630511,Contract,Python; SQL; Pandas; NumPy; Statistics; Machine Learning; Scikit-learn; Power BI; Excel; PyTorch
JOB00209,Full Stack Developer,VisionWorks,Remote,0-1 years,2045807,Contract,HTML; CSS; JavaScript; React; Node.js; SQL; Git; REST API; Networking
JOB00210,AI/ML Engineer,CodeCraft,Chennai,0-1 years,1404671,Internship,Python; SQL; Pandas; NumPy; Machine Learning; Deep Learning; PyTorch; Git; React; Linux; Power BI
JOB00211,Full Stack Developer,Aster Labs,Mumbai,0-1 years,2183156,Internship,HTML; CSS; JavaScript; React; Node.js; SQL; Git; REST API; Azure; Scikit-learn
JOB00212,Cloud Engineer,InnoByte,Remote,0-1 years,947820,Contract,Python; Linux; Git; AWS; Azure; Docker; Networking; Terraform
JOB00213,Data Scientist,DataBridge,Remote,1-3 years,542337,Contract,Python; SQL; Pandas; NumPy; Statistics; Machine Learning; Scikit-learn; Power BI; Node.js
JOB00214,Software Developer,CodeCraft,Bengaluru,1-3 years,844462,Full-time,Python; SQL; Git; REST API; HTML; CSS; JavaScript; DSA; Azure; Power BI; Pandas
JOB00215,Software Developer,CloudPeak,Chennai,0-1 years,2009645,Contract,Python; SQL; Git; REST API; HTML; CSS; JavaScript; DSA; Deep Learning; NumPy
JOB00216,Data Scientist,TechNova,Bengaluru,0-1 years,1290785,Contract,Python; SQL; Pandas; NumPy; Statistics; Machine Learning; Scikit-learn; Power BI; REST API
JOB00217,Full Stack Developer,CodeCraft,Bengaluru,1-3 years,1875121,Full-time,HTML; CSS; JavaScript; React; Node.js; SQL; Git; REST API; Terraform
JOB00218,Data Analyst,DataBridge,Pune,3-5 years,450137,Internship,Python; SQL; Excel; Power BI; Pandas; Statistics; Data Visualization
JOB00219,Data Scientist,VisionWorks,Mumbai,3-5 years,582485,Full-time,Python; SQL; Pandas; NumPy; Statistics; Machine Learning; Scikit-learn; Power BI
JOB00220,AI/ML Engineer,CodeCraft,Bengaluru,3-5 years,960841,Contract,Python; SQL; Pandas; NumPy; Machine Learning; Deep Learning; PyTorch; Git; Data Visualization
JOB00221,Full Stack Developer,TechNova,Pune,1-3 years,491933,Full-time,HTML; CSS; JavaScript; React; Node.js; SQL; Git; REST API; Docker; DSA; Pandas
JOB00222,AI/ML Engineer,InnoByte,Hyderabad,0-1 years,1098880,Internship,Python; SQL; Pandas; NumPy; Machine Learning; Deep Learning; PyTorch; Git; Node.js; JavaScript; AWS
JOB00223,AI/ML Engineer,Aster Labs,Chennai,0-1 years,1967955,Contract,Python; SQL; Pandas; NumPy; Machine Learning; Deep Learning; PyTorch; Git
JOB00224,Cloud Engineer,VisionWorks,Delhi NCR,0-1 years,1808336,Full-time,Python; Linux; Git; AWS; Azure; Docker; Networking; Terraform; HTML; React
JOB00225,Software Developer,DataBridge,Bengaluru,1-3 years,441868,Contract,Python; SQL; Git; REST API; HTML; CSS; JavaScript; DSA; Azure; Node.js; Linux
JOB00226,Cloud Engineer,DataBridge,Hyderabad,1-3 years,426799,Full-time,Python; Linux; Git; AWS; Azure; Docker; Networking; Terraform; Statistics; SQL; Node.js
JOB00227,AI/ML Engineer,Aster Labs,Pune,1-3 years,2026342,Internship,Python; SQL; Pandas; NumPy; Machine Learning; Deep Learning; PyTorch; Git; JavaScript; DSA
JOB00228,Data Scientist,VisionWorks,Hyderabad,3-5 years,1801372,Contract,Python; SQL; Pandas; NumPy; Statistics; Machine Learning; Scikit-learn; Power BI; JavaScript; Deep Learning; REST API
JOB00229,Software Developer,NextGen Systems,Hyderabad,0-1 years,1493942,Full-time,Python; SQL; Git; REST API; HTML; CSS; JavaScript; DSA; Data Visualization; PyTorch; Excel
JOB00230,Data Analyst,CodeCraft,Chennai,3-5 years,1613789,Contract,Python; SQL; Excel; Power BI; Pandas; Statistics; Data Visualization; Linux; PyTorch
JOB00231,Data Analyst,TechNova,Bengaluru,3-5 years,925784,Internship,Python; SQL; Excel; Power BI; Pandas; Statistics; Data Visualization; Azure; Networking; NumPy
JOB00232,Data Scientist,CloudPeak,Remote,3-5 years,415306,Internship,Python; SQL; Pandas; NumPy; Statistics; Machine Learning; Scikit-learn; Power BI; React; Deep Learning
JOB00233,Data Scientist,InnoByte,Chennai,3-5 years,614723,Contract,Python; SQL; Pandas; NumPy; Statistics; Machine Learning; Scikit-learn; Power BI
JOB00234,Data Analyst,VisionWorks,Hyderabad,1-3 years,1774096,Contract,Python; SQL; Excel; Power BI; Pandas; Statistics; Data Visualization; Terraform; Azure; Deep Learning
JOB00235,Software Developer,CodeCraft,Hyderabad,3-5 years,1119549,Contract,Python; SQL; Git; REST API; HTML; CSS; JavaScript; DSA; Statistics
JOB00236,Full Stack Developer,CloudPeak,Pune,3-5 years,404344,Contract,HTML; CSS; JavaScript; React; Node.js; SQL; Git; REST API
JOB00237,Cloud Engineer,NextGen Systems,Delhi NCR,1-3 years,898985,Full-time,Python; Linux; Git; AWS; Azure; Docker; Networking; Terraform
JOB00238,Cloud Engineer,CloudPeak,Remote,0-1 years,607189,Contract,Python; Linux; Git; AWS; Azure; Docker; Networking; Terraform; SQL; JavaScript
JOB00239,Full Stack Developer,InnoByte,Mumbai,3-5 years,1838014,Contract,HTML; CSS; JavaScript; React; Node.js; SQL; Git; REST API; DSA; NumPy; Pandas
JOB00240,Data Analyst,Aster Labs,Mumbai,0-1 years,2014501,Full-time,Python; SQL; Excel; Power BI; Pandas; Statistics; Data Visualization; Docker
JOB00241,Full Stack Developer,VisionWorks,Bengaluru,1-3 years,2007532,Internship,HTML; CSS; JavaScript; React; Node.js; SQL; Git; REST API; Linux
JOB00242,Cloud Engineer,InnoByte,Bengaluru,1-3 years,1633348,Contract,Python; Linux; Git; AWS; Azure; Docker; Networking; Terraform; React; Excel
JOB00243,AI/ML Engineer,InnoByte,Chennai,1-3 years,2076667,Internship,Python; SQL; Pandas; NumPy; Machine Learning; Deep Learning; PyTorch; Git; Statistics; REST API; Terraform
JOB00244,Software Developer,CloudPeak,Remote,0-1 years,619137,Contract,Python; SQL; Git; REST API; HTML; CSS; JavaScript; DSA; React; Statistics; Pandas
JOB00245,Cloud Engineer,InnoByte,Mumbai,0-1 years,2093552,Contract,Python; Linux; Git; AWS; Azure; Docker; Networking; Terraform
JOB00246,Full Stack Developer,DataBridge,Hyderabad,3-5 years,1837577,Contract,HTML; CSS; JavaScript; React; Node.js; SQL; Git; REST API; NumPy
JOB00247,Software Developer,NextGen Systems,Mumbai,3-5 years,612501,Full-time,Python; SQL; Git; REST API; HTML; CSS; JavaScript; DSA; Linux; Networking
JOB00248,Cloud Engineer,Aster Labs,Remote,3-5 years,709033,Full-time,Python; Linux; Git; AWS; Azure; Docker; Networking; Terraform; Excel
JOB00249,Software Developer,NextGen Systems,Delhi NCR,0-1 years,445340,Internship,Python; SQL; Git; REST API; HTML; CSS; JavaScript; DSA
JOB00250,Data Scientist,NextGen Systems,Delhi NCR,1-3 years,1394461,Contract,Python; SQL; Pandas; NumPy; Statistics; Machine Learning; Scikit-learn; Power BI
JOB00251,Full Stack Developer,TechNova,Chennai,1-3 years,1794127,Contract,HTML; CSS; JavaScript; React; Node.js; SQL; Git; REST API; Networking; Python; DSA
JOB00252,Data Scientist,Aster Labs,Delhi NCR,1-3 years,1005533,Contract,Python; SQL; Pandas; NumPy; Statistics; Machine Learning; Scikit-learn; Power BI; Docker; JavaScript; Data Visualization
JOB00253,Full Stack Developer,DataBridge,Pune,0-1 years,1019234,Contract,HTML; CSS; JavaScript; React; Node.js; SQL; Git; REST API; Statistics; Data Visualization
JOB00254,Data Scientist,TechNova,Hyderabad,1-3 years,553028,Internship,Python; SQL; Pandas; NumPy; Statistics; Machine Learning; Scikit-learn; Power BI; Data Visualization
JOB00255,Data Scientist,Aster Labs,Mumbai,3-5 years,2055986,Contract,Python; SQL; Pandas; NumPy; Statistics; Machine Learning; Scikit-learn; Power BI; Deep Learning
JOB00256,Full Stack Developer,VisionWorks,Pune,1-3 years,1429456,Contract,HTML; CSS; JavaScript; React; Node.js; SQL; Git; REST API; Scikit-learn
JOB00257,Software Developer,VisionWorks,Chennai,0-1 years,1174688,Internship,Python; SQL; Git; REST API; HTML; CSS; JavaScript; DSA
JOB00258,Data Analyst,NextGen Systems,Pune,3-5 years,455990,Internship,Python; SQL; Excel; Power BI; Pandas; Statistics; Data Visualization
JOB00259,AI/ML Engineer,CloudPeak,Hyderabad,3-5 years,1253721,Contract,Python; SQL; Pandas; NumPy; Machine Learning; Deep Learning; PyTorch; Git; Linux; AWS; DSA
JOB00260,Data Scientist,DataBridge,Hyderabad,3-5 years,457285,Contract,Python; SQL; Pandas; NumPy; Statistics; Machine Learning; Scikit-learn; Power BI; Azure; Networking
JOB00261,Software Developer,InnoByte,Chennai,0-1 years,2080803,Contract,Python; SQL; Git; REST API; HTML; CSS; JavaScript; DSA; Statistics; React; Networking
JOB00262,Data Analyst,CloudPeak,Chennai,3-5 years,1933276,Internship,Python; SQL; Excel; Power BI; Pandas; Statistics; Data Visualization; Scikit-learn; Networking
JOB00263,Data Scientist,TechNova,Chennai,3-5 years,445008,Contract,Python; SQL; Pandas; NumPy; Statistics; Machine Learning; Scikit-learn; Power BI
JOB00264,Data Scientist,Aster Labs,Chennai,1-3 years,1037794,Internship,Python; SQL; Pandas; NumPy; Statistics; Machine Learning; Scikit-learn; Power BI; Data Visualization; React; Terraform
JOB00265,AI/ML Engineer,VisionWorks,Delhi NCR,3-5 years,2087048,Contract,Python; SQL; Pandas; NumPy; Machine Learning; Deep Learning; PyTorch; Git; Networking; Statistics
JOB00266,Data Scientist,Aster Labs,Delhi NCR,0-1 years,1122502,Contract,Python; SQL; Pandas; NumPy; Statistics; Machine Learning; Scikit-learn; Power BI
JOB00267,Cloud Engineer,DataBridge,Delhi NCR,0-1 years,906857,Internship,Python; Linux; Git; AWS; Azure; Docker; Networking; Terraform; CSS; SQL
JOB00268,Data Scientist,CodeCraft,Chennai,3-5 years,1669161,Full-time,Python; SQL; Pandas; NumPy; Statistics; Machine Learning; Scikit-learn; Power BI; React
JOB00269,Software Developer,TechNova,Pune,1-3 years,750103,Contract,Python; SQL; Git; REST API; HTML; CSS; JavaScript; DSA
JOB00270,Full Stack Developer,TechNova,Delhi NCR,0-1 years,2180431,Internship,HTML; CSS; JavaScript; React; Node.js; SQL; Git; REST API; Excel; PyTorch; Scikit-learn
JOB00271,Full Stack Developer,Aster Labs,Chennai,1-3 years,1140258,Internship,HTML; CSS; JavaScript; React; Node.js; SQL; Git; REST API; Scikit-learn; Statistics
JOB00272,Data Analyst,DataBridge,Hyderabad,3-5 years,753207,Contract,Python; SQL; Excel; Power BI; Pandas; Statistics; Data Visualization; JavaScript; REST API
JOB00273,Full Stack Developer,VisionWorks,Hyderabad,1-3 years,1797538,Contract,HTML; CSS; JavaScript; React; Node.js; SQL; Git; REST API; Networking; Excel
JOB00274,Cloud Engineer,CodeCraft,Pune,1-3 years,1552668,Full-time,Python; Linux; Git; AWS; Azure; Docker; Networking; Terraform; NumPy; Deep Learning
JOB00275,Data Analyst,InnoByte,Hyderabad,1-3 years,953204,Internship,Python; SQL; Excel; Power BI; Pandas; Statistics; Data Visualization
JOB00276,Data Analyst,NextGen Systems,Chennai,0-1 years,1528637,Internship,Python; SQL; Excel; Power BI; Pandas; Statistics; Data Visualization; Git; Terraform; JavaScript
JOB00277,AI/ML Engineer,DataBridge,Delhi NCR,0-1 years,456462,Full-time,Python; SQL; Pandas; NumPy; Machine Learning; Deep Learning; PyTorch; Git; HTML
JOB00278,Software Developer,CloudPeak,Bengaluru,3-5 years,1778563,Full-time,Python; SQL; Git; REST API; HTML; CSS; JavaScript; DSA; NumPy; Scikit-learn; Deep Learning
JOB00279,Data Scientist,NextGen Systems,Delhi NCR,0-1 years,1023537,Full-time,Python; SQL; Pandas; NumPy; Statistics; Machine Learning; Scikit-learn; Power BI; REST API; Docker; HTML
JOB00280,AI/ML Engineer,TechNova,Chennai,1-3 years,1899137,Full-time,Python; SQL; Pandas; NumPy; Machine Learning; Deep Learning; PyTorch; Git; Terraform
JOB00281,Software Developer,TechNova,Bengaluru,1-3 years,2188663,Internship,Python; SQL; Git; REST API; HTML; CSS; JavaScript; DSA; Scikit-learn; Excel; Node.js
JOB00282,Cloud Engineer,NextGen Systems,Pune,3-5 years,1052634,Internship,Python; Linux; Git; AWS; Azure; Docker; Networking; Terraform
JOB00283,Cloud Engineer,DataBridge,Remote,0-1 years,922180,Contract,Python; Linux; Git; AWS; Azure; Docker; Networking; Terraform; Excel; Scikit-learn; React
JOB00284,Full Stack Developer,Aster Labs,Remote,1-3 years,1894799,Internship,HTML; CSS; JavaScript; React; Node.js; SQL; Git; REST API; Machine Learning; Docker; AWS
JOB00285,AI/ML Engineer,CodeCraft,Remote,1-3 years,1631264,Internship,Python; SQL; Pandas; NumPy; Machine Learning; Deep Learning; PyTorch; Git; Docker
JOB00286,Data Analyst,InnoByte,Chennai,0-1 years,1190608,Contract,Python; SQL; Excel; Power BI; Pandas; Statistics; Data Visualization
JOB00287,Data Analyst,CodeCraft,Chennai,1-3 years,896906,Contract,Python; SQL; Excel; Power BI; Pandas; Statistics; Data Visualization; AWS
JOB00288,Data Analyst,Aster Labs,Delhi NCR,0-1 years,898516,Full-time,Python; SQL; Excel; Power BI; Pandas; Statistics; Data Visualization; Terraform; AWS
JOB00289,AI/ML Engineer,NextGen Systems,Chennai,1-3 years,1326004,Internship,Python; SQL; Pandas; NumPy; Machine Learning; Deep Learning; PyTorch; Git
JOB00290,Cloud Engineer,DataBridge,Chennai,0-1 years,1120795,Contract,Python; Linux; Git; AWS; Azure; Docker; Networking; Terraform; Deep Learning; NumPy
JOB00291,Full Stack Developer,DataBridge,Remote,0-1 years,1938279,Internship,HTML; CSS; JavaScript; React; Node.js; SQL; Git; REST API; Pandas; PyTorch; Scikit-learn
JOB00292,Cloud Engineer,VisionWorks,Mumbai,3-5 years,1452067,Contract,Python; Linux; Git; AWS; Azure; Docker; Networking; Terraform
JOB00293,Software Developer,DataBridge,Mumbai,3-5 years,479516,Full-time,Python; SQL; Git; REST API; HTML; CSS; JavaScript; DSA
JOB00294,Full Stack Developer,DataBridge,Delhi NCR,3-5 years,593772,Contract,HTML; CSS; JavaScript; React; Node.js; SQL; Git; REST API; Statistics; Python
JOB00295,Software Developer,CodeCraft,Pune,3-5 years,1426358,Full-time,Python; SQL; Git; REST API; HTML; CSS; JavaScript; DSA; Azure; React; Docker
JOB00296,Cloud Engineer,TechNova,Delhi NCR,0-1 years,883635,Internship,Python; Linux; Git; AWS; Azure; Docker; Networking; Terraform; NumPy; CSS; PyTorch
JOB00297,Software Developer,Aster Labs,Delhi NCR,0-1 years,1238557,Internship,Python; SQL; Git; REST API; HTML; CSS; JavaScript; DSA
JOB00298,Software Developer,TechNova,Hyderabad,1-3 years,1340005,Full-time,Python; SQL; Git; REST API; HTML; CSS; JavaScript; DSA
JOB00299,Full Stack Developer,CodeCraft,Pune,0-1 years,2173725,Internship,HTML; CSS; JavaScript; React; Node.js; SQL; Git; REST API; Pandas; Power BI; Python
JOB00300,AI/ML Engineer,CloudPeak,Mumbai,1-3 years,598791,Internship,Python; SQL; Pandas; NumPy; Machine Learning; Deep Learning; PyTorch; Git; Node.js
JOB00301,Full Stack Developer,TechNova,Hyderabad,1-3 years,1935823,Internship,HTML; CSS; JavaScript; React; Node.js; SQL; Git; REST API; AWS
JOB00302,AI/ML Engineer,VisionWorks,Hyderabad,0-1 years,869070,Contract,Python; SQL; Pandas; NumPy; Machine Learning; Deep Learning; PyTorch; Git; Terraform; Power BI; HTML
JOB00303,Full Stack Developer,CodeCraft,Mumbai,0-1 years,417564,Full-time,HTML; CSS; JavaScript; React; Node.js; SQL; Git; REST API
JOB00304,Full Stack Developer,TechNova,Pune,3-5 years,561595,Internship,HTML; CSS; JavaScript; React; Node.js; SQL; Git; REST API
JOB00305,AI/ML Engineer,TechNova,Pune,1-3 years,863244,Full-time,Python; SQL; Pandas; NumPy; Machine Learning; Deep Learning; PyTorch; Git
JOB00306,Cloud Engineer,NextGen Systems,Chennai,3-5 years,643885,Internship,Python; Linux; Git; AWS; Azure; Docker; Networking; Terraform; DSA
JOB00307,Data Analyst,CloudPeak,Delhi NCR,3-5 years,2187646,Full-time,Python; SQL; Excel; Power BI; Pandas; Statistics; Data Visualization; HTML; Linux
JOB00308,Data Scientist,CloudPeak,Delhi NCR,3-5 years,1517522,Contract,Python; SQL; Pandas; NumPy; Statistics; Machine Learning; Scikit-learn; Power BI; Git; Azure
JOB00309,Cloud Engineer,Aster Labs,Delhi NCR,1-3 years,1997951,Contract,Python; Linux; Git; AWS; Azure; Docker; Networking; Terraform; DSA; Power BI; PyTorch
JOB00310,Full Stack Developer,VisionWorks,Chennai,0-1 years,1932125,Contract,HTML; CSS; JavaScript; React; Node.js; SQL; Git; REST API; Power BI; Docker
JOB00311,AI/ML Engineer,CodeCraft,Pune,3-5 years,470846,Internship,Python; SQL; Pandas; NumPy; Machine Learning; Deep Learning; PyTorch; Git; React
JOB00312,Full Stack Developer,InnoByte,Pune,1-3 years,1042611,Full-time,HTML; CSS; JavaScript; React; Node.js; SQL; Git; REST API; Linux; Machine Learning; Excel
JOB00313,Cloud Engineer,CodeCraft,Delhi NCR,3-5 years,913004,Internship,Python; Linux; Git; AWS; Azure; Docker; Networking; Terraform; DSA
JOB00314,Software Developer,DataBridge,Pune,0-1 years,744607,Contract,Python; SQL; Git; REST API; HTML; CSS; JavaScript; DSA
JOB00315,Data Analyst,DataBridge,Delhi NCR,0-1 years,794193,Internship,Python; SQL; Excel; Power BI; Pandas; Statistics; Data Visualization
JOB00316,Data Scientist,DataBridge,Mumbai,1-3 years,1181797,Contract,Python; SQL; Pandas; NumPy; Statistics; Machine Learning; Scikit-learn; Power BI; Docker
JOB00317,Data Scientist,Aster Labs,Mumbai,1-3 years,898534,Contract,Python; SQL; Pandas; NumPy; Statistics; Machine Learning; Scikit-learn; Power BI; Terraform; Linux; HTML
JOB00318,Software Developer,CodeCraft,Bengaluru,3-5 years,1006245,Full-time,Python; SQL; Git; REST API; HTML; CSS; JavaScript; DSA; NumPy; Linux; Pandas
JOB00319,AI/ML Engineer,CodeCraft,Hyderabad,0-1 years,896882,Full-time,Python; SQL; Pandas; NumPy; Machine Learning; Deep Learning; PyTorch; Git; AWS
JOB00320,Data Analyst,DataBridge,Pune,3-5 years,1544935,Internship,Python; SQL; Excel; Power BI; Pandas; Statistics; Data Visualization; Node.js
JOB00321,AI/ML Engineer,VisionWorks,Pune,0-1 years,1867410,Internship,Python; SQL; Pandas; NumPy; Machine Learning; Deep Learning; PyTorch; Git; JavaScript; Scikit-learn
JOB00322,Data Analyst,VisionWorks,Chennai,3-5 years,1860606,Internship,Python; SQL; Excel; Power BI; Pandas; Statistics; Data Visualization; Deep Learning
JOB00323,Software Developer,InnoByte,Remote,3-5 years,2109654,Full-time,Python; SQL; Git; REST API; HTML; CSS; JavaScript; DSA
JOB00324,Software Developer,CloudPeak,Bengaluru,0-1 years,1833042,Internship,Python; SQL; Git; REST API; HTML; CSS; JavaScript; DSA; Docker; Machine Learning; Data Visualization
JOB00325,Data Scientist,VisionWorks,Bengaluru,0-1 years,1732619,Internship,Python; SQL; Pandas; NumPy; Statistics; Machine Learning; Scikit-learn; Power BI; Azure; REST API
JOB00326,Cloud Engineer,NextGen Systems,Bengaluru,3-5 years,1473524,Internship,Python; Linux; Git; AWS; Azure; Docker; Networking; Terraform; CSS; Statistics; Node.js
JOB00327,AI/ML Engineer,CloudPeak,Chennai,0-1 years,1449715,Internship,Python; SQL; Pandas; NumPy; Machine Learning; Deep Learning; PyTorch; Git; Docker; DSA; Statistics
JOB00328,Cloud Engineer,CodeCraft,Bengaluru,1-3 years,2017102,Contract,Python; Linux; Git; AWS; Azure; Docker; Networking; Terraform; Power BI; Node.js
JOB00329,Data Scientist,InnoByte,Delhi NCR,3-5 years,979092,Full-time,Python; SQL; Pandas; NumPy; Statistics; Machine Learning; Scikit-learn; Power BI; Excel
JOB00330,Software Developer,TechNova,Delhi NCR,0-1 years,467681,Full-time,Python; SQL; Git; REST API; HTML; CSS; JavaScript; DSA; Power BI; Terraform; Scikit-learn
JOB00331,Data Scientist,DataBridge,Remote,3-5 years,831855,Internship,Python; SQL; Pandas; NumPy; Statistics; Machine Learning; Scikit-learn; Power BI; JavaScript; DSA; Azure
JOB00332,Data Scientist,NextGen Systems,Mumbai,3-5 years,1785351,Internship,Python; SQL; Pandas; NumPy; Statistics; Machine Learning; Scikit-learn; Power BI; Azure; CSS
JOB00333,Software Developer,DataBridge,Mumbai,0-1 years,382837,Internship,Python; SQL; Git; REST API; HTML; CSS; JavaScript; DSA; NumPy
JOB00334,Data Scientist,CloudPeak,Mumbai,0-1 years,977629,Internship,Python; SQL; Pandas; NumPy; Statistics; Machine Learning; Scikit-learn; Power BI
JOB00335,Data Scientist,InnoByte,Mumbai,3-5 years,2007794,Contract,Python; SQL; Pandas; NumPy; Statistics; Machine Learning; Scikit-learn; Power BI; Networking; Data Visualization
JOB00336,Software Developer,DataBridge,Remote,0-1 years,1266640,Contract,Python; SQL; Git; REST API; HTML; CSS; JavaScript; DSA
JOB00337,Cloud Engineer,VisionWorks,Pune,0-1 years,1993219,Contract,Python; Linux; Git; AWS; Azure; Docker; Networking; Terraform; Pandas; CSS; Node.js
JOB00338,Cloud Engineer,NextGen Systems,Remote,0-1 years,529713,Internship,Python; Linux; Git; AWS; Azure; Docker; Networking; Terraform; REST API; HTML; PyTorch
JOB00339,Software Developer,CloudPeak,Pune,3-5 years,911978,Internship,Python; SQL; Git; REST API; HTML; CSS; JavaScript; DSA
JOB00340,Full Stack Developer,TechNova,Hyderabad,1-3 years,541932,Contract,HTML; CSS; JavaScript; React; Node.js; SQL; Git; REST API; NumPy; Pandas; Data Visualization
JOB00341,Data Analyst,InnoByte,Chennai,1-3 years,627887,Contract,Python; SQL; Excel; Power BI; Pandas; Statistics; Data Visualization
JOB00342,Cloud Engineer,InnoByte,Mumbai,3-5 years,1092212,Contract,Python; Linux; Git; AWS; Azure; Docker; Networking; Terraform; Deep Learning; CSS; Data Visualization
JOB00343,Data Scientist,CodeCraft,Pune,0-1 years,962048,Internship,Python; SQL; Pandas; NumPy; Statistics; Machine Learning; Scikit-learn; Power BI
JOB00344,Cloud Engineer,CodeCraft,Chennai,0-1 years,705641,Contract,Python; Linux; Git; AWS; Azure; Docker; Networking; Terraform; Scikit-learn
JOB00345,Data Analyst,CloudPeak,Pune,1-3 years,482680,Contract,Python; SQL; Excel; Power BI; Pandas; Statistics; Data Visualization; REST API; Deep Learning
JOB00346,Data Analyst,VisionWorks,Mumbai,3-5 years,867136,Full-time,Python; SQL; Excel; Power BI; Pandas; Statistics; Data Visualization; CSS; Networking; JavaScript
JOB00347,Data Scientist,NextGen Systems,Bengaluru,1-3 years,634142,Contract,Python; SQL; Pandas; NumPy; Statistics; Machine Learning; Scikit-learn; Power BI
JOB00348,Cloud Engineer,CloudPeak,Hyderabad,1-3 years,1253067,Internship,Python; Linux; Git; AWS; Azure; Docker; Networking; Terraform; Pandas; React; Statistics
JOB00349,AI/ML Engineer,CloudPeak,Pune,1-3 years,1008890,Contract,Python; SQL; Pandas; NumPy; Machine Learning; Deep Learning; PyTorch; Git; Scikit-learn
JOB00350,AI/ML Engineer,CodeCraft,Hyderabad,0-1 years,937832,Internship,Python; SQL; Pandas; NumPy; Machine Learning; Deep Learning; PyTorch; Git; HTML; Networking; Power BI
JOB00351,Full Stack Developer,VisionWorks,Delhi NCR,0-1 years,406447,Contract,HTML; CSS; JavaScript; React; Node.js; SQL; Git; REST API; Terraform
JOB00352,Data Analyst,CodeCraft,Delhi NCR,1-3 years,2067495,Full-time,Python; SQL; Excel; Power BI; Pandas; Statistics; Data Visualization
JOB00353,AI/ML Engineer,CloudPeak,Delhi NCR,1-3 years,1731316,Contract,Python; SQL; Pandas; NumPy; Machine Learning; Deep Learning; PyTorch; Git; HTML; JavaScript
JOB00354,Software Developer,TechNova,Remote,1-3 years,1490106,Internship,Python; SQL; Git; REST API; HTML; CSS; JavaScript; DSA; Scikit-learn; Power BI; PyTorch
JOB00355,Cloud Engineer,DataBridge,Delhi NCR,3-5 years,579364,Contract,Python; Linux; Git; AWS; Azure; Docker; Networking; Terraform
JOB00356,Full Stack Developer,CodeCraft,Remote,1-3 years,1531158,Contract,HTML; CSS; JavaScript; React; Node.js; SQL; Git; REST API
JOB00357,Software Developer,NextGen Systems,Chennai,3-5 years,556792,Internship,Python; SQL; Git; REST API; HTML; CSS; JavaScript; DSA
JOB00358,Cloud Engineer,CodeCraft,Pune,3-5 years,1134585,Internship,Python; Linux; Git; AWS; Azure; Docker; Networking; Terraform; React
JOB00359,AI/ML Engineer,VisionWorks,Bengaluru,1-3 years,401511,Contract,Python; SQL; Pandas; NumPy; Machine Learning; Deep Learning; PyTorch; Git; Node.js
JOB00360,Software Developer,CloudPeak,Hyderabad,1-3 years,2093399,Contract,Python; SQL; Git; REST API; HTML; CSS; JavaScript; DSA
JOB00361,Data Scientist,Aster Labs,Pune,0-1 years,1362769,Contract,Python; SQL; Pandas; NumPy; Statistics; Machine Learning; Scikit-learn; Power BI; React
JOB00362,AI/ML Engineer,InnoByte,Bengaluru,1-3 years,443707,Internship,Python; SQL; Pandas; NumPy; Machine Learning; Deep Learning; PyTorch; Git; Networking; CSS; Linux
JOB00363,Software Developer,CloudPeak,Mumbai,0-1 years,1432117,Contract,Python; SQL; Git; REST API; HTML; CSS; JavaScript; DSA; Machine Learning
JOB00364,Cloud Engineer,CloudPeak,Chennai,3-5 years,1670703,Internship,Python; Linux; Git; AWS; Azure; Docker; Networking; Terraform; React; Machine Learning; PyTorch
JOB00365,Data Scientist,CodeCraft,Pune,0-1 years,1591940,Internship,Python; SQL; Pandas; NumPy; Statistics; Machine Learning; Scikit-learn; Power BI; AWS; Docker; PyTorch
JOB00366,Full Stack Developer,InnoByte,Mumbai,0-1 years,1927740,Internship,HTML; CSS; JavaScript; React; Node.js; SQL; Git; REST API; Machine Learning
JOB00367,Full Stack Developer,InnoByte,Hyderabad,3-5 years,1309552,Contract,HTML; CSS; JavaScript; React; Node.js; SQL; Git; REST API; NumPy; Excel
JOB00368,Cloud Engineer,InnoByte,Hyderabad,1-3 years,1581038,Contract,Python; Linux; Git; AWS; Azure; Docker; Networking; Terraform; PyTorch; Statistics
JOB00369,Cloud Engineer,InnoByte,Delhi NCR,0-1 years,1638667,Contract,Python; Linux; Git; AWS; Azure; Docker; Networking; Terraform; NumPy
JOB00370,Software Developer,CloudPeak,Hyderabad,3-5 years,595259,Full-time,Python; SQL; Git; REST API; HTML; CSS; JavaScript; DSA; Node.js
JOB00371,Cloud Engineer,CloudPeak,Pune,3-5 years,1237176,Internship,Python; Linux; Git; AWS; Azure; Docker; Networking; Terraform; REST API; Excel; PyTorch
JOB00372,AI/ML Engineer,VisionWorks,Hyderabad,0-1 years,699942,Full-time,Python; SQL; Pandas; NumPy; Machine Learning; Deep Learning; PyTorch; Git; Terraform
JOB00373,Data Analyst,CloudPeak,Chennai,1-3 years,1366298,Internship,Python; SQL; Excel; Power BI; Pandas; Statistics; Data Visualization; Azure; Networking; AWS
JOB00374,Cloud Engineer,VisionWorks,Pune,0-1 years,1839276,Full-time,Python; Linux; Git; AWS; Azure; Docker; Networking; Terraform; REST API; SQL; Statistics
JOB00375,Cloud Engineer,DataBridge,Hyderabad,0-1 years,2019083,Contract,Python; Linux; Git; AWS; Azure; Docker; Networking; Terraform
JOB00376,Full Stack Developer,VisionWorks,Mumbai,3-5 years,1536254,Full-time,HTML; CSS; JavaScript; React; Node.js; SQL; Git; REST API; Docker; Python
JOB00377,Cloud Engineer,Aster Labs,Mumbai,0-1 years,911803,Internship,Python; Linux; Git; AWS; Azure; Docker; Networking; Terraform
JOB00378,Data Scientist,DataBridge,Hyderabad,0-1 years,564782,Contract,Python; SQL; Pandas; NumPy; Statistics; Machine Learning; Scikit-learn; Power BI; Node.js
JOB00379,Data Analyst,InnoByte,Remote,0-1 years,2164645,Full-time,Python; SQL; Excel; Power BI; Pandas; Statistics; Data Visualization; CSS; PyTorch
JOB00380,AI/ML Engineer,CloudPeak,Remote,0-1 years,1642162,Full-time,Python; SQL; Pandas; NumPy; Machine Learning; Deep Learning; PyTorch; Git; REST API; Docker
JOB00381,Software Developer,CloudPeak,Hyderabad,3-5 years,1601701,Contract,Python; SQL; Git; REST API; HTML; CSS; JavaScript; DSA; Terraform; Networking
JOB00382,Data Analyst,CodeCraft,Bengaluru,1-3 years,634350,Internship,Python; SQL; Excel; Power BI; Pandas; Statistics; Data Visualization; React; DSA
JOB00383,Full Stack Developer,Aster Labs,Remote,0-1 years,656694,Internship,HTML; CSS; JavaScript; React; Node.js; SQL; Git; REST API; Linux
JOB00384,Data Scientist,VisionWorks,Bengaluru,3-5 years,1136793,Full-time,Python; SQL; Pandas; NumPy; Statistics; Machine Learning; Scikit-learn; Power BI; Data Visualization; Git; Node.js
JOB00385,Data Scientist,Aster Labs,Mumbai,0-1 years,1373503,Internship,Python; SQL; Pandas; NumPy; Statistics; Machine Learning; Scikit-learn; Power BI; Linux; PyTorch
JOB00386,Software Developer,CodeCraft,Remote,0-1 years,806822,Contract,Python; SQL; Git; REST API; HTML; CSS; JavaScript; DSA; Pandas; Data Visualization; Power BI
JOB00387,Data Analyst,CloudPeak,Mumbai,1-3 years,1497793,Contract,Python; SQL; Excel; Power BI; Pandas; Statistics; Data Visualization; Linux; Machine Learning
JOB00388,AI/ML Engineer,InnoByte,Delhi NCR,1-3 years,446349,Full-time,Python; SQL; Pandas; NumPy; Machine Learning; Deep Learning; PyTorch; Git
JOB00389,Software Developer,TechNova,Pune,0-1 years,1307387,Internship,Python; SQL; Git; REST API; HTML; CSS; JavaScript; DSA; React
JOB00390,Full Stack Developer,Aster Labs,Hyderabad,0-1 years,545748,Contract,HTML; CSS; JavaScript; React; Node.js; SQL; Git; REST API; Docker; Machine Learning
JOB00391,AI/ML Engineer,NextGen Systems,Delhi NCR,3-5 years,1181188,Full-time,Python; SQL; Pandas; NumPy; Machine Learning; Deep Learning; PyTorch; Git; Azure
JOB00392,Data Scientist,InnoByte,Bengaluru,0-1 years,1825761,Contract,Python; SQL; Pandas; NumPy; Statistics; Machine Learning; Scikit-learn; Power BI
JOB00393,Software Developer,VisionWorks,Bengaluru,0-1 years,1439353,Internship,Python; SQL; Git; REST API; HTML; CSS; JavaScript; DSA; Machine Learning
JOB00394,Data Analyst,CodeCraft,Delhi NCR,0-1 years,2154264,Contract,Python; SQL; Excel; Power BI; Pandas; Statistics; Data Visualization
JOB00395,Software Developer,InnoByte,Bengaluru,1-3 years,537340,Contract,Python; SQL; Git; REST API; HTML; CSS; JavaScript; DSA; Power BI
JOB00396,Data Analyst,CloudPeak,Delhi NCR,3-5 years,1972064,Full-time,Python; SQL; Excel; Power BI; Pandas; Statistics; Data Visualization; Node.js
JOB00397,Software Developer,CloudPeak,Pune,1-3 years,1629932,Internship,Python; SQL; Git; REST API; HTML; CSS; JavaScript; DSA
JOB00398,Full Stack Developer,VisionWorks,Remote,0-1 years,1642005,Full-time,HTML; CSS; JavaScript; React; Node.js; SQL; Git; REST API; PyTorch
JOB00399,Software Developer,CodeCraft,Hyderabad,1-3 years,1586426,Contract,Python; SQL; Git; REST API; HTML; CSS; JavaScript; DSA; Deep Learning
JOB00400,Full Stack Developer,InnoByte,Chennai,3-5 years,1701867,Internship,HTML; CSS; JavaScript; React; Node.js; SQL; Git; REST API; Machine Learning
JOB00401,Cloud Engineer,DataBridge,Delhi NCR,1-3 years,780850,Contract,Python; Linux; Git; AWS; Azure; Docker; Networking; Terraform; CSS; NumPy
JOB00402,AI/ML Engineer,DataBridge,Pune,1-3 years,1993751,Full-time,Python; SQL; Pandas; NumPy; Machine Learning; Deep Learning; PyTorch; Git
JOB00403,Full Stack Developer,Aster Labs,Chennai,1-3 years,1107277,Internship,HTML; CSS; JavaScript; React; Node.js; SQL; Git; REST API; DSA; Statistics; AWS
JOB00404,Data Scientist,VisionWorks,Remote,0-1 years,1949552,Full-time,Python; SQL; Pandas; NumPy; Statistics; Machine Learning; Scikit-learn; Power BI; Terraform; Deep Learning
JOB00405,Cloud Engineer,NextGen Systems,Chennai,0-1 years,378926,Full-time,Python; Linux; Git; AWS; Azure; Docker; Networking; Terraform
JOB00406,Data Scientist,CodeCraft,Bengaluru,3-5 years,1238301,Internship,Python; SQL; Pandas; NumPy; Statistics; Machine Learning; Scikit-learn; Power BI; React; Node.js
JOB00407,Cloud Engineer,NextGen Systems,Bengaluru,3-5 years,525315,Full-time,Python; Linux; Git; AWS; Azure; Docker; Networking; Terraform; Node.js
JOB00408,Full Stack Developer,CodeCraft,Delhi NCR,0-1 years,1000472,Full-time,HTML; CSS; JavaScript; React; Node.js; SQL; Git; REST API; Power BI; DSA
JOB00409,Full Stack Developer,InnoByte,Pune,3-5 years,1261178,Internship,HTML; CSS; JavaScript; React; Node.js; SQL; Git; REST API
JOB00410,Software Developer,CloudPeak,Delhi NCR,0-1 years,376560,Full-time,Python; SQL; Git; REST API; HTML; CSS; JavaScript; DSA; Excel; Deep Learning
JOB00411,Data Scientist,NextGen Systems,Chennai,1-3 years,1992042,Full-time,Python; SQL; Pandas; NumPy; Statistics; Machine Learning; Scikit-learn; Power BI; React; Terraform
JOB00412,AI/ML Engineer,CodeCraft,Hyderabad,3-5 years,1052569,Full-time,Python; SQL; Pandas; NumPy; Machine Learning; Deep Learning; PyTorch; Git; DSA; AWS
JOB00413,Data Analyst,VisionWorks,Mumbai,1-3 years,1390496,Full-time,Python; SQL; Excel; Power BI; Pandas; Statistics; Data Visualization
JOB00414,Data Scientist,NextGen Systems,Remote,0-1 years,679902,Internship,Python; SQL; Pandas; NumPy; Statistics; Machine Learning; Scikit-learn; Power BI; Linux
JOB00415,AI/ML Engineer,TechNova,Bengaluru,0-1 years,828998,Full-time,Python; SQL; Pandas; NumPy; Machine Learning; Deep Learning; PyTorch; Git
JOB00416,Software Developer,TechNova,Mumbai,3-5 years,725308,Internship,Python; SQL; Git; REST API; HTML; CSS; JavaScript; DSA; Pandas; Power BI; Docker
JOB00417,AI/ML Engineer,Aster Labs,Hyderabad,0-1 years,1222953,Internship,Python; SQL; Pandas; NumPy; Machine Learning; Deep Learning; PyTorch; Git; HTML; Networking; Terraform
JOB00418,Data Analyst,TechNova,Chennai,0-1 years,1402856,Internship,Python; SQL; Excel; Power BI; Pandas; Statistics; Data Visualization
JOB00419,Software Developer,NextGen Systems,Hyderabad,0-1 years,1972204,Internship,Python; SQL; Git; REST API; HTML; CSS; JavaScript; DSA; Data Visualization; React; Node.js
JOB00420,Data Scientist,DataBridge,Hyderabad,3-5 years,1123679,Contract,Python; SQL; Pandas; NumPy; Statistics; Machine Learning; Scikit-learn; Power BI
JOB00421,AI/ML Engineer,VisionWorks,Remote,0-1 years,1122325,Internship,Python; SQL; Pandas; NumPy; Machine Learning; Deep Learning; PyTorch; Git; React
JOB00422,Cloud Engineer,CodeCraft,Bengaluru,0-1 years,363375,Internship,Python; Linux; Git; AWS; Azure; Docker; Networking; Terraform; Excel
JOB00423,Data Analyst,TechNova,Remote,3-5 years,1052582,Contract,Python; SQL; Excel; Power BI; Pandas; Statistics; Data Visualization
JOB00424,AI/ML Engineer,DataBridge,Pune,1-3 years,1461101,Full-time,Python; SQL; Pandas; NumPy; Machine Learning; Deep Learning; PyTorch; Git; DSA; Excel
JOB00425,Full Stack Developer,CodeCraft,Delhi NCR,1-3 years,835433,Contract,HTML; CSS; JavaScript; React; Node.js; SQL; Git; REST API; DSA; Azure
JOB00426,AI/ML Engineer,InnoByte,Mumbai,0-1 years,1567964,Internship,Python; SQL; Pandas; NumPy; Machine Learning; Deep Learning; PyTorch; Git
JOB00427,Data Scientist,TechNova,Pune,3-5 years,1591295,Full-time,Python; SQL; Pandas; NumPy; Statistics; Machine Learning; Scikit-learn; Power BI
JOB00428,Full Stack Developer,CodeCraft,Delhi NCR,3-5 years,2029434,Contract,HTML; CSS; JavaScript; React; Node.js; SQL; Git; REST API; Machine Learning; NumPy
JOB00429,Data Analyst,CloudPeak,Remote,3-5 years,775119,Full-time,Python; SQL; Excel; Power BI; Pandas; Statistics; Data Visualization; JavaScript; HTML; CSS
JOB00430,Full Stack Developer,VisionWorks,Pune,1-3 years,694719,Contract,HTML; CSS; JavaScript; React; Node.js; SQL; Git; REST API
JOB00431,Software Developer,VisionWorks,Hyderabad,0-1 years,996568,Full-time,Python; SQL; Git; REST API; HTML; CSS; JavaScript; DSA; Linux; React
JOB00432,Full Stack Developer,Aster Labs,Chennai,0-1 years,2103061,Internship,HTML; CSS; JavaScript; React; Node.js; SQL; Git; REST API; Azure; Excel
JOB00433,Full Stack Developer,NextGen Systems,Hyderabad,0-1 years,452656,Full-time,HTML; CSS; JavaScript; React; Node.js; SQL; Git; REST API; Power BI; Statistics
JOB00434,Data Scientist,InnoByte,Remote,0-1 years,1318974,Full-time,Python; SQL; Pandas; NumPy; Statistics; Machine Learning; Scikit-learn; Power BI; Terraform; Excel; DSA
JOB00435,Software Developer,DataBridge,Chennai,0-1 years,2091416,Contract,Python; SQL; Git; REST API; HTML; CSS; JavaScript; DSA
JOB00436,Data Analyst,NextGen Systems,Remote,0-1 years,1571221,Full-time,Python; SQL; Excel; Power BI; Pandas; Statistics; Data Visualization
JOB00437,Software Developer,CloudPeak,Bengaluru,1-3 years,2047222,Full-time,Python; SQL; Git; REST API; HTML; CSS; JavaScript; DSA; React
JOB00438,Software Developer,CodeCraft,Pune,0-1 years,2073199,Contract,Python; SQL; Git; REST API; HTML; CSS; JavaScript; DSA; Azure; Excel; PyTorch
JOB00439,AI/ML Engineer,NextGen Systems,Hyderabad,1-3 years,742484,Full-time,Python; SQL; Pandas; NumPy; Machine Learning; Deep Learning; PyTorch; Git; Docker; Node.js; Excel
JOB00440,Software Developer,CodeCraft,Mumbai,1-3 years,1396251,Full-time,Python; SQL; Git; REST API; HTML; CSS; JavaScript; DSA; Node.js
JOB00441,Software Developer,DataBridge,Delhi NCR,3-5 years,1229199,Full-time,Python; SQL; Git; REST API; HTML; CSS; JavaScript; DSA; Power BI; Docker
JOB00442,AI/ML Engineer,Aster Labs,Pune,3-5 years,1152156,Contract,Python; SQL; Pandas; NumPy; Machine Learning; Deep Learning; PyTorch; Git
JOB00443,Data Analyst,TechNova,Hyderabad,3-5 years,727101,Full-time,Python; SQL; Excel; Power BI; Pandas; Statistics; Data Visualization; Node.js; JavaScript
JOB00444,Software Developer,Aster Labs,Remote,3-5 years,1460299,Full-time,Python; SQL; Git; REST API; HTML; CSS; JavaScript; DSA; Azure; Scikit-learn
JOB00445,Full Stack Developer,DataBridge,Hyderabad,3-5 years,869793,Internship,HTML; CSS; JavaScript; React; Node.js; SQL; Git; REST API
JOB00446,Software Developer,CloudPeak,Chennai,0-1 years,1094079,Internship,Python; SQL; Git; REST API; HTML; CSS; JavaScript; DSA; Power BI
JOB00447,Data Analyst,Aster Labs,Mumbai,3-5 years,1825247,Full-time,Python; SQL; Excel; Power BI; Pandas; Statistics; Data Visualization; Terraform; AWS
JOB00448,Cloud Engineer,NextGen Systems,Chennai,1-3 years,1486917,Full-time,Python; Linux; Git; AWS; Azure; Docker; Networking; Terraform; SQL
JOB00449,Software Developer,DataBridge,Bengaluru,3-5 years,837846,Contract,Python; SQL; Git; REST API; HTML; CSS; JavaScript; DSA
JOB00450,Software Developer,CloudPeak,Remote,1-3 years,1064623,Full-time,Python; SQL; Git; REST API; HTML; CSS; JavaScript; DSA; Linux; Docker
JOB00451,Software Developer,InnoByte,Remote,3-5 years,1973964,Contract,Python; SQL; Git; REST API; HTML; CSS; JavaScript; DSA; Docker
JOB00452,Software Developer,NextGen Systems,Hyderabad,0-1 years,1055819,Full-time,Python; SQL; Git; REST API; HTML; CSS; JavaScript; DSA; Power BI; Deep Learning
JOB00453,AI/ML Engineer,Aster Labs,Chennai,3-5 years,1833070,Internship,Python; SQL; Pandas; NumPy; Machine Learning; Deep Learning; PyTorch; Git; Scikit-learn; Networking; Docker
JOB00454,Full Stack Developer,TechNova,Delhi NCR,3-5 years,722681,Contract,HTML; CSS; JavaScript; React; Node.js; SQL; Git; REST API; Networking; Terraform; Deep Learning
JOB00455,Cloud Engineer,Aster Labs,Remote,3-5 years,731853,Full-time,Python; Linux; Git; AWS; Azure; Docker; Networking; Terraform
JOB00456,AI/ML Engineer,CloudPeak,Hyderabad,3-5 years,1390575,Full-time,Python; SQL; Pandas; NumPy; Machine Learning; Deep Learning; PyTorch; Git
JOB00457,Full Stack Developer,InnoByte,Remote,3-5 years,1684180,Internship,HTML; CSS; JavaScript; React; Node.js; SQL; Git; REST API; NumPy; Docker
JOB00458,AI/ML Engineer,DataBridge,Chennai,3-5 years,906190,Full-time,Python; SQL; Pandas; NumPy; Machine Learning; Deep Learning; PyTorch; Git; React; AWS
JOB00459,Data Analyst,CodeCraft,Pune,3-5 years,450972,Contract,Python; SQL; Excel; Power BI; Pandas; Statistics; Data Visualization; DSA; AWS
JOB00460,Full Stack Developer,CodeCraft,Bengaluru,1-3 years,1495095,Internship,HTML; CSS; JavaScript; React; Node.js; SQL; Git; REST API; Scikit-learn; Power BI; Pandas
JOB00461,AI/ML Engineer,InnoByte,Remote,0-1 years,1296418,Contract,Python; SQL; Pandas; NumPy; Machine Learning; Deep Learning; PyTorch; Git; Docker
JOB00462,Software Developer,Aster Labs,Chennai,1-3 years,505609,Full-time,Python; SQL; Git; REST API; HTML; CSS; JavaScript; DSA; Networking; Deep Learning
JOB00463,AI/ML Engineer,InnoByte,Hyderabad,3-5 years,1497239,Internship,Python; SQL; Pandas; NumPy; Machine Learning; Deep Learning; PyTorch; Git
JOB00464,Data Scientist,CloudPeak,Mumbai,1-3 years,1254550,Full-time,Python; SQL; Pandas; NumPy; Statistics; Machine Learning; Scikit-learn; Power BI
JOB00465,Software Developer,DataBridge,Chennai,1-3 years,1044355,Internship,Python; SQL; Git; REST API; HTML; CSS; JavaScript; DSA
JOB00466,Cloud Engineer,InnoByte,Bengaluru,1-3 years,848174,Internship,Python; Linux; Git; AWS; Azure; Docker; Networking; Terraform; NumPy; Statistics
JOB00467,Cloud Engineer,CodeCraft,Bengaluru,1-3 years,358001,Internship,Python; Linux; Git; AWS; Azure; Docker; Networking; Terraform; Excel; DSA; Power BI
JOB00468,AI/ML Engineer,CloudPeak,Delhi NCR,1-3 years,784011,Full-time,Python; SQL; Pandas; NumPy; Machine Learning; Deep Learning; PyTorch; Git; Excel; DSA; AWS
JOB00469,Data Scientist,CodeCraft,Pune,1-3 years,996663,Internship,Python; SQL; Pandas; NumPy; Statistics; Machine Learning; Scikit-learn; Power BI
JOB00470,Data Analyst,CodeCraft,Chennai,1-3 years,1696091,Contract,Python; SQL; Excel; Power BI; Pandas; Statistics; Data Visualization
JOB00471,Data Analyst,NextGen Systems,Pune,1-3 years,443568,Contract,Python; SQL; Excel; Power BI; Pandas; Statistics; Data Visualization; PyTorch
JOB00472,Full Stack Developer,InnoByte,Bengaluru,3-5 years,1927551,Contract,HTML; CSS; JavaScript; React; Node.js; SQL; Git; REST API; Azure; Deep Learning
JOB00473,Cloud Engineer,CodeCraft,Mumbai,3-5 years,2066320,Contract,Python; Linux; Git; AWS; Azure; Docker; Networking; Terraform; Machine Learning; DSA; PyTorch
JOB00474,Cloud Engineer,InnoByte,Pune,3-5 years,976738,Full-time,Python; Linux; Git; AWS; Azure; Docker; Networking; Terraform; SQL
JOB00475,Cloud Engineer,VisionWorks,Chennai,0-1 years,1937939,Full-time,Python; Linux; Git; AWS; Azure; Docker; Networking; Terraform; Deep Learning
JOB00476,Full Stack Developer,InnoByte,Delhi NCR,1-3 years,1237881,Full-time,HTML; CSS; JavaScript; React; Node.js; SQL; Git; REST API; Azure
JOB00477,AI/ML Engineer,InnoByte,Bengaluru,1-3 years,1020563,Internship,Python; SQL; Pandas; NumPy; Machine Learning; Deep Learning; PyTorch; Git; JavaScript
JOB00478,Data Scientist,TechNova,Remote,3-5 years,1310825,Internship,Python; SQL; Pandas; NumPy; Statistics; Machine Learning; Scikit-learn; Power BI; Git; React
JOB00479,Cloud Engineer,InnoByte,Bengaluru,3-5 years,660797,Full-time,Python; Linux; Git; AWS; Azure; Docker; Networking; Terraform; Deep Learning; REST API; Excel
JOB00480,Data Analyst,VisionWorks,Mumbai,3-5 years,1153300,Contract,Python; SQL; Excel; Power BI; Pandas; Statistics; Data Visualization; NumPy; JavaScript
JOB00481,Software Developer,CloudPeak,Mumbai,3-5 years,1195097,Internship,Python; SQL; Git; REST API; HTML; CSS; JavaScript; DSA; Networking
JOB00482,AI/ML Engineer,DataBridge,Bengaluru,3-5 years,1798112,Contract,Python; SQL; Pandas; NumPy; Machine Learning; Deep Learning; PyTorch; Git; Azure; Power BI; Networking
JOB00483,Data Analyst,NextGen Systems,Hyderabad,1-3 years,2064182,Contract,Python; SQL; Excel; Power BI; Pandas; Statistics; Data Visualization; AWS; Machine Learning
JOB00484,AI/ML Engineer,DataBridge,Chennai,1-3 years,2172215,Internship,Python; SQL; Pandas; NumPy; Machine Learning; Deep Learning; PyTorch; Git
JOB00485,Data Scientist,InnoByte,Chennai,1-3 years,1618733,Full-time,Python; SQL; Pandas; NumPy; Statistics; Machine Learning; Scikit-learn; Power BI; Git; Node.js
JOB00486,Data Scientist,CloudPeak,Bengaluru,1-3 years,1430598,Internship,Python; SQL; Pandas; NumPy; Statistics; Machine Learning; Scikit-learn; Power BI; React; Linux; Azure
JOB00487,Cloud Engineer,DataBridge,Remote,0-1 years,714353,Full-time,Python; Linux; Git; AWS; Azure; Docker; Networking; Terraform; Excel; Scikit-learn; CSS
JOB00488,Full Stack Developer,TechNova,Hyderabad,3-5 years,1307242,Full-time,HTML; CSS; JavaScript; React; Node.js; SQL; Git; REST API
JOB00489,Data Analyst,InnoByte,Delhi NCR,0-1 years,1182448,Full-time,Python; SQL; Excel; Power BI; Pandas; Statistics; Data Visualization; PyTorch; React
JOB00490,Data Analyst,Aster Labs,Hyderabad,0-1 years,1580777,Contract,Python; SQL; Excel; Power BI; Pandas; Statistics; Data Visualization; PyTorch; Docker; REST API
JOB00491,AI/ML Engineer,TechNova,Pune,0-1 years,947833,Full-time,Python; SQL; Pandas; NumPy; Machine Learning; Deep Learning; PyTorch; Git
JOB00492,Cloud Engineer,DataBridge,Delhi NCR,0-1 years,1707654,Contract,Python; Linux; Git; AWS; Azure; Docker; Networking; Terraform; Machine Learning
JOB00493,AI/ML Engineer,CloudPeak,Delhi NCR,0-1 years,1344253,Internship,Python; SQL; Pandas; NumPy; Machine Learning; Deep Learning; PyTorch; Git; Statistics; AWS; Terraform
JOB00494,Software Developer,NextGen Systems,Delhi NCR,3-5 years,1625789,Internship,Python; SQL; Git; REST API; HTML; CSS; JavaScript; DSA; Networking
JOB00495,Data Analyst,DataBridge,Pune,1-3 years,878479,Internship,Python; SQL; Excel; Power BI; Pandas; Statistics; Data Visualization; Node.js; Networking; PyTorch
JOB00496,Cloud Engineer,NextGen Systems,Hyderabad,3-5 years,1527460,Full-time,Python; Linux; Git; AWS; Azure; Docker; Networking; Terraform; Deep Learning; CSS; Power BI
JOB00497,Data Scientist,NextGen Systems,Delhi NCR,1-3 years,1055237,Contract,Python; SQL; Pandas; NumPy; Statistics; Machine Learning; Scikit-learn; Power BI
JOB00498,Data Analyst,DataBridge,Bengaluru,3-5 years,1434843,Contract,Python; SQL; Excel; Power BI; Pandas; Statistics; Data Visualization; Git; Deep Learning
JOB00499,AI/ML Engineer,VisionWorks,Hyderabad,1-3 years,1724474,Contract,Python; SQL; Pandas; NumPy; Machine Learning; Deep Learning; PyTorch; Git; Data Visualization; AWS
JOB00500,Data Scientist,DataBridge,Delhi NCR,3-5 years,1873685,Internship,Python; SQL; Pandas; NumPy; Statistics; Machine Learning; Scikit-learn; Power BI; Azure; Docker; JavaScript
JOB00501,Data Scientist,CloudPeak,Remote,3-5 years,2122972,Internship,Python; SQL; Pandas; NumPy; Statistics; Machine Learning; Scikit-learn; Power BI; React; HTML
JOB00502,Full Stack Developer,NextGen Systems,Delhi NCR,3-5 years,618318,Full-time,HTML; CSS; JavaScript; React; Node.js; SQL; Git; REST API; Data Visualization; Scikit-learn
JOB00503,AI/ML Engineer,DataBridge,Delhi NCR,1-3 years,1095083,Contract,Python; SQL; Pandas; NumPy; Machine Learning; Deep Learning; PyTorch; Git; CSS; HTML
JOB00504,Data Analyst,InnoByte,Pune,0-1 years,1322576,Internship,Python; SQL; Excel; Power BI; Pandas; Statistics; Data Visualization; JavaScript; Linux
JOB00505,Cloud Engineer,DataBridge,Mumbai,0-1 years,1340316,Internship,Python; Linux; Git; AWS; Azure; Docker; Networking; Terraform
JOB00506,Data Scientist,CloudPeak,Chennai,0-1 years,2176303,Contract,Python; SQL; Pandas; NumPy; Statistics; Machine Learning; Scikit-learn; Power BI; Node.js; Azure
JOB00507,Data Scientist,InnoByte,Pune,1-3 years,1983558,Internship,Python; SQL; Pandas; NumPy; Statistics; Machine Learning; Scikit-learn; Power BI; Data Visualization; JavaScript; Deep Learning
JOB00508,Full Stack Developer,NextGen Systems,Chennai,0-1 years,1298024,Internship,HTML; CSS; JavaScript; React; Node.js; SQL; Git; REST API; Azure; AWS
JOB00509,Full Stack Developer,CodeCraft,Pune,1-3 years,1678519,Contract,HTML; CSS; JavaScript; React; Node.js; SQL; Git; REST API; DSA; Deep Learning; PyTorch
JOB00510,Data Scientist,DataBridge,Delhi NCR,1-3 years,429115,Full-time,Python; SQL; Pandas; NumPy; Statistics; Machine Learning; Scikit-learn; Power BI
JOB00511,Data Analyst,TechNova,Delhi NCR,3-5 years,1769243,Full-time,Python; SQL; Excel; Power BI; Pandas; Statistics; Data Visualization; AWS
JOB00512,Full Stack Developer,CodeCraft,Mumbai,3-5 years,565394,Contract,HTML; CSS; JavaScript; React; Node.js; SQL; Git; REST API; Networking; Deep Learning
JOB00513,Full Stack Developer,TechNova,Hyderabad,1-3 years,2077725,Contract,HTML; CSS; JavaScript; React; Node.js; SQL; Git; REST API
JOB00514,AI/ML Engineer,VisionWorks,Hyderabad,0-1 years,1068762,Full-time,Python; SQL; Pandas; NumPy; Machine Learning; Deep Learning; PyTorch; Git; REST API; Data Visualization
JOB00515,Data Scientist,DataBridge,Delhi NCR,0-1 years,829027,Full-time,Python; SQL; Pandas; NumPy; Statistics; Machine Learning; Scikit-learn; Power BI
JOB00516,AI/ML Engineer,CloudPeak,Bengaluru,1-3 years,1586675,Internship,Python; SQL; Pandas; NumPy; Machine Learning; Deep Learning; PyTorch; Git
JOB00517,AI/ML Engineer,NextGen Systems,Remote,3-5 years,1136835,Internship,Python; SQL; Pandas; NumPy; Machine Learning; Deep Learning; PyTorch; Git
JOB00518,Software Developer,InnoByte,Delhi NCR,0-1 years,1738251,Full-time,Python; SQL; Git; REST API; HTML; CSS; JavaScript; DSA
JOB00519,AI/ML Engineer,VisionWorks,Pune,0-1 years,1224041,Internship,Python; SQL; Pandas; NumPy; Machine Learning; Deep Learning; PyTorch; Git
JOB00520,Data Analyst,CodeCraft,Delhi NCR,0-1 years,981486,Internship,Python; SQL; Excel; Power BI; Pandas; Statistics; Data Visualization; Deep Learning; Git; AWS
JOB00521,Cloud Engineer,InnoByte,Mumbai,3-5 years,2092005,Internship,Python; Linux; Git; AWS; Azure; Docker; Networking; Terraform; Excel; REST API
JOB00522,Software Developer,DataBridge,Mumbai,0-1 years,1393834,Contract,Python; SQL; Git; REST API; HTML; CSS; JavaScript; DSA; Deep Learning; Terraform
JOB00523,Cloud Engineer,CodeCraft,Hyderabad,0-1 years,1825213,Full-time,Python; Linux; Git; AWS; Azure; Docker; Networking; Terraform; Power BI
JOB00524,Cloud Engineer,TechNova,Bengaluru,3-5 years,841793,Full-time,Python; Linux; Git; AWS; Azure; Docker; Networking; Terraform; JavaScript; SQL; Pandas
JOB00525,Software Developer,InnoByte,Hyderabad,3-5 years,1867422,Full-time,Python; SQL; Git; REST API; HTML; CSS; JavaScript; DSA; Docker; Data Visualization; Statistics
JOB00526,Data Scientist,InnoByte,Remote,0-1 years,455025,Full-time,Python; SQL; Pandas; NumPy; Statistics; Machine Learning; Scikit-learn; Power BI; Git; PyTorch
JOB00527,Data Analyst,InnoByte,Bengaluru,0-1 years,1898831,Full-time,Python; SQL; Excel; Power BI; Pandas; Statistics; Data Visualization; Machine Learning; NumPy
JOB00528,Full Stack Developer,VisionWorks,Mumbai,1-3 years,1099789,Internship,HTML; CSS; JavaScript; React; Node.js; SQL; Git; REST API; NumPy
JOB00529,Software Developer,CodeCraft,Pune,1-3 years,588723,Contract,Python; SQL; Git; REST API; HTML; CSS; JavaScript; DSA; NumPy; Excel
JOB00530,Data Scientist,TechNova,Remote,0-1 years,627896,Full-time,Python; SQL; Pandas; NumPy; Statistics; Machine Learning; Scikit-learn; Power BI; Node.js; Deep Learning; DSA
JOB00531,Data Scientist,Aster Labs,Mumbai,0-1 years,1984025,Internship,Python; SQL; Pandas; NumPy; Statistics; Machine Learning; Scikit-learn; Power BI; PyTorch; Deep Learning; Networking
JOB00532,AI/ML Engineer,InnoByte,Pune,1-3 years,1373667,Full-time,Python; SQL; Pandas; NumPy; Machine Learning; Deep Learning; PyTorch; Git; Scikit-learn
JOB00533,Software Developer,DataBridge,Delhi NCR,1-3 years,1827586,Internship,Python; SQL; Git; REST API; HTML; CSS; JavaScript; DSA; NumPy; AWS
JOB00534,Cloud Engineer,DataBridge,Pune,1-3 years,1257747,Internship,Python; Linux; Git; AWS; Azure; Docker; Networking; Terraform
JOB00535,AI/ML Engineer,CloudPeak,Mumbai,1-3 years,1699304,Contract,Python; SQL; Pandas; NumPy; Machine Learning; Deep Learning; PyTorch; Git; Data Visualization; Azure; AWS
JOB00536,Full Stack Developer,VisionWorks,Hyderabad,0-1 years,1925862,Contract,HTML; CSS; JavaScript; React; Node.js; SQL; Git; REST API
JOB00537,Data Analyst,DataBridge,Mumbai,3-5 years,1413107,Contract,Python; SQL; Excel; Power BI; Pandas; Statistics; Data Visualization
JOB00538,Data Scientist,VisionWorks,Remote,3-5 years,1312791,Contract,Python; SQL; Pandas; NumPy; Statistics; Machine Learning; Scikit-learn; Power BI; CSS
JOB00539,Software Developer,TechNova,Bengaluru,1-3 years,1393067,Contract,Python; SQL; Git; REST API; HTML; CSS; JavaScript; DSA; React; NumPy; Deep Learning
JOB00540,Software Developer,InnoByte,Remote,3-5 years,2082056,Internship,Python; SQL; Git; REST API; HTML; CSS; JavaScript; DSA
JOB00541,AI/ML Engineer,VisionWorks,Hyderabad,1-3 years,1722787,Full-time,Python; SQL; Pandas; NumPy; Machine Learning; Deep Learning; PyTorch; Git; Statistics; Excel
JOB00542,Full Stack Developer,VisionWorks,Bengaluru,0-1 years,1851379,Internship,HTML; CSS; JavaScript; React; Node.js; SQL; Git; REST API; NumPy; Scikit-learn; Pandas
JOB00543,Full Stack Developer,Aster Labs,Remote,3-5 years,1065877,Contract,HTML; CSS; JavaScript; React; Node.js; SQL; Git; REST API
JOB00544,Cloud Engineer,VisionWorks,Chennai,3-5 years,694258,Internship,Python; Linux; Git; AWS; Azure; Docker; Networking; Terraform; Deep Learning; DSA
JOB00545,AI/ML Engineer,InnoByte,Remote,1-3 years,743307,Full-time,Python; SQL; Pandas; NumPy; Machine Learning; Deep Learning; PyTorch; Git; DSA; JavaScript; Excel
JOB00546,Data Scientist,CodeCraft,Bengaluru,3-5 years,576001,Internship,Python; SQL; Pandas; NumPy; Statistics; Machine Learning; Scikit-learn; Power BI; JavaScript
JOB00547,Cloud Engineer,VisionWorks,Pune,3-5 years,1969305,Internship,Python; Linux; Git; AWS; Azure; Docker; Networking; Terraform
JOB00548,Cloud Engineer,TechNova,Mumbai,1-3 years,359096,Internship,Python; Linux; Git; AWS; Azure; Docker; Networking; Terraform; SQL
JOB00549,Data Scientist,CloudPeak,Bengaluru,1-3 years,1881958,Internship,Python; SQL; Pandas; NumPy; Statistics; Machine Learning; Scikit-learn; Power BI; Deep Learning
JOB00550,Cloud Engineer,DataBridge,Hyderabad,1-3 years,1228003,Contract,Python; Linux; Git; AWS; Azure; Docker; Networking; Terraform; Scikit-learn; PyTorch
JOB00551,Data Analyst,NextGen Systems,Remote,3-5 years,1613585,Internship,Python; SQL; Excel; Power BI; Pandas; Statistics; Data Visualization; Deep Learning; Terraform; NumPy
JOB00552,Data Analyst,NextGen Systems,Delhi NCR,1-3 years,789799,Internship,Python; SQL; Excel; Power BI; Pandas; Statistics; Data Visualization; Git
JOB00553,Full Stack Developer,Aster Labs,Delhi NCR,0-1 years,1487687,Contract,HTML; CSS; JavaScript; React; Node.js; SQL; Git; REST API; Statistics
JOB00554,Cloud Engineer,TechNova,Mumbai,0-1 years,2045137,Full-time,Python; Linux; Git; AWS; Azure; Docker; Networking; Terraform; REST API; NumPy; Statistics
JOB00555,Data Scientist,TechNova,Chennai,1-3 years,1755624,Full-time,Python; SQL; Pandas; NumPy; Statistics; Machine Learning; Scikit-learn; Power BI; Azure
JOB00556,Data Analyst,NextGen Systems,Chennai,3-5 years,1798282,Full-time,Python; SQL; Excel; Power BI; Pandas; Statistics; Data Visualization; Deep Learning; Azure
JOB00557,Data Analyst,CodeCraft,Chennai,3-5 years,1906952,Internship,Python; SQL; Excel; Power BI; Pandas; Statistics; Data Visualization; DSA; Scikit-learn; HTML
JOB00558,Data Analyst,CodeCraft,Pune,3-5 years,1150236,Contract,Python; SQL; Excel; Power BI; Pandas; Statistics; Data Visualization
JOB00559,Cloud Engineer,NextGen Systems,Chennai,3-5 years,377190,Contract,Python; Linux; Git; AWS; Azure; Docker; Networking; Terraform
JOB00560,Full Stack Developer,DataBridge,Hyderabad,1-3 years,1977697,Full-time,HTML; CSS; JavaScript; React; Node.js; SQL; Git; REST API; Terraform; Excel
JOB00561,AI/ML Engineer,CloudPeak,Delhi NCR,3-5 years,742118,Full-time,Python; SQL; Pandas; NumPy; Machine Learning; Deep Learning; PyTorch; Git
JOB00562,Data Scientist,NextGen Systems,Mumbai,1-3 years,1248646,Full-time,Python; SQL; Pandas; NumPy; Statistics; Machine Learning; Scikit-learn; Power BI
JOB00563,Full Stack Developer,CloudPeak,Bengaluru,0-1 years,1327967,Contract,HTML; CSS; JavaScript; React; Node.js; SQL; Git; REST API; AWS; NumPy
JOB00564,Cloud Engineer,NextGen Systems,Pune,3-5 years,1972484,Internship,Python; Linux; Git; AWS; Azure; Docker; Networking; Terraform
JOB00565,Data Analyst,Aster Labs,Mumbai,0-1 years,1994233,Full-time,Python; SQL; Excel; Power BI; Pandas; Statistics; Data Visualization
JOB00566,Cloud Engineer,CloudPeak,Pune,3-5 years,1998903,Internship,Python; Linux; Git; AWS; Azure; Docker; Networking; Terraform
JOB00567,Data Scientist,DataBridge,Chennai,3-5 years,1082751,Contract,Python; SQL; Pandas; NumPy; Statistics; Machine Learning; Scikit-learn; Power BI
JOB00568,Data Analyst,VisionWorks,Mumbai,3-5 years,1928433,Full-time,Python; SQL; Excel; Power BI; Pandas; Statistics; Data Visualization; Linux; Git
JOB00569,Software Developer,DataBridge,Bengaluru,3-5 years,1696925,Contract,Python; SQL; Git; REST API; HTML; CSS; JavaScript; DSA; React; Machine Learning
JOB00570,Data Scientist,NextGen Systems,Mumbai,3-5 years,1159240,Contract,Python; SQL; Pandas; NumPy; Statistics; Machine Learning; Scikit-learn; Power BI
JOB00571,Software Developer,VisionWorks,Bengaluru,1-3 years,1284400,Internship,Python; SQL; Git; REST API; HTML; CSS; JavaScript; DSA; Statistics; Terraform
JOB00572,Full Stack Developer,CloudPeak,Remote,3-5 years,551235,Internship,HTML; CSS; JavaScript; React; Node.js; SQL; Git; REST API; Statistics; DSA
JOB00573,Software Developer,DataBridge,Remote,3-5 years,792040,Contract,Python; SQL; Git; REST API; HTML; CSS; JavaScript; DSA
JOB00574,Software Developer,CodeCraft,Delhi NCR,0-1 years,2088011,Internship,Python; SQL; Git; REST API; HTML; CSS; JavaScript; DSA; Terraform
JOB00575,AI/ML Engineer,Aster Labs,Bengaluru,0-1 years,1313065,Full-time,Python; SQL; Pandas; NumPy; Machine Learning; Deep Learning; PyTorch; Git; AWS
JOB00576,Software Developer,InnoByte,Mumbai,0-1 years,1520387,Contract,Python; SQL; Git; REST API; HTML; CSS; JavaScript; DSA; Networking
JOB00577,Data Scientist,TechNova,Pune,3-5 years,1013547,Full-time,Python; SQL; Pandas; NumPy; Statistics; Machine Learning; Scikit-learn; Power BI; PyTorch; Networking; Node.js
JOB00578,Cloud Engineer,InnoByte,Remote,3-5 years,1695160,Internship,Python; Linux; Git; AWS; Azure; Docker; Networking; Terraform
JOB00579,Software Developer,InnoByte,Hyderabad,3-5 years,1100151,Contract,Python; SQL; Git; REST API; HTML; CSS; JavaScript; DSA
JOB00580,Cloud Engineer,VisionWorks,Pune,1-3 years,940384,Internship,Python; Linux; Git; AWS; Azure; Docker; Networking; Terraform
JOB00581,Software Developer,CodeCraft,Remote,3-5 years,1916056,Contract,Python; SQL; Git; REST API; HTML; CSS; JavaScript; DSA; Excel; Machine Learning; Docker
JOB00582,AI/ML Engineer,Aster Labs,Bengaluru,3-5 years,1770378,Internship,Python; SQL; Pandas; NumPy; Machine Learning; Deep Learning; PyTorch; Git; Linux
JOB00583,Full Stack Developer,TechNova,Mumbai,3-5 years,437604,Contract,HTML; CSS; JavaScript; React; Node.js; SQL; Git; REST API
JOB00584,Cloud Engineer,DataBridge,Delhi NCR,3-5 years,988983,Internship,Python; Linux; Git; AWS; Azure; Docker; Networking; Terraform
JOB00585,Data Analyst,CloudPeak,Chennai,0-1 years,1704616,Full-time,Python; SQL; Excel; Power BI; Pandas; Statistics; Data Visualization; NumPy
JOB00586,Cloud Engineer,TechNova,Remote,3-5 years,730335,Contract,Python; Linux; Git; AWS; Azure; Docker; Networking; Terraform; JavaScript; Deep Learning
JOB00587,AI/ML Engineer,InnoByte,Hyderabad,0-1 years,959542,Full-time,Python; SQL; Pandas; NumPy; Machine Learning; Deep Learning; PyTorch; Git
JOB00588,AI/ML Engineer,DataBridge,Bengaluru,1-3 years,1757808,Internship,Python; SQL; Pandas; NumPy; Machine Learning; Deep Learning; PyTorch; Git; Networking; Node.js; Data Visualization
JOB00589,Software Developer,VisionWorks,Hyderabad,3-5 years,1368924,Internship,Python; SQL; Git; REST API; HTML; CSS; JavaScript; DSA; NumPy
JOB00590,Data Analyst,Aster Labs,Remote,1-3 years,1538795,Contract,Python; SQL; Excel; Power BI; Pandas; Statistics; Data Visualization; Terraform
JOB00591,Full Stack Developer,DataBridge,Remote,0-1 years,1006859,Internship,HTML; CSS; JavaScript; React; Node.js; SQL; Git; REST API
JOB00592,AI/ML Engineer,Aster Labs,Pune,1-3 years,1775182,Contract,Python; SQL; Pandas; NumPy; Machine Learning; Deep Learning; PyTorch; Git; JavaScript; Node.js; Data Visualization
JOB00593,Data Analyst,CloudPeak,Delhi NCR,3-5 years,578238,Full-time,Python; SQL; Excel; Power BI; Pandas; Statistics; Data Visualization; REST API; Scikit-learn
JOB00594,Data Analyst,NextGen Systems,Delhi NCR,3-5 years,761947,Full-time,Python; SQL; Excel; Power BI; Pandas; Statistics; Data Visualization; Scikit-learn
JOB00595,AI/ML Engineer,TechNova,Remote,3-5 years,389070,Internship,Python; SQL; Pandas; NumPy; Machine Learning; Deep Learning; PyTorch; Git
JOB00596,Data Scientist,NextGen Systems,Mumbai,3-5 years,1506776,Contract,Python; SQL; Pandas; NumPy; Statistics; Machine Learning; Scikit-learn; Power BI; Azure
JOB00597,AI/ML Engineer,DataBridge,Remote,3-5 years,1173128,Internship,Python; SQL; Pandas; NumPy; Machine Learning; Deep Learning; PyTorch; Git; Node.js
JOB00598,Data Analyst,InnoByte,Pune,1-3 years,1400931,Internship,Python; SQL; Excel; Power BI; Pandas; Statistics; Data Visualization; PyTorch
JOB00599,Software Developer,CloudPeak,Pune,0-1 years,1937976,Full-time,Python; SQL; Git; REST API; HTML; CSS; JavaScript; DSA; Excel
JOB00600,Cloud Engineer,TechNova,Chennai,1-3 years,1102448,Full-time,Python; Linux; Git; AWS; Azure; Docker; Networking; Terraform; SQL
JOB00601,Software Developer,DataBridge,Mumbai,1-3 years,439775,Contract,Python; SQL; Git; REST API; HTML; CSS; JavaScript; DSA; Pandas; Machine Learning
JOB00602,Data Scientist,NextGen Systems,Remote,3-5 years,566478,Contract,Python; SQL; Pandas; NumPy; Statistics; Machine Learning; Scikit-learn; Power BI; Azure; Terraform; JavaScript
JOB00603,Cloud Engineer,CodeCraft,Hyderabad,3-5 years,1720856,Internship,Python; Linux; Git; AWS; Azure; Docker; Networking; Terraform; PyTorch
JOB00604,Software Developer,CodeCraft,Hyderabad,1-3 years,1432910,Contract,Python; SQL; Git; REST API; HTML; CSS; JavaScript; DSA; Power BI; Machine Learning
JOB00605,Data Scientist,CloudPeak,Pune,0-1 years,1402428,Full-time,Python; SQL; Pandas; NumPy; Statistics; Machine Learning; Scikit-learn; Power BI
JOB00606,Software Developer,CloudPeak,Hyderabad,3-5 years,741969,Internship,Python; SQL; Git; REST API; HTML; CSS; JavaScript; DSA; Linux; Docker
JOB00607,Software Developer,Aster Labs,Delhi NCR,0-1 years,2051152,Contract,Python; SQL; Git; REST API; HTML; CSS; JavaScript; DSA; PyTorch
JOB00608,AI/ML Engineer,CodeCraft,Bengaluru,0-1 years,1707400,Full-time,Python; SQL; Pandas; NumPy; Machine Learning; Deep Learning; PyTorch; Git; Scikit-learn; Excel; Docker
JOB00609,Full Stack Developer,TechNova,Mumbai,0-1 years,1670241,Full-time,HTML; CSS; JavaScript; React; Node.js; SQL; Git; REST API; Deep Learning
JOB00610,Full Stack Developer,TechNova,Delhi NCR,3-5 years,1200303,Internship,HTML; CSS; JavaScript; React; Node.js; SQL; Git; REST API; Docker; Statistics
JOB00611,Data Analyst,VisionWorks,Mumbai,1-3 years,804229,Contract,Python; SQL; Excel; Power BI; Pandas; Statistics; Data Visualization
JOB00612,Full Stack Developer,CloudPeak,Remote,3-5 years,1610050,Full-time,HTML; CSS; JavaScript; React; Node.js; SQL; Git; REST API; PyTorch
JOB00613,Cloud Engineer,InnoByte,Chennai,1-3 years,1300995,Contract,Python; Linux; Git; AWS; Azure; Docker; Networking; Terraform; HTML; Pandas
JOB00614,Full Stack Developer,DataBridge,Mumbai,3-5 years,384734,Internship,HTML; CSS; JavaScript; React; Node.js; SQL; Git; REST API
JOB00615,Data Scientist,VisionWorks,Mumbai,3-5 years,722081,Full-time,Python; SQL; Pandas; NumPy; Statistics; Machine Learning; Scikit-learn; Power BI; DSA
JOB00616,Cloud Engineer,VisionWorks,Delhi NCR,0-1 years,545433,Internship,Python; Linux; Git; AWS; Azure; Docker; Networking; Terraform
JOB00617,Cloud Engineer,CodeCraft,Mumbai,1-3 years,1975021,Contract,Python; Linux; Git; AWS; Azure; Docker; Networking; Terraform
JOB00618,Software Developer,InnoByte,Pune,0-1 years,1085089,Contract,Python; SQL; Git; REST API; HTML; CSS; JavaScript; DSA; Machine Learning; Scikit-learn; Power BI
JOB00619,Data Scientist,CodeCraft,Hyderabad,0-1 years,944053,Full-time,Python; SQL; Pandas; NumPy; Statistics; Machine Learning; Scikit-learn; Power BI; CSS
JOB00620,AI/ML Engineer,InnoByte,Mumbai,0-1 years,1562126,Contract,Python; SQL; Pandas; NumPy; Machine Learning; Deep Learning; PyTorch; Git
JOB00621,AI/ML Engineer,Aster Labs,Bengaluru,0-1 years,1207410,Contract,Python; SQL; Pandas; NumPy; Machine Learning; Deep Learning; PyTorch; Git; Networking
JOB00622,AI/ML Engineer,Aster Labs,Mumbai,1-3 years,1534199,Internship,Python; SQL; Pandas; NumPy; Machine Learning; Deep Learning; PyTorch; Git; JavaScript; REST API
JOB00623,Data Scientist,VisionWorks,Chennai,1-3 years,1507847,Internship,Python; SQL; Pandas; NumPy; Statistics; Machine Learning; Scikit-learn; Power BI; Node.js
JOB00624,Cloud Engineer,CodeCraft,Delhi NCR,0-1 years,1973603,Internship,Python; Linux; Git; AWS; Azure; Docker; Networking; Terraform; Node.js; NumPy; Power BI
JOB00625,Software Developer,CloudPeak,Bengaluru,0-1 years,1992299,Internship,Python; SQL; Git; REST API; HTML; CSS; JavaScript; DSA; React
JOB00626,Data Scientist,CodeCraft,Delhi NCR,0-1 years,687092,Full-time,Python; SQL; Pandas; NumPy; Statistics; Machine Learning; Scikit-learn; Power BI; Terraform; Azure
JOB00627,Full Stack Developer,DataBridge,Hyderabad,0-1 years,901743,Internship,HTML; CSS; JavaScript; React; Node.js; SQL; Git; REST API; PyTorch; DSA; Statistics
JOB00628,Software Developer,TechNova,Remote,0-1 years,1842345,Internship,Python; SQL; Git; REST API; HTML; CSS; JavaScript; DSA; Power BI; Statistics; Node.js
JOB00629,Data Scientist,TechNova,Remote,3-5 years,758413,Internship,Python; SQL; Pandas; NumPy; Statistics; Machine Learning; Scikit-learn; Power BI; AWS; Docker; HTML
JOB00630,Cloud Engineer,TechNova,Hyderabad,0-1 years,1763531,Internship,Python; Linux; Git; AWS; Azure; Docker; Networking; Terraform; HTML
JOB00631,Software Developer,CodeCraft,Hyderabad,3-5 years,928681,Contract,Python; SQL; Git; REST API; HTML; CSS; JavaScript; DSA; Data Visualization
JOB00632,Data Scientist,InnoByte,Bengaluru,3-5 years,382225,Contract,Python; SQL; Pandas; NumPy; Statistics; Machine Learning; Scikit-learn; Power BI; React
JOB00633,AI/ML Engineer,DataBridge,Pune,1-3 years,824576,Internship,Python; SQL; Pandas; NumPy; Machine Learning; Deep Learning; PyTorch; Git; Node.js; JavaScript
JOB00634,Software Developer,InnoByte,Mumbai,0-1 years,1411658,Internship,Python; SQL; Git; REST API; HTML; CSS; JavaScript; DSA; Excel; PyTorch
JOB00635,Data Analyst,NextGen Systems,Delhi NCR,1-3 years,890422,Contract,Python; SQL; Excel; Power BI; Pandas; Statistics; Data Visualization; DSA; React
JOB00636,Cloud Engineer,VisionWorks,Mumbai,0-1 years,1779407,Contract,Python; Linux; Git; AWS; Azure; Docker; Networking; Terraform; Machine Learning; Pandas; React
JOB00637,Software Developer,DataBridge,Delhi NCR,3-5 years,1678885,Full-time,Python; SQL; Git; REST API; HTML; CSS; JavaScript; DSA; Data Visualization; Power BI
JOB00638,Data Analyst,NextGen Systems,Chennai,1-3 years,1819723,Full-time,Python; SQL; Excel; Power BI; Pandas; Statistics; Data Visualization; Networking; React; AWS
JOB00639,Data Scientist,Aster Labs,Hyderabad,0-1 years,1349409,Internship,Python; SQL; Pandas; NumPy; Statistics; Machine Learning; Scikit-learn; Power BI; CSS; Deep Learning
JOB00640,Data Analyst,DataBridge,Chennai,3-5 years,1396477,Full-time,Python; SQL; Excel; Power BI; Pandas; Statistics; Data Visualization; Git
JOB00641,Data Analyst,DataBridge,Remote,3-5 years,775232,Contract,Python; SQL; Excel; Power BI; Pandas; Statistics; Data Visualization; HTML
JOB00642,Full Stack Developer,InnoByte,Delhi NCR,3-5 years,601403,Contract,HTML; CSS; JavaScript; React; Node.js; SQL; Git; REST API
JOB00643,Cloud Engineer,TechNova,Remote,1-3 years,1952736,Contract,Python; Linux; Git; AWS; Azure; Docker; Networking; Terraform
JOB00644,Cloud Engineer,CloudPeak,Remote,3-5 years,1379293,Contract,Python; Linux; Git; AWS; Azure; Docker; Networking; Terraform; SQL; Node.js
JOB00645,Data Scientist,CodeCraft,Pune,3-5 years,463556,Full-time,Python; SQL; Pandas; NumPy; Statistics; Machine Learning; Scikit-learn; Power BI; Data Visualization
JOB00646,Cloud Engineer,InnoByte,Delhi NCR,3-5 years,1308809,Contract,Python; Linux; Git; AWS; Azure; Docker; Networking; Terraform; PyTorch; HTML
JOB00647,Data Analyst,DataBridge,Pune,3-5 years,374788,Full-time,Python; SQL; Excel; Power BI; Pandas; Statistics; Data Visualization
JOB00648,Data Analyst,NextGen Systems,Chennai,1-3 years,1500420,Contract,Python; SQL; Excel; Power BI; Pandas; Statistics; Data Visualization; JavaScript; Docker
JOB00649,Cloud Engineer,CodeCraft,Chennai,1-3 years,1395996,Internship,Python; Linux; Git; AWS; Azure; Docker; Networking; Terraform; Power BI; HTML
JOB00650,Data Analyst,CloudPeak,Mumbai,0-1 years,1295247,Internship,Python; SQL; Excel; Power BI; Pandas; Statistics; Data Visualization; Node.js; JavaScript
JOB00651,AI/ML Engineer,NextGen Systems,Remote,0-1 years,1861659,Internship,Python; SQL; Pandas; NumPy; Machine Learning; Deep Learning; PyTorch; Git; DSA
JOB00652,Data Scientist,TechNova,Chennai,1-3 years,1341925,Contract,Python; SQL; Pandas; NumPy; Statistics; Machine Learning; Scikit-learn; Power BI; Docker; Data Visualization; React
JOB00653,Full Stack Developer,TechNova,Pune,0-1 years,876330,Internship,HTML; CSS; JavaScript; React; Node.js; SQL; Git; REST API; Scikit-learn; Networking
JOB00654,Full Stack Developer,NextGen Systems,Pune,3-5 years,801867,Full-time,HTML; CSS; JavaScript; React; Node.js; SQL; Git; REST API
JOB00655,Data Scientist,NextGen Systems,Hyderabad,0-1 years,1105617,Contract,Python; SQL; Pandas; NumPy; Statistics; Machine Learning; Scikit-learn; Power BI; Git; Linux
JOB00656,Software Developer,NextGen Systems,Hyderabad,1-3 years,1986426,Internship,Python; SQL; Git; REST API; HTML; CSS; JavaScript; DSA; Linux; Excel
JOB00657,Cloud Engineer,NextGen Systems,Pune,3-5 years,1636946,Full-time,Python; Linux; Git; AWS; Azure; Docker; Networking; Terraform; React; Data Visualization; PyTorch
JOB00658,Full Stack Developer,InnoByte,Bengaluru,0-1 years,2130273,Contract,HTML; CSS; JavaScript; React; Node.js; SQL; Git; REST API; PyTorch; Power BI
JOB00659,Full Stack Developer,NextGen Systems,Mumbai,3-5 years,1839887,Contract,HTML; CSS; JavaScript; React; Node.js; SQL; Git; REST API; NumPy; Networking
JOB00660,Data Analyst,CloudPeak,Chennai,0-1 years,1218197,Full-time,Python; SQL; Excel; Power BI; Pandas; Statistics; Data Visualization; Networking; React; PyTorch
JOB00661,AI/ML Engineer,InnoByte,Chennai,0-1 years,1910019,Contract,Python; SQL; Pandas; NumPy; Machine Learning; Deep Learning; PyTorch; Git; JavaScript
JOB00662,Software Developer,VisionWorks,Mumbai,0-1 years,483782,Full-time,Python; SQL; Git; REST API; HTML; CSS; JavaScript; DSA
JOB00663,Data Scientist,NextGen Systems,Mumbai,0-1 years,567953,Full-time,Python; SQL; Pandas; NumPy; Statistics; Machine Learning; Scikit-learn; Power BI
JOB00664,AI/ML Engineer,NextGen Systems,Pune,3-5 years,1896845,Full-time,Python; SQL; Pandas; NumPy; Machine Learning; Deep Learning; PyTorch; Git; Linux; HTML; Statistics
JOB00665,Full Stack Developer,Aster Labs,Remote,1-3 years,423725,Contract,HTML; CSS; JavaScript; React; Node.js; SQL; Git; REST API; AWS
JOB00666,Data Scientist,CloudPeak,Mumbai,3-5 years,633356,Contract,Python; SQL; Pandas; NumPy; Statistics; Machine Learning; Scikit-learn; Power BI; Terraform; PyTorch
JOB00667,AI/ML Engineer,DataBridge,Remote,0-1 years,1360096,Contract,Python; SQL; Pandas; NumPy; Machine Learning; Deep Learning; PyTorch; Git; Statistics; Linux; Node.js
JOB00668,Data Analyst,NextGen Systems,Bengaluru,0-1 years,676563,Internship,Python; SQL; Excel; Power BI; Pandas; Statistics; Data Visualization; NumPy; JavaScript
JOB00669,Full Stack Developer,TechNova,Delhi NCR,1-3 years,1472183,Contract,HTML; CSS; JavaScript; React; Node.js; SQL; Git; REST API; Networking; Scikit-learn
JOB00670,Data Analyst,CodeCraft,Remote,1-3 years,1956144,Internship,Python; SQL; Excel; Power BI; Pandas; Statistics; Data Visualization
JOB00671,Full Stack Developer,Aster Labs,Chennai,1-3 years,1499684,Internship,HTML; CSS; JavaScript; React; Node.js; SQL; Git; REST API
JOB00672,Data Scientist,CodeCraft,Chennai,1-3 years,2087337,Full-time,Python; SQL; Pandas; NumPy; Statistics; Machine Learning; Scikit-learn; Power BI; Excel; Deep Learning; Networking
JOB00673,Data Scientist,NextGen Systems,Hyderabad,3-5 years,1953353,Internship,Python; SQL; Pandas; NumPy; Statistics; Machine Learning; Scikit-learn; Power BI; React
JOB00674,Cloud Engineer,InnoByte,Chennai,0-1 years,2139881,Contract,Python; Linux; Git; AWS; Azure; Docker; Networking; Terraform; REST API; JavaScript
JOB00675,Software Developer,Aster Labs,Bengaluru,0-1 years,743823,Full-time,Python; SQL; Git; REST API; HTML; CSS; JavaScript; DSA; React; Networking; Scikit-learn
JOB00676,Cloud Engineer,InnoByte,Hyderabad,1-3 years,739939,Full-time,Python; Linux; Git; AWS; Azure; Docker; Networking; Terraform
JOB00677,AI/ML Engineer,TechNova,Pune,0-1 years,666006,Contract,Python; SQL; Pandas; NumPy; Machine Learning; Deep Learning; PyTorch; Git; AWS; HTML; CSS
JOB00678,Data Scientist,TechNova,Hyderabad,0-1 years,1322416,Full-time,Python; SQL; Pandas; NumPy; Statistics; Machine Learning; Scikit-learn; Power BI; REST API; Linux
JOB00679,Software Developer,VisionWorks,Chennai,0-1 years,1489156,Contract,Python; SQL; Git; REST API; HTML; CSS; JavaScript; DSA; Power BI; Data Visualization
JOB00680,Data Scientist,DataBridge,Pune,1-3 years,605771,Full-time,Python; SQL; Pandas; NumPy; Statistics; Machine Learning; Scikit-learn; Power BI
JOB00681,AI/ML Engineer,VisionWorks,Delhi NCR,0-1 years,767710,Internship,Python; SQL; Pandas; NumPy; Machine Learning; Deep Learning; PyTorch; Git
JOB00682,AI/ML Engineer,NextGen Systems,Hyderabad,0-1 years,1166049,Internship,Python; SQL; Pandas; NumPy; Machine Learning; Deep Learning; PyTorch; Git; Scikit-learn
JOB00683,AI/ML Engineer,InnoByte,Hyderabad,1-3 years,1911800,Internship,Python; SQL; Pandas; NumPy; Machine Learning; Deep Learning; PyTorch; Git
JOB00684,Data Analyst,DataBridge,Bengaluru,0-1 years,459235,Internship,Python; SQL; Excel; Power BI; Pandas; Statistics; Data Visualization; Networking
JOB00685,Data Scientist,NextGen Systems,Mumbai,0-1 years,2015957,Contract,Python; SQL; Pandas; NumPy; Statistics; Machine Learning; Scikit-learn; Power BI; AWS; Deep Learning
JOB00686,Full Stack Developer,VisionWorks,Delhi NCR,3-5 years,438066,Full-time,HTML; CSS; JavaScript; React; Node.js; SQL; Git; REST API
JOB00687,Data Analyst,CloudPeak,Pune,0-1 years,871608,Internship,Python; SQL; Excel; Power BI; Pandas; Statistics; Data Visualization
JOB00688,Cloud Engineer,CloudPeak,Delhi NCR,3-5 years,1095574,Full-time,Python; Linux; Git; AWS; Azure; Docker; Networking; Terraform; DSA; Statistics
JOB00689,Full Stack Developer,VisionWorks,Delhi NCR,0-1 years,2039309,Full-time,HTML; CSS; JavaScript; React; Node.js; SQL; Git; REST API; Linux; NumPy; Pandas
JOB00690,AI/ML Engineer,VisionWorks,Delhi NCR,1-3 years,432813,Internship,Python; SQL; Pandas; NumPy; Machine Learning; Deep Learning; PyTorch; Git; Node.js; Data Visualization; JavaScript
JOB00691,Data Analyst,VisionWorks,Hyderabad,3-5 years,1028807,Internship,Python; SQL; Excel; Power BI; Pandas; Statistics; Data Visualization; Git; Docker; Networking
JOB00692,Full Stack Developer,CloudPeak,Pune,1-3 years,1463875,Contract,HTML; CSS; JavaScript; React; Node.js; SQL; Git; REST API
JOB00693,Cloud Engineer,CodeCraft,Delhi NCR,0-1 years,1977217,Full-time,Python; Linux; Git; AWS; Azure; Docker; Networking; Terraform; React; CSS
JOB00694,Cloud Engineer,InnoByte,Delhi NCR,3-5 years,1862054,Contract,Python; Linux; Git; AWS; Azure; Docker; Networking; Terraform; Machine Learning; Pandas
JOB00695,Full Stack Developer,CodeCraft,Delhi NCR,1-3 years,1026541,Full-time,HTML; CSS; JavaScript; React; Node.js; SQL; Git; REST API; Terraform; Deep Learning; Networking
JOB00696,Software Developer,CloudPeak,Chennai,0-1 years,441807,Full-time,Python; SQL; Git; REST API; HTML; CSS; JavaScript; DSA
JOB00697,Software Developer,CodeCraft,Delhi NCR,1-3 years,1547499,Internship,Python; SQL; Git; REST API; HTML; CSS; JavaScript; DSA; Linux; Deep Learning; Azure
JOB00698,Cloud Engineer,InnoByte,Bengaluru,0-1 years,812889,Internship,Python; Linux; Git; AWS; Azure; Docker; Networking; Terraform; DSA; Power BI
JOB00699,Data Scientist,TechNova,Hyderabad,3-5 years,1331591,Internship,Python; SQL; Pandas; NumPy; Statistics; Machine Learning; Scikit-learn; Power BI
JOB00700,Data Scientist,TechNova,Delhi NCR,0-1 years,1459437,Contract,Python; SQL; Pandas; NumPy; Statistics; Machine Learning; Scikit-learn; Power BI; Azure; Git
JOB00701,Software Developer,InnoByte,Delhi NCR,0-1 years,553673,Internship,Python; SQL; Git; REST API; HTML; CSS; JavaScript; DSA; Statistics
JOB00702,Data Scientist,DataBridge,Mumbai,3-5 years,1453504,Full-time,Python; SQL; Pandas; NumPy; Statistics; Machine Learning; Scikit-learn; Power BI; Docker
JOB00703,Cloud Engineer,CodeCraft,Bengaluru,0-1 years,1823355,Full-time,Python; Linux; Git; AWS; Azure; Docker; Networking; Terraform; Deep Learning; Power BI; React
JOB00704,Cloud Engineer,VisionWorks,Hyderabad,1-3 years,1469670,Internship,Python; Linux; Git; AWS; Azure; Docker; Networking; Terraform; Scikit-learn; Pandas; HTML
JOB00705,Data Analyst,Aster Labs,Mumbai,0-1 years,2082572,Internship,Python; SQL; Excel; Power BI; Pandas; Statistics; Data Visualization; NumPy; Terraform
JOB00706,Cloud Engineer,NextGen Systems,Hyderabad,1-3 years,1955806,Contract,Python; Linux; Git; AWS; Azure; Docker; Networking; Terraform; PyTorch
JOB00707,Data Scientist,TechNova,Hyderabad,3-5 years,1873189,Full-time,Python; SQL; Pandas; NumPy; Statistics; Machine Learning; Scikit-learn; Power BI
JOB00708,Cloud Engineer,NextGen Systems,Chennai,0-1 years,363775,Contract,Python; Linux; Git; AWS; Azure; Docker; Networking; Terraform; NumPy
JOB00709,Software Developer,CloudPeak,Bengaluru,0-1 years,1516694,Contract,Python; SQL; Git; REST API; HTML; CSS; JavaScript; DSA; Terraform; Statistics
JOB00710,Data Analyst,Aster Labs,Mumbai,0-1 years,905720,Full-time,Python; SQL; Excel; Power BI; Pandas; Statistics; Data Visualization; Deep Learning
JOB00711,Data Analyst,DataBridge,Delhi NCR,0-1 years,1543415,Internship,Python; SQL; Excel; Power BI; Pandas; Statistics; Data Visualization; CSS; Node.js
JOB00712,Data Analyst,NextGen Systems,Bengaluru,3-5 years,1598290,Internship,Python; SQL; Excel; Power BI; Pandas; Statistics; Data Visualization; Docker; REST API; DSA
JOB00713,Data Scientist,TechNova,Remote,1-3 years,1986034,Contract,Python; SQL; Pandas; NumPy; Statistics; Machine Learning; Scikit-learn; Power BI
JOB00714,Data Scientist,CodeCraft,Bengaluru,1-3 years,1679357,Internship,Python; SQL; Pandas; NumPy; Statistics; Machine Learning; Scikit-learn; Power BI; DSA; Excel; AWS
JOB00715,Software Developer,DataBridge,Chennai,0-1 years,1035415,Internship,Python; SQL; Git; REST API; HTML; CSS; JavaScript; DSA; Terraform; Docker
JOB00716,AI/ML Engineer,CodeCraft,Hyderabad,1-3 years,815747,Full-time,Python; SQL; Pandas; NumPy; Machine Learning; Deep Learning; PyTorch; Git; React; Statistics; CSS
JOB00717,Full Stack Developer,TechNova,Mumbai,1-3 years,1548397,Contract,HTML; CSS; JavaScript; React; Node.js; SQL; Git; REST API; DSA; Scikit-learn
JOB00718,Software Developer,CloudPeak,Pune,3-5 years,1948098,Full-time,Python; SQL; Git; REST API; HTML; CSS; JavaScript; DSA; Statistics; PyTorch; Docker
JOB00719,Data Scientist,InnoByte,Hyderabad,1-3 years,858171,Contract,Python; SQL; Pandas; NumPy; Statistics; Machine Learning; Scikit-learn; Power BI; Docker; React; Excel
JOB00720,AI/ML Engineer,CodeCraft,Pune,1-3 years,585992,Contract,Python; SQL; Pandas; NumPy; Machine Learning; Deep Learning; PyTorch; Git
JOB00721,Full Stack Developer,NextGen Systems,Chennai,1-3 years,1964138,Internship,HTML; CSS; JavaScript; React; Node.js; SQL; Git; REST API; Pandas; AWS
JOB00722,Data Scientist,DataBridge,Chennai,3-5 years,444115,Contract,Python; SQL; Pandas; NumPy; Statistics; Machine Learning; Scikit-learn; Power BI; PyTorch
JOB00723,Full Stack Developer,TechNova,Chennai,3-5 years,585660,Full-time,HTML; CSS; JavaScript; React; Node.js; SQL; Git; REST API
JOB00724,Data Analyst,InnoByte,Hyderabad,1-3 years,1069892,Contract,Python; SQL; Excel; Power BI; Pandas; Statistics; Data Visualization
JOB00725,Software Developer,NextGen Systems,Mumbai,1-3 years,777402,Internship,Python; SQL; Git; REST API; HTML; CSS; JavaScript; DSA; Linux; Terraform
JOB00726,AI/ML Engineer,TechNova,Hyderabad,0-1 years,1139801,Full-time,Python; SQL; Pandas; NumPy; Machine Learning; Deep Learning; PyTorch; Git; AWS
JOB00727,Data Analyst,VisionWorks,Delhi NCR,0-1 years,461327,Full-time,Python; SQL; Excel; Power BI; Pandas; Statistics; Data Visualization; JavaScript
JOB00728,Data Scientist,NextGen Systems,Remote,3-5 years,390010,Contract,Python; SQL; Pandas; NumPy; Statistics; Machine Learning; Scikit-learn; Power BI; Linux; DSA
JOB00729,Full Stack Developer,InnoByte,Chennai,0-1 years,1366410,Internship,HTML; CSS; JavaScript; React; Node.js; SQL; Git; REST API; Statistics; Data Visualization; NumPy
JOB00730,Data Scientist,DataBridge,Mumbai,1-3 years,433366,Contract,Python; SQL; Pandas; NumPy; Statistics; Machine Learning; Scikit-learn; Power BI
JOB00731,Data Scientist,Aster Labs,Hyderabad,3-5 years,1785104,Contract,Python; SQL; Pandas; NumPy; Statistics; Machine Learning; Scikit-learn; Power BI; Deep Learning; AWS; Linux
JOB00732,Full Stack Developer,CodeCraft,Remote,0-1 years,2192719,Internship,HTML; CSS; JavaScript; React; Node.js; SQL; Git; REST API; Azure; Machine Learning
JOB00733,Data Analyst,CodeCraft,Delhi NCR,0-1 years,1066777,Full-time,Python; SQL; Excel; Power BI; Pandas; Statistics; Data Visualization; Deep Learning
JOB00734,AI/ML Engineer,CloudPeak,Pune,1-3 years,854073,Internship,Python; SQL; Pandas; NumPy; Machine Learning; Deep Learning; PyTorch; Git; Statistics; HTML; REST API
JOB00735,Data Analyst,CloudPeak,Mumbai,3-5 years,1718334,Internship,Python; SQL; Excel; Power BI; Pandas; Statistics; Data Visualization; Scikit-learn; Deep Learning; Git
JOB00736,Full Stack Developer,CloudPeak,Pune,0-1 years,1793956,Internship,HTML; CSS; JavaScript; React; Node.js; SQL; Git; REST API; Networking
JOB00737,Cloud Engineer,InnoByte,Chennai,1-3 years,492216,Full-time,Python; Linux; Git; AWS; Azure; Docker; Networking; Terraform; Pandas
JOB00738,AI/ML Engineer,Aster Labs,Pune,1-3 years,1955233,Contract,Python; SQL; Pandas; NumPy; Machine Learning; Deep Learning; PyTorch; Git
JOB00739,Data Scientist,CloudPeak,Chennai,0-1 years,573915,Internship,Python; SQL; Pandas; NumPy; Statistics; Machine Learning; Scikit-learn; Power BI; Data Visualization; Docker
JOB00740,Cloud Engineer,TechNova,Hyderabad,0-1 years,834258,Internship,Python; Linux; Git; AWS; Azure; Docker; Networking; Terraform; Machine Learning; Statistics
JOB00741,Data Scientist,VisionWorks,Delhi NCR,3-5 years,2124480,Contract,Python; SQL; Pandas; NumPy; Statistics; Machine Learning; Scikit-learn; Power BI; React
JOB00742,Full Stack Developer,DataBridge,Chennai,0-1 years,693484,Contract,HTML; CSS; JavaScript; React; Node.js; SQL; Git; REST API; Scikit-learn; Terraform; Deep Learning
JOB00743,Software Developer,DataBridge,Remote,0-1 years,1906855,Full-time,Python; SQL; Git; REST API; HTML; CSS; JavaScript; DSA; PyTorch; Machine Learning
JOB00744,Full Stack Developer,CodeCraft,Pune,0-1 years,867543,Internship,HTML; CSS; JavaScript; React; Node.js; SQL; Git; REST API; Scikit-learn; NumPy; Python
JOB00745,AI/ML Engineer,InnoByte,Pune,1-3 years,1441880,Full-time,Python; SQL; Pandas; NumPy; Machine Learning; Deep Learning; PyTorch; Git; Networking; Power BI; Azure
JOB00746,Full Stack Developer,NextGen Systems,Pune,1-3 years,748145,Contract,HTML; CSS; JavaScript; React; Node.js; SQL; Git; REST API; Azure; Power BI; Terraform
JOB00747,Data Analyst,TechNova,Delhi NCR,3-5 years,1635835,Full-time,Python; SQL; Excel; Power BI; Pandas; Statistics; Data Visualization; Docker; NumPy; Linux
JOB00748,Data Scientist,CloudPeak,Pune,1-3 years,727007,Contract,Python; SQL; Pandas; NumPy; Statistics; Machine Learning; Scikit-learn; Power BI; CSS; React; DSA
JOB00749,Data Scientist,VisionWorks,Mumbai,3-5 years,725135,Full-time,Python; SQL; Pandas; NumPy; Statistics; Machine Learning; Scikit-learn; Power BI
JOB00750,Data Scientist,Aster Labs,Delhi NCR,3-5 years,874460,Internship,Python; SQL; Pandas; NumPy; Statistics; Machine Learning; Scikit-learn; Power BI
JOB00751,Full Stack Developer,InnoByte,Delhi NCR,1-3 years,541241,Internship,HTML; CSS; JavaScript; React; Node.js; SQL; Git; REST API
JOB00752,Data Analyst,CodeCraft,Delhi NCR,3-5 years,1448524,Internship,Python; SQL; Excel; Power BI; Pandas; Statistics; Data Visualization
JOB00753,Full Stack Developer,CloudPeak,Hyderabad,3-5 years,1961158,Internship,HTML; CSS; JavaScript; React; Node.js; SQL; Git; REST API; Terraform; Power BI; Azure
JOB00754,Full Stack Developer,TechNova,Pune,1-3 years,725110,Contract,HTML; CSS; JavaScript; React; Node.js; SQL; Git; REST API; Deep Learning
JOB00755,AI/ML Engineer,DataBridge,Bengaluru,3-5 years,625924,Contract,Python; SQL; Pandas; NumPy; Machine Learning; Deep Learning; PyTorch; Git; Linux; Docker; DSA
JOB00756,Software Developer,VisionWorks,Chennai,0-1 years,1625034,Internship,Python; SQL; Git; REST API; HTML; CSS; JavaScript; DSA; Scikit-learn; Terraform; AWS
JOB00757,AI/ML Engineer,TechNova,Chennai,3-5 years,516524,Contract,Python; SQL; Pandas; NumPy; Machine Learning; Deep Learning; PyTorch; Git; React; REST API; Terraform
JOB00758,Cloud Engineer,CloudPeak,Bengaluru,3-5 years,737637,Contract,Python; Linux; Git; AWS; Azure; Docker; Networking; Terraform; DSA
JOB00759,Software Developer,NextGen Systems,Hyderabad,0-1 years,1748793,Full-time,Python; SQL; Git; REST API; HTML; CSS; JavaScript; DSA; Azure
JOB00760,Software Developer,CloudPeak,Pune,3-5 years,1631548,Internship,Python; SQL; Git; REST API; HTML; CSS; JavaScript; DSA; Excel; Terraform; Node.js
JOB00761,Data Analyst,NextGen Systems,Hyderabad,1-3 years,545299,Contract,Python; SQL; Excel; Power BI; Pandas; Statistics; Data Visualization
JOB00762,Software Developer,CloudPeak,Bengaluru,3-5 years,1337374,Contract,Python; SQL; Git; REST API; HTML; CSS; JavaScript; DSA; Terraform; Data Visualization; Node.js
JOB00763,Data Analyst,TechNova,Bengaluru,3-5 years,1633569,Internship,Python; SQL; Excel; Power BI; Pandas; Statistics; Data Visualization; React; Git; Scikit-learn
JOB00764,AI/ML Engineer,NextGen Systems,Pune,3-5 years,1364314,Contract,Python; SQL; Pandas; NumPy; Machine Learning; Deep Learning; PyTorch; Git
JOB00765,Data Analyst,VisionWorks,Pune,0-1 years,1439902,Internship,Python; SQL; Excel; Power BI; Pandas; Statistics; Data Visualization; Deep Learning; REST API
JOB00766,Full Stack Developer,TechNova,Pune,3-5 years,597898,Full-time,HTML; CSS; JavaScript; React; Node.js; SQL; Git; REST API; Excel; AWS
JOB00767,AI/ML Engineer,TechNova,Hyderabad,1-3 years,1218307,Internship,Python; SQL; Pandas; NumPy; Machine Learning; Deep Learning; PyTorch; Git; REST API
JOB00768,AI/ML Engineer,DataBridge,Delhi NCR,1-3 years,1693473,Contract,Python; SQL; Pandas; NumPy; Machine Learning; Deep Learning; PyTorch; Git; AWS
JOB00769,Software Developer,Aster Labs,Remote,0-1 years,1503420,Full-time,Python; SQL; Git; REST API; HTML; CSS; JavaScript; DSA; Node.js; Statistics
JOB00770,AI/ML Engineer,TechNova,Remote,0-1 years,1869169,Full-time,Python; SQL; Pandas; NumPy; Machine Learning; Deep Learning; PyTorch; Git; Networking; Power BI
JOB00771,Data Analyst,TechNova,Delhi NCR,0-1 years,2021963,Contract,Python; SQL; Excel; Power BI; Pandas; Statistics; Data Visualization; REST API; Terraform
JOB00772,Full Stack Developer,CodeCraft,Delhi NCR,0-1 years,1994144,Internship,HTML; CSS; JavaScript; React; Node.js; SQL; Git; REST API; Terraform; NumPy; Python
JOB00773,Data Analyst,DataBridge,Mumbai,3-5 years,389255,Contract,Python; SQL; Excel; Power BI; Pandas; Statistics; Data Visualization; Scikit-learn; Terraform
JOB00774,Data Analyst,NextGen Systems,Remote,0-1 years,663115,Contract,Python; SQL; Excel; Power BI; Pandas; Statistics; Data Visualization
JOB00775,Data Scientist,InnoByte,Remote,1-3 years,742962,Internship,Python; SQL; Pandas; NumPy; Statistics; Machine Learning; Scikit-learn; Power BI; Networking
JOB00776,Data Analyst,CodeCraft,Bengaluru,1-3 years,919371,Full-time,Python; SQL; Excel; Power BI; Pandas; Statistics; Data Visualization
JOB00777,Data Analyst,CloudPeak,Bengaluru,1-3 years,984007,Full-time,Python; SQL; Excel; Power BI; Pandas; Statistics; Data Visualization; Linux; Git; React
JOB00778,Full Stack Developer,TechNova,Remote,1-3 years,1280661,Internship,HTML; CSS; JavaScript; React; Node.js; SQL; Git; REST API
JOB00779,Full Stack Developer,NextGen Systems,Remote,1-3 years,1363914,Full-time,HTML; CSS; JavaScript; React; Node.js; SQL; Git; REST API; NumPy
JOB00780,Software Developer,TechNova,Pune,1-3 years,1869534,Internship,Python; SQL; Git; REST API; HTML; CSS; JavaScript; DSA; Linux
JOB00781,Cloud Engineer,NextGen Systems,Bengaluru,3-5 years,358619,Internship,Python; Linux; Git; AWS; Azure; Docker; Networking; Terraform
JOB00782,Software Developer,NextGen Systems,Bengaluru,3-5 years,566222,Contract,Python; SQL; Git; REST API; HTML; CSS; JavaScript; DSA; React; Azure
JOB00783,AI/ML Engineer,DataBridge,Hyderabad,1-3 years,770595,Internship,Python; SQL; Pandas; NumPy; Machine Learning; Deep Learning; PyTorch; Git; Networking
JOB00784,Data Analyst,NextGen Systems,Bengaluru,0-1 years,680293,Internship,Python; SQL; Excel; Power BI; Pandas; Statistics; Data Visualization; DSA; JavaScript; Deep Learning
JOB00785,Cloud Engineer,Aster Labs,Mumbai,1-3 years,783224,Contract,Python; Linux; Git; AWS; Azure; Docker; Networking; Terraform
JOB00786,Full Stack Developer,NextGen Systems,Mumbai,1-3 years,499407,Internship,HTML; CSS; JavaScript; React; Node.js; SQL; Git; REST API; Linux; Docker
JOB00787,Data Scientist,TechNova,Pune,3-5 years,622784,Full-time,Python; SQL; Pandas; NumPy; Statistics; Machine Learning; Scikit-learn; Power BI
JOB00788,Software Developer,CloudPeak,Delhi NCR,3-5 years,1171909,Internship,Python; SQL; Git; REST API; HTML; CSS; JavaScript; DSA; Azure; Data Visualization; PyTorch
JOB00789,AI/ML Engineer,DataBridge,Delhi NCR,3-5 years,2064300,Internship,Python; SQL; Pandas; NumPy; Machine Learning; Deep Learning; PyTorch; Git; Node.js; Linux; Networking
JOB00790,Software Developer,VisionWorks,Hyderabad,3-5 years,553975,Internship,Python; SQL; Git; REST API; HTML; CSS; JavaScript; DSA; Docker; Data Visualization; React
JOB00791,AI/ML Engineer,NextGen Systems,Hyderabad,1-3 years,651406,Full-time,Python; SQL; Pandas; NumPy; Machine Learning; Deep Learning; PyTorch; Git; Scikit-learn; HTML; Statistics
JOB00792,AI/ML Engineer,TechNova,Bengaluru,1-3 years,1372375,Full-time,Python; SQL; Pandas; NumPy; Machine Learning; Deep Learning; PyTorch; Git; Networking; React
JOB00793,Data Analyst,Aster Labs,Mumbai,3-5 years,1960490,Full-time,Python; SQL; Excel; Power BI; Pandas; Statistics; Data Visualization; PyTorch; Docker; Linux
JOB00794,Cloud Engineer,InnoByte,Hyderabad,3-5 years,1200785,Internship,Python; Linux; Git; AWS; Azure; Docker; Networking; Terraform
JOB00795,Software Developer,CodeCraft,Chennai,3-5 years,1190573,Full-time,Python; SQL; Git; REST API; HTML; CSS; JavaScript; DSA; Terraform; React
JOB00796,Cloud Engineer,InnoByte,Hyderabad,0-1 years,1154921,Internship,Python; Linux; Git; AWS; Azure; Docker; Networking; Terraform; SQL
JOB00797,Cloud Engineer,InnoByte,Delhi NCR,3-5 years,712986,Internship,Python; Linux; Git; AWS; Azure; Docker; Networking; Terraform; REST API; Pandas; Machine Learning
JOB00798,Data Scientist,VisionWorks,Hyderabad,3-5 years,1591856,Full-time,Python; SQL; Pandas; NumPy; Statistics; Machine Learning; Scikit-learn; Power BI
JOB00799,Data Scientist,InnoByte,Mumbai,0-1 years,1201011,Internship,Python; SQL; Pandas; NumPy; Statistics; Machine Learning; Scikit-learn; Power BI; HTML
JOB00800,Cloud Engineer,DataBridge,Remote,0-1 years,539861,Internship,Python; Linux; Git; AWS; Azure; Docker; Networking; Terraform; Pandas; SQL; DSA
JOB00801,AI/ML Engineer,CloudPeak,Delhi NCR,0-1 years,1937707,Contract,Python; SQL; Pandas; NumPy; Machine Learning; Deep Learning; PyTorch; Git
JOB00802,Cloud Engineer,DataBridge,Delhi NCR,1-3 years,760342,Contract,Python; Linux; Git; AWS; Azure; Docker; Networking; Terraform; PyTorch; React
JOB00803,Cloud Engineer,TechNova,Mumbai,3-5 years,537249,Contract,Python; Linux; Git; AWS; Azure; Docker; Networking; Terraform; REST API; Power BI
JOB00804,Full Stack Developer,TechNova,Bengaluru,3-5 years,1501095,Internship,HTML; CSS; JavaScript; React; Node.js; SQL; Git; REST API; Azure; Pandas
JOB00805,Data Analyst,NextGen Systems,Remote,0-1 years,2156167,Full-time,Python; SQL; Excel; Power BI; Pandas; Statistics; Data Visualization
JOB00806,Data Scientist,CodeCraft,Mumbai,0-1 years,1150199,Internship,Python; SQL; Pandas; NumPy; Statistics; Machine Learning; Scikit-learn; Power BI; JavaScript; Networking; React
JOB00807,Full Stack Developer,Aster Labs,Remote,1-3 years,2118586,Full-time,HTML; CSS; JavaScript; React; Node.js; SQL; Git; REST API; Deep Learning; Excel; Power BI
JOB00808,Data Analyst,InnoByte,Delhi NCR,0-1 years,374332,Full-time,Python; SQL; Excel; Power BI; Pandas; Statistics; Data Visualization; Deep Learning
JOB00809,AI/ML Engineer,CodeCraft,Remote,1-3 years,637771,Internship,Python; SQL; Pandas; NumPy; Machine Learning; Deep Learning; PyTorch; Git; REST API; Data Visualization; CSS
JOB00810,Cloud Engineer,VisionWorks,Pune,1-3 years,1507732,Full-time,Python; Linux; Git; AWS; Azure; Docker; Networking; Terraform; HTML; React; REST API
JOB00811,Full Stack Developer,NextGen Systems,Pune,3-5 years,1843444,Internship,HTML; CSS; JavaScript; React; Node.js; SQL; Git; REST API; AWS; Scikit-learn; Linux
JOB00812,Data Analyst,VisionWorks,Delhi NCR,1-3 years,429408,Full-time,Python; SQL; Excel; Power BI; Pandas; Statistics; Data Visualization
JOB00813,Cloud Engineer,InnoByte,Mumbai,3-5 years,1325042,Full-time,Python; Linux; Git; AWS; Azure; Docker; Networking; Terraform; Data Visualization; Excel; Node.js
JOB00814,Full Stack Developer,TechNova,Pune,1-3 years,1070468,Internship,HTML; CSS; JavaScript; React; Node.js; SQL; Git; REST API; DSA; Networking; Azure
JOB00815,Data Scientist,NextGen Systems,Hyderabad,0-1 years,2023995,Full-time,Python; SQL; Pandas; NumPy; Statistics; Machine Learning; Scikit-learn; Power BI; Node.js; Linux
JOB00816,AI/ML Engineer,VisionWorks,Mumbai,0-1 years,1669737,Internship,Python; SQL; Pandas; NumPy; Machine Learning; Deep Learning; PyTorch; Git; JavaScript; Azure
JOB00817,Software Developer,InnoByte,Chennai,3-5 years,1366615,Full-time,Python; SQL; Git; REST API; HTML; CSS; JavaScript; DSA; AWS; Node.js
JOB00818,Data Analyst,NextGen Systems,Bengaluru,3-5 years,927172,Full-time,Python; SQL; Excel; Power BI; Pandas; Statistics; Data Visualization; Deep Learning; JavaScript
JOB00819,Cloud Engineer,VisionWorks,Hyderabad,0-1 years,1732349,Contract,Python; Linux; Git; AWS; Azure; Docker; Networking; Terraform; Excel
JOB00820,AI/ML Engineer,TechNova,Hyderabad,0-1 years,729184,Full-time,Python; SQL; Pandas; NumPy; Machine Learning; Deep Learning; PyTorch; Git; Scikit-learn
JOB00821,Cloud Engineer,CodeCraft,Remote,1-3 years,1928654,Full-time,Python; Linux; Git; AWS; Azure; Docker; Networking; Terraform; SQL
JOB00822,AI/ML Engineer,NextGen Systems,Remote,0-1 years,463929,Full-time,Python; SQL; Pandas; NumPy; Machine Learning; Deep Learning; PyTorch; Git; Docker; Excel; Node.js
JOB00823,Full Stack Developer,DataBridge,Pune,3-5 years,1348802,Internship,HTML; CSS; JavaScript; React; Node.js; SQL; Git; REST API; Power BI; Scikit-learn; Networking
JOB00824,Data Scientist,NextGen Systems,Remote,1-3 years,374878,Contract,Python; SQL; Pandas; NumPy; Statistics; Machine Learning; Scikit-learn; Power BI; Git; Data Visualization; Node.js
JOB00825,AI/ML Engineer,Aster Labs,Remote,1-3 years,554187,Internship,Python; SQL; Pandas; NumPy; Machine Learning; Deep Learning; PyTorch; Git; Statistics; Azure
JOB00826,AI/ML Engineer,InnoByte,Hyderabad,3-5 years,910123,Internship,Python; SQL; Pandas; NumPy; Machine Learning; Deep Learning; PyTorch; Git; Networking; JavaScript
JOB00827,Data Scientist,CloudPeak,Hyderabad,3-5 years,1771277,Full-time,Python; SQL; Pandas; NumPy; Statistics; Machine Learning; Scikit-learn; Power BI; Excel; Docker; JavaScript
JOB00828,AI/ML Engineer,InnoByte,Bengaluru,1-3 years,2094179,Full-time,Python; SQL; Pandas; NumPy; Machine Learning; Deep Learning; PyTorch; Git
JOB00829,Cloud Engineer,VisionWorks,Hyderabad,0-1 years,1787596,Internship,Python; Linux; Git; AWS; Azure; Docker; Networking; Terraform
JOB00830,Data Analyst,InnoByte,Bengaluru,3-5 years,399703,Internship,Python; SQL; Excel; Power BI; Pandas; Statistics; Data Visualization; Git; Azure
JOB00831,Full Stack Developer,InnoByte,Bengaluru,3-5 years,1834941,Full-time,HTML; CSS; JavaScript; React; Node.js; SQL; Git; REST API
JOB00832,Data Scientist,CloudPeak,Hyderabad,1-3 years,1808891,Contract,Python; SQL; Pandas; NumPy; Statistics; Machine Learning; Scikit-learn; Power BI; DSA
JOB00833,AI/ML Engineer,VisionWorks,Hyderabad,1-3 years,1689619,Internship,Python; SQL; Pandas; NumPy; Machine Learning; Deep Learning; PyTorch; Git
JOB00834,AI/ML Engineer,InnoByte,Hyderabad,0-1 years,1987312,Contract,Python; SQL; Pandas; NumPy; Machine Learning; Deep Learning; PyTorch; Git; JavaScript; Docker
JOB00835,Data Scientist,NextGen Systems,Chennai,1-3 years,2054566,Full-time,Python; SQL; Pandas; NumPy; Statistics; Machine Learning; Scikit-learn; Power BI; Azure; Git
JOB00836,Data Scientist,VisionWorks,Bengaluru,0-1 years,724220,Internship,Python; SQL; Pandas; NumPy; Statistics; Machine Learning; Scikit-learn; Power BI; Networking
JOB00837,Data Scientist,NextGen Systems,Bengaluru,0-1 years,1276063,Full-time,Python; SQL; Pandas; NumPy; Statistics; Machine Learning; Scikit-learn; Power BI; DSA
JOB00838,Software Developer,CloudPeak,Delhi NCR,3-5 years,1393755,Full-time,Python; SQL; Git; REST API; HTML; CSS; JavaScript; DSA; React; AWS
JOB00839,Software Developer,TechNova,Mumbai,3-5 years,1170679,Contract,Python; SQL; Git; REST API; HTML; CSS; JavaScript; DSA; Networking; Docker; NumPy
JOB00840,Data Scientist,CodeCraft,Delhi NCR,1-3 years,356936,Full-time,Python; SQL; Pandas; NumPy; Statistics; Machine Learning; Scikit-learn; Power BI; Networking; CSS; Excel
JOB00841,Cloud Engineer,TechNova,Delhi NCR,3-5 years,1190150,Full-time,Python; Linux; Git; AWS; Azure; Docker; Networking; Terraform; Pandas; NumPy
JOB00842,Data Analyst,NextGen Systems,Delhi NCR,0-1 years,1944785,Full-time,Python; SQL; Excel; Power BI; Pandas; Statistics; Data Visualization; CSS; PyTorch
JOB00843,Cloud Engineer,DataBridge,Hyderabad,3-5 years,1155649,Contract,Python; Linux; Git; AWS; Azure; Docker; Networking; Terraform
JOB00844,Software Developer,VisionWorks,Delhi NCR,0-1 years,1677059,Full-time,Python; SQL; Git; REST API; HTML; CSS; JavaScript; DSA; Scikit-learn; Data Visualization
JOB00845,Software Developer,DataBridge,Pune,1-3 years,1859402,Full-time,Python; SQL; Git; REST API; HTML; CSS; JavaScript; DSA; AWS
JOB00846,Cloud Engineer,TechNova,Hyderabad,0-1 years,384431,Contract,Python; Linux; Git; AWS; Azure; Docker; Networking; Terraform; SQL; React
JOB00847,AI/ML Engineer,InnoByte,Chennai,3-5 years,1200411,Internship,Python; SQL; Pandas; NumPy; Machine Learning; Deep Learning; PyTorch; Git
JOB00848,Cloud Engineer,TechNova,Delhi NCR,0-1 years,501065,Contract,Python; Linux; Git; AWS; Azure; Docker; Networking; Terraform; Statistics; Excel; Machine Learning
JOB00849,AI/ML Engineer,TechNova,Chennai,3-5 years,1338219,Internship,Python; SQL; Pandas; NumPy; Machine Learning; Deep Learning; PyTorch; Git
JOB00850,Full Stack Developer,TechNova,Hyderabad,0-1 years,711232,Contract,HTML; CSS; JavaScript; React; Node.js; SQL; Git; REST API
JOB00851,Cloud Engineer,InnoByte,Bengaluru,1-3 years,2065051,Internship,Python; Linux; Git; AWS; Azure; Docker; Networking; Terraform; Data Visualization
JOB00852,Cloud Engineer,DataBridge,Pune,1-3 years,2037061,Internship,Python; Linux; Git; AWS; Azure; Docker; Networking; Terraform; Data Visualization
JOB00853,AI/ML Engineer,DataBridge,Remote,0-1 years,1024422,Internship,Python; SQL; Pandas; NumPy; Machine Learning; Deep Learning; PyTorch; Git; Networking; DSA; Data Visualization
JOB00854,Full Stack Developer,CloudPeak,Remote,1-3 years,924396,Full-time,HTML; CSS; JavaScript; React; Node.js; SQL; Git; REST API; DSA; Data Visualization
JOB00855,AI/ML Engineer,DataBridge,Mumbai,0-1 years,1269939,Full-time,Python; SQL; Pandas; NumPy; Machine Learning; Deep Learning; PyTorch; Git; Terraform; Docker
JOB00856,Software Developer,TechNova,Bengaluru,0-1 years,519287,Full-time,Python; SQL; Git; REST API; HTML; CSS; JavaScript; DSA; Excel; AWS; Scikit-learn
JOB00857,AI/ML Engineer,CloudPeak,Chennai,0-1 years,1801980,Internship,Python; SQL; Pandas; NumPy; Machine Learning; Deep Learning; PyTorch; Git; REST API; Scikit-learn
JOB00858,Data Analyst,TechNova,Mumbai,0-1 years,1630390,Internship,Python; SQL; Excel; Power BI; Pandas; Statistics; Data Visualization; NumPy; HTML; Docker
JOB00859,Data Scientist,NextGen Systems,Hyderabad,1-3 years,1665316,Full-time,Python; SQL; Pandas; NumPy; Statistics; Machine Learning; Scikit-learn; Power BI
JOB00860,Cloud Engineer,InnoByte,Mumbai,1-3 years,596431,Internship,Python; Linux; Git; AWS; Azure; Docker; Networking; Terraform; JavaScript
JOB00861,Cloud Engineer,DataBridge,Hyderabad,0-1 years,1965501,Full-time,Python; Linux; Git; AWS; Azure; Docker; Networking; Terraform; React
JOB00862,Software Developer,CloudPeak,Chennai,3-5 years,1393364,Full-time,Python; SQL; Git; REST API; HTML; CSS; JavaScript; DSA; Scikit-learn
JOB00863,Software Developer,NextGen Systems,Hyderabad,3-5 years,1261572,Contract,Python; SQL; Git; REST API; HTML; CSS; JavaScript; DSA; Node.js; Linux
JOB00864,Software Developer,TechNova,Mumbai,0-1 years,1902766,Full-time,Python; SQL; Git; REST API; HTML; CSS; JavaScript; DSA
JOB00865,Software Developer,VisionWorks,Mumbai,3-5 years,843459,Contract,Python; SQL; Git; REST API; HTML; CSS; JavaScript; DSA; Statistics; Deep Learning; Data Visualization
JOB00866,Data Scientist,InnoByte,Hyderabad,0-1 years,832477,Full-time,Python; SQL; Pandas; NumPy; Statistics; Machine Learning; Scikit-learn; Power BI; JavaScript
JOB00867,Full Stack Developer,VisionWorks,Mumbai,1-3 years,504202,Full-time,HTML; CSS; JavaScript; React; Node.js; SQL; Git; REST API; Excel; Power BI; Linux
JOB00868,Data Scientist,VisionWorks,Chennai,1-3 years,1628074,Contract,Python; SQL; Pandas; NumPy; Statistics; Machine Learning; Scikit-learn; Power BI; Docker
JOB00869,Full Stack Developer,Aster Labs,Chennai,0-1 years,774066,Internship,HTML; CSS; JavaScript; React; Node.js; SQL; Git; REST API; Excel; Pandas; Machine Learning
JOB00870,Cloud Engineer,CloudPeak,Bengaluru,1-3 years,938469,Contract,Python; Linux; Git; AWS; Azure; Docker; Networking; Terraform
JOB00871,Data Scientist,NextGen Systems,Mumbai,0-1 years,811066,Internship,Python; SQL; Pandas; NumPy; Statistics; Machine Learning; Scikit-learn; Power BI; JavaScript
JOB00872,Cloud Engineer,DataBridge,Bengaluru,1-3 years,2143073,Internship,Python; Linux; Git; AWS; Azure; Docker; Networking; Terraform; Statistics
JOB00873,Data Scientist,VisionWorks,Hyderabad,0-1 years,2105293,Internship,Python; SQL; Pandas; NumPy; Statistics; Machine Learning; Scikit-learn; Power BI; REST API
JOB00874,Data Scientist,CodeCraft,Mumbai,0-1 years,1036389,Internship,Python; SQL; Pandas; NumPy; Statistics; Machine Learning; Scikit-learn; Power BI; Excel
JOB00875,Full Stack Developer,TechNova,Bengaluru,1-3 years,1226131,Internship,HTML; CSS; JavaScript; React; Node.js; SQL; Git; REST API
JOB00876,Cloud Engineer,CodeCraft,Pune,3-5 years,1242752,Full-time,Python; Linux; Git; AWS; Azure; Docker; Networking; Terraform
JOB00877,Data Scientist,CodeCraft,Chennai,0-1 years,1803661,Contract,Python; SQL; Pandas; NumPy; Statistics; Machine Learning; Scikit-learn; Power BI; Excel; CSS; AWS
JOB00878,Data Analyst,VisionWorks,Delhi NCR,1-3 years,383407,Full-time,Python; SQL; Excel; Power BI; Pandas; Statistics; Data Visualization; CSS
JOB00879,AI/ML Engineer,CloudPeak,Remote,3-5 years,1968655,Contract,Python; SQL; Pandas; NumPy; Machine Learning; Deep Learning; PyTorch; Git; AWS; React; Statistics
JOB00880,Full Stack Developer,InnoByte,Pune,3-5 years,2154353,Contract,HTML; CSS; JavaScript; React; Node.js; SQL; Git; REST API; Python; AWS
JOB00881,Cloud Engineer,CodeCraft,Remote,1-3 years,971994,Internship,Python; Linux; Git; AWS; Azure; Docker; Networking; Terraform
JOB00882,Cloud Engineer,Aster Labs,Delhi NCR,0-1 years,1651188,Internship,Python; Linux; Git; AWS; Azure; Docker; Networking; Terraform; Data Visualization
JOB00883,AI/ML Engineer,Aster Labs,Pune,3-5 years,1153114,Full-time,Python; SQL; Pandas; NumPy; Machine Learning; Deep Learning; PyTorch; Git; Azure; DSA
JOB00884,Data Analyst,InnoByte,Mumbai,3-5 years,1828227,Full-time,Python; SQL; Excel; Power BI; Pandas; Statistics; Data Visualization; Docker; Scikit-learn
JOB00885,Full Stack Developer,VisionWorks,Delhi NCR,3-5 years,1711132,Internship,HTML; CSS; JavaScript; React; Node.js; SQL; Git; REST API; Linux; Data Visualization
JOB00886,Full Stack Developer,NextGen Systems,Mumbai,3-5 years,1089689,Contract,HTML; CSS; JavaScript; React; Node.js; SQL; Git; REST API; NumPy
JOB00887,Data Analyst,Aster Labs,Hyderabad,1-3 years,482894,Contract,Python; SQL; Excel; Power BI; Pandas; Statistics; Data Visualization
JOB00888,Cloud Engineer,NextGen Systems,Pune,3-5 years,1336005,Contract,Python; Linux; Git; AWS; Azure; Docker; Networking; Terraform
JOB00889,AI/ML Engineer,VisionWorks,Bengaluru,0-1 years,745006,Contract,Python; SQL; Pandas; NumPy; Machine Learning; Deep Learning; PyTorch; Git
JOB00890,Full Stack Developer,NextGen Systems,Bengaluru,3-5 years,695539,Full-time,HTML; CSS; JavaScript; React; Node.js; SQL; Git; REST API; DSA; Data Visualization
JOB00891,Data Scientist,TechNova,Hyderabad,1-3 years,1441961,Internship,Python; SQL; Pandas; NumPy; Statistics; Machine Learning; Scikit-learn; Power BI; Docker
JOB00892,Cloud Engineer,CodeCraft,Pune,3-5 years,1077083,Internship,Python; Linux; Git; AWS; Azure; Docker; Networking; Terraform; SQL
JOB00893,Software Developer,DataBridge,Remote,3-5 years,396214,Internship,Python; SQL; Git; REST API; HTML; CSS; JavaScript; DSA; Linux; Data Visualization
JOB00894,Data Analyst,VisionWorks,Pune,1-3 years,1369527,Internship,Python; SQL; Excel; Power BI; Pandas; Statistics; Data Visualization; Terraform; Machine Learning; Scikit-learn
JOB00895,Full Stack Developer,VisionWorks,Hyderabad,1-3 years,825596,Full-time,HTML; CSS; JavaScript; React; Node.js; SQL; Git; REST API; Docker; Machine Learning
JOB00896,Full Stack Developer,CloudPeak,Delhi NCR,3-5 years,698888,Contract,HTML; CSS; JavaScript; React; Node.js; SQL; Git; REST API; Networking; Python
JOB00897,Full Stack Developer,DataBridge,Bengaluru,0-1 years,688175,Contract,HTML; CSS; JavaScript; React; Node.js; SQL; Git; REST API; Deep Learning
JOB00898,Cloud Engineer,Aster Labs,Chennai,0-1 years,896113,Internship,Python; Linux; Git; AWS; Azure; Docker; Networking; Terraform; React
JOB00899,AI/ML Engineer,Aster Labs,Hyderabad,0-1 years,1745766,Contract,Python; SQL; Pandas; NumPy; Machine Learning; Deep Learning; PyTorch; Git
JOB00900,Data Scientist,InnoByte,Bengaluru,1-3 years,982416,Contract,Python; SQL; Pandas; NumPy; Statistics; Machine Learning; Scikit-learn; Power BI; Terraform
JOB00901,Full Stack Developer,Aster Labs,Delhi NCR,3-5 years,1898736,Contract,HTML; CSS; JavaScript; React; Node.js; SQL; Git; REST API; NumPy; Deep Learning; AWS
JOB00902,Data Scientist,InnoByte,Delhi NCR,1-3 years,1060272,Full-time,Python; SQL; Pandas; NumPy; Statistics; Machine Learning; Scikit-learn; Power BI; Data Visualization; PyTorch
JOB00903,Full Stack Developer,TechNova,Pune,3-5 years,996095,Full-time,HTML; CSS; JavaScript; React; Node.js; SQL; Git; REST API
JOB00904,Data Scientist,DataBridge,Mumbai,3-5 years,465413,Full-time,Python; SQL; Pandas; NumPy; Statistics; Machine Learning; Scikit-learn; Power BI; CSS; JavaScript
JOB00905,Data Analyst,VisionWorks,Delhi NCR,3-5 years,525299,Full-time,Python; SQL; Excel; Power BI; Pandas; Statistics; Data Visualization; AWS
JOB00906,Cloud Engineer,TechNova,Delhi NCR,1-3 years,1614943,Contract,Python; Linux; Git; AWS; Azure; Docker; Networking; Terraform; JavaScript; SQL; Pandas
JOB00907,Full Stack Developer,NextGen Systems,Hyderabad,1-3 years,375565,Contract,HTML; CSS; JavaScript; React; Node.js; SQL; Git; REST API; Pandas; Power BI; Terraform
JOB00908,Data Scientist,VisionWorks,Delhi NCR,1-3 years,802345,Contract,Python; SQL; Pandas; NumPy; Statistics; Machine Learning; Scikit-learn; Power BI
JOB00909,Data Analyst,CodeCraft,Chennai,3-5 years,1877996,Internship,Python; SQL; Excel; Power BI; Pandas; Statistics; Data Visualization; NumPy
JOB00910,Software Developer,VisionWorks,Remote,3-5 years,985921,Contract,Python; SQL; Git; REST API; HTML; CSS; JavaScript; DSA; Linux
JOB00911,Software Developer,NextGen Systems,Pune,0-1 years,1689673,Internship,Python; SQL; Git; REST API; HTML; CSS; JavaScript; DSA; Data Visualization; AWS; PyTorch
JOB00912,Data Scientist,CodeCraft,Hyderabad,3-5 years,740083,Contract,Python; SQL; Pandas; NumPy; Statistics; Machine Learning; Scikit-learn; Power BI; Docker
JOB00913,Software Developer,VisionWorks,Chennai,0-1 years,1522897,Full-time,Python; SQL; Git; REST API; HTML; CSS; JavaScript; DSA; Node.js; Scikit-learn
JOB00914,Full Stack Developer,NextGen Systems,Pune,0-1 years,610417,Contract,HTML; CSS; JavaScript; React; Node.js; SQL; Git; REST API; Networking; Scikit-learn
JOB00915,AI/ML Engineer,NextGen Systems,Pune,0-1 years,600304,Internship,Python; SQL; Pandas; NumPy; Machine Learning; Deep Learning; PyTorch; Git; AWS
JOB00916,AI/ML Engineer,NextGen Systems,Delhi NCR,3-5 years,2171053,Contract,Python; SQL; Pandas; NumPy; Machine Learning; Deep Learning; PyTorch; Git; Scikit-learn; REST API
JOB00917,AI/ML Engineer,TechNova,Remote,1-3 years,1132661,Full-time,Python; SQL; Pandas; NumPy; Machine Learning; Deep Learning; PyTorch; Git
JOB00918,Cloud Engineer,Aster Labs,Pune,3-5 years,656471,Full-time,Python; Linux; Git; AWS; Azure; Docker; Networking; Terraform
JOB00919,Data Analyst,Aster Labs,Pune,3-5 years,921831,Contract,Python; SQL; Excel; Power BI; Pandas; Statistics; Data Visualization; Azure
JOB00920,Software Developer,InnoByte,Mumbai,0-1 years,1689967,Internship,Python; SQL; Git; REST API; HTML; CSS; JavaScript; DSA; Node.js; Statistics
JOB00921,Full Stack Developer,CloudPeak,Mumbai,1-3 years,1605695,Contract,HTML; CSS; JavaScript; React; Node.js; SQL; Git; REST API
JOB00922,AI/ML Engineer,Aster Labs,Remote,0-1 years,550977,Full-time,Python; SQL; Pandas; NumPy; Machine Learning; Deep Learning; PyTorch; Git; JavaScript; Node.js
JOB00923,Full Stack Developer,Aster Labs,Chennai,0-1 years,1214015,Full-time,HTML; CSS; JavaScript; React; Node.js; SQL; Git; REST API; Pandas; Scikit-learn
JOB00924,Full Stack Developer,InnoByte,Pune,1-3 years,2017459,Full-time,HTML; CSS; JavaScript; React; Node.js; SQL; Git; REST API; Excel
JOB00925,Software Developer,Aster Labs,Hyderabad,3-5 years,1355622,Contract,Python; SQL; Git; REST API; HTML; CSS; JavaScript; DSA; AWS
JOB00926,Full Stack Developer,NextGen Systems,Bengaluru,3-5 years,1838757,Full-time,HTML; CSS; JavaScript; React; Node.js; SQL; Git; REST API; Statistics; NumPy; Docker
JOB00927,Full Stack Developer,DataBridge,Hyderabad,0-1 years,1792939,Full-time,HTML; CSS; JavaScript; React; Node.js; SQL; Git; REST API; Deep Learning
JOB00928,Full Stack Developer,InnoByte,Bengaluru,0-1 years,1240880,Contract,HTML; CSS; JavaScript; React; Node.js; SQL; Git; REST API
JOB00929,Data Scientist,InnoByte,Bengaluru,3-5 years,761777,Internship,Python; SQL; Pandas; NumPy; Statistics; Machine Learning; Scikit-learn; Power BI
JOB00930,Cloud Engineer,InnoByte,Hyderabad,0-1 years,1333736,Full-time,Python; Linux; Git; AWS; Azure; Docker; Networking; Terraform
JOB00931,Data Analyst,InnoByte,Remote,0-1 years,1932406,Internship,Python; SQL; Excel; Power BI; Pandas; Statistics; Data Visualization
JOB00932,Full Stack Developer,Aster Labs,Bengaluru,0-1 years,1756351,Full-time,HTML; CSS; JavaScript; React; Node.js; SQL; Git; REST API; Docker
JOB00933,AI/ML Engineer,DataBridge,Mumbai,3-5 years,686713,Full-time,Python; SQL; Pandas; NumPy; Machine Learning; Deep Learning; PyTorch; Git; Node.js; Terraform
JOB00934,Software Developer,DataBridge,Delhi NCR,0-1 years,1459055,Contract,Python; SQL; Git; REST API; HTML; CSS; JavaScript; DSA
JOB00935,Full Stack Developer,InnoByte,Chennai,3-5 years,1871167,Internship,HTML; CSS; JavaScript; React; Node.js; SQL; Git; REST API
JOB00936,Data Scientist,InnoByte,Chennai,1-3 years,1762485,Contract,Python; SQL; Pandas; NumPy; Statistics; Machine Learning; Scikit-learn; Power BI; Deep Learning; PyTorch
JOB00937,Data Scientist,CodeCraft,Bengaluru,1-3 years,827215,Full-time,Python; SQL; Pandas; NumPy; Statistics; Machine Learning; Scikit-learn; Power BI; React
JOB00938,Data Scientist,CloudPeak,Pune,1-3 years,1439947,Internship,Python; SQL; Pandas; NumPy; Statistics; Machine Learning; Scikit-learn; Power BI
JOB00939,Data Analyst,Aster Labs,Pune,0-1 years,522486,Contract,Python; SQL; Excel; Power BI; Pandas; Statistics; Data Visualization
JOB00940,Data Analyst,CodeCraft,Hyderabad,1-3 years,1511645,Full-time,Python; SQL; Excel; Power BI; Pandas; Statistics; Data Visualization; Linux; PyTorch; HTML
JOB00941,Software Developer,VisionWorks,Delhi NCR,0-1 years,1763813,Contract,Python; SQL; Git; REST API; HTML; CSS; JavaScript; DSA; Pandas; Excel; AWS
JOB00942,Data Scientist,CloudPeak,Pune,1-3 years,600017,Internship,Python; SQL; Pandas; NumPy; Statistics; Machine Learning; Scikit-learn; Power BI
JOB00943,Cloud Engineer,CloudPeak,Bengaluru,1-3 years,1904895,Full-time,Python; Linux; Git; AWS; Azure; Docker; Networking; Terraform
JOB00944,Data Analyst,DataBridge,Remote,1-3 years,607450,Internship,Python; SQL; Excel; Power BI; Pandas; Statistics; Data Visualization; Node.js
JOB00945,Data Scientist,VisionWorks,Delhi NCR,3-5 years,1096790,Contract,Python; SQL; Pandas; NumPy; Statistics; Machine Learning; Scikit-learn; Power BI; Git; Networking
JOB00946,Data Scientist,InnoByte,Hyderabad,1-3 years,576569,Contract,Python; SQL; Pandas; NumPy; Statistics; Machine Learning; Scikit-learn; Power BI; Data Visualization; PyTorch
JOB00947,Full Stack Developer,TechNova,Remote,0-1 years,558883,Contract,HTML; CSS; JavaScript; React; Node.js; SQL; Git; REST API; AWS
JOB00948,AI/ML Engineer,CodeCraft,Mumbai,3-5 years,725590,Contract,Python; SQL; Pandas; NumPy; Machine Learning; Deep Learning; PyTorch; Git
JOB00949,Full Stack Developer,VisionWorks,Remote,1-3 years,1736386,Full-time,HTML; CSS; JavaScript; React; Node.js; SQL; Git; REST API; Data Visualization; DSA
JOB00950,Data Analyst,Aster Labs,Remote,3-5 years,1487575,Internship,Python; SQL; Excel; Power BI; Pandas; Statistics; Data Visualization; REST API; React; JavaScript
JOB00951,Software Developer,InnoByte,Pune,1-3 years,1252627,Contract,Python; SQL; Git; REST API; HTML; CSS; JavaScript; DSA
JOB00952,Data Scientist,NextGen Systems,Delhi NCR,0-1 years,720921,Contract,Python; SQL; Pandas; NumPy; Statistics; Machine Learning; Scikit-learn; Power BI; PyTorch; Azure; React
JOB00953,Data Scientist,CodeCraft,Pune,0-1 years,1850980,Internship,Python; SQL; Pandas; NumPy; Statistics; Machine Learning; Scikit-learn; Power BI; HTML
JOB00954,AI/ML Engineer,CloudPeak,Mumbai,0-1 years,1529135,Contract,Python; SQL; Pandas; NumPy; Machine Learning; Deep Learning; PyTorch; Git; Terraform; Scikit-learn; Statistics
JOB00955,Data Analyst,NextGen Systems,Hyderabad,0-1 years,1957405,Full-time,Python; SQL; Excel; Power BI; Pandas; Statistics; Data Visualization; Terraform; Node.js; Networking
JOB00956,Cloud Engineer,Aster Labs,Hyderabad,3-5 years,618850,Internship,Python; Linux; Git; AWS; Azure; Docker; Networking; Terraform
JOB00957,Software Developer,Aster Labs,Hyderabad,1-3 years,1247891,Contract,Python; SQL; Git; REST API; HTML; CSS; JavaScript; DSA; Power BI; Deep Learning
JOB00958,Software Developer,NextGen Systems,Mumbai,0-1 years,842038,Internship,Python; SQL; Git; REST API; HTML; CSS; JavaScript; DSA; Machine Learning
JOB00959,Software Developer,TechNova,Mumbai,1-3 years,706052,Full-time,Python; SQL; Git; REST API; HTML; CSS; JavaScript; DSA; Deep Learning; NumPy
JOB00960,Data Scientist,VisionWorks,Mumbai,0-1 years,392786,Contract,Python; SQL; Pandas; NumPy; Statistics; Machine Learning; Scikit-learn; Power BI; React; Node.js; Git
JOB00961,Data Scientist,DataBridge,Hyderabad,1-3 years,559834,Internship,Python; SQL; Pandas; NumPy; Statistics; Machine Learning; Scikit-learn; Power BI; JavaScript; DSA; REST API
JOB00962,AI/ML Engineer,CodeCraft,Chennai,1-3 years,1111967,Internship,Python; SQL; Pandas; NumPy; Machine Learning; Deep Learning; PyTorch; Git; Docker; Linux
JOB00963,Software Developer,TechNova,Hyderabad,3-5 years,906070,Contract,Python; SQL; Git; REST API; HTML; CSS; JavaScript; DSA; Node.js
JOB00964,Full Stack Developer,InnoByte,Mumbai,1-3 years,1855140,Contract,HTML; CSS; JavaScript; React; Node.js; SQL; Git; REST API
JOB00965,Software Developer,InnoByte,Delhi NCR,1-3 years,2018602,Internship,Python; SQL; Git; REST API; HTML; CSS; JavaScript; DSA; PyTorch; Linux; Pandas
JOB00966,Data Analyst,CodeCraft,Hyderabad,3-5 years,1218879,Internship,Python; SQL; Excel; Power BI; Pandas; Statistics; Data Visualization; Scikit-learn; Machine Learning; Git
JOB00967,Data Scientist,CloudPeak,Mumbai,1-3 years,1666684,Full-time,Python; SQL; Pandas; NumPy; Statistics; Machine Learning; Scikit-learn; Power BI; AWS
JOB00968,AI/ML Engineer,DataBridge,Hyderabad,1-3 years,1445278,Full-time,Python; SQL; Pandas; NumPy; Machine Learning; Deep Learning; PyTorch; Git; JavaScript; REST API; Azure
JOB00969,Full Stack Developer,CodeCraft,Pune,1-3 years,2120252,Full-time,HTML; CSS; JavaScript; React; Node.js; SQL; Git; REST API; Networking
JOB00970,AI/ML Engineer,NextGen Systems,Delhi NCR,0-1 years,909802,Contract,Python; SQL; Pandas; NumPy; Machine Learning; Deep Learning; PyTorch; Git; REST API
JOB00971,AI/ML Engineer,InnoByte,Chennai,0-1 years,850135,Full-time,Python; SQL; Pandas; NumPy; Machine Learning; Deep Learning; PyTorch; Git; Power BI
JOB00972,Full Stack Developer,CodeCraft,Pune,3-5 years,1524038,Full-time,HTML; CSS; JavaScript; React; Node.js; SQL; Git; REST API; Python; Scikit-learn
JOB00973,Full Stack Developer,TechNova,Hyderabad,1-3 years,636115,Internship,HTML; CSS; JavaScript; React; Node.js; SQL; Git; REST API; Machine Learning
JOB00974,Cloud Engineer,VisionWorks,Remote,0-1 years,1865137,Full-time,Python; Linux; Git; AWS; Azure; Docker; Networking; Terraform; DSA
JOB00975,Software Developer,Aster Labs,Delhi NCR,3-5 years,1203555,Full-time,Python; SQL; Git; REST API; HTML; CSS; JavaScript; DSA; Node.js; Data Visualization
JOB00976,Data Scientist,InnoByte,Mumbai,3-5 years,584739,Internship,Python; SQL; Pandas; NumPy; Statistics; Machine Learning; Scikit-learn; Power BI; Excel
JOB00977,Cloud Engineer,InnoByte,Remote,1-3 years,849283,Contract,Python; Linux; Git; AWS; Azure; Docker; Networking; Terraform; SQL; Data Visualization
JOB00978,Cloud Engineer,InnoByte,Chennai,0-1 years,652572,Contract,Python; Linux; Git; AWS; Azure; Docker; Networking; Terraform; Machine Learning; REST API; JavaScript
JOB00979,Data Scientist,Aster Labs,Delhi NCR,0-1 years,1468767,Contract,Python; SQL; Pandas; NumPy; Statistics; Machine Learning; Scikit-learn; Power BI; Git; Azure; REST API
JOB00980,Cloud Engineer,CloudPeak,Hyderabad,1-3 years,2194305,Internship,Python; Linux; Git; AWS; Azure; Docker; Networking; Terraform; SQL; Machine Learning; Node.js
JOB00981,Data Analyst,TechNova,Delhi NCR,3-5 years,2114696,Full-time,Python; SQL; Excel; Power BI; Pandas; Statistics; Data Visualization; AWS; Azure
JOB00982,Data Analyst,DataBridge,Remote,1-3 years,1471789,Contract,Python; SQL; Excel; Power BI; Pandas; Statistics; Data Visualization; Linux; Networking; DSA
JOB00983,Software Developer,DataBridge,Hyderabad,0-1 years,2075343,Full-time,Python; SQL; Git; REST API; HTML; CSS; JavaScript; DSA; Networking; Node.js; Data Visualization
JOB00984,Data Scientist,InnoByte,Remote,1-3 years,924696,Contract,Python; SQL; Pandas; NumPy; Statistics; Machine Learning; Scikit-learn; Power BI; Node.js; Azure
JOB00985,AI/ML Engineer,CloudPeak,Delhi NCR,1-3 years,2078893,Internship,Python; SQL; Pandas; NumPy; Machine Learning; Deep Learning; PyTorch; Git; Networking; REST API; DSA
JOB00986,Software Developer,TechNova,Remote,0-1 years,1300558,Internship,Python; SQL; Git; REST API; HTML; CSS; JavaScript; DSA; PyTorch; NumPy
JOB00987,AI/ML Engineer,CloudPeak,Bengaluru,1-3 years,2008887,Full-time,Python; SQL; Pandas; NumPy; Machine Learning; Deep Learning; PyTorch; Git; React
JOB00988,AI/ML Engineer,CloudPeak,Chennai,3-5 years,582423,Internship,Python; SQL; Pandas; NumPy; Machine Learning; Deep Learning; PyTorch; Git; Networking; CSS
JOB00989,AI/ML Engineer,Aster Labs,Pune,1-3 years,2012291,Internship,Python; SQL; Pandas; NumPy; Machine Learning; Deep Learning; PyTorch; Git; REST API
JOB00990,Full Stack Developer,NextGen Systems,Chennai,0-1 years,2026733,Contract,HTML; CSS; JavaScript; React; Node.js; SQL; Git; REST API; Docker; NumPy
JOB00991,Data Analyst,CodeCraft,Remote,3-5 years,2187923,Full-time,Python; SQL; Excel; Power BI; Pandas; Statistics; Data Visualization; Node.js
JOB00992,Software Developer,DataBridge,Bengaluru,1-3 years,1521322,Full-time,Python; SQL; Git; REST API; HTML; CSS; JavaScript; DSA
JOB00993,Data Analyst,CodeCraft,Mumbai,1-3 years,1191031,Full-time,Python; SQL; Excel; Power BI; Pandas; Statistics; Data Visualization; Azure
JOB00994,Software Developer,CodeCraft,Remote,1-3 years,379601,Internship,Python; SQL; Git; REST API; HTML; CSS; JavaScript; DSA; Excel; Deep Learning
JOB00995,Data Scientist,DataBridge,Chennai,1-3 years,820776,Contract,Python; SQL; Pandas; NumPy; Statistics; Machine Learning; Scikit-learn; Power BI
JOB00996,AI/ML Engineer,DataBridge,Mumbai,0-1 years,2145870,Contract,Python; SQL; Pandas; NumPy; Machine Learning; Deep Learning; PyTorch; Git; Power BI; Data Visualization; REST API
JOB00997,AI/ML Engineer,CodeCraft,Remote,0-1 years,728263,Full-time,Python; SQL; Pandas; NumPy; Machine Learning; Deep Learning; PyTorch; Git; REST API
JOB00998,Data Analyst,Aster Labs,Mumbai,3-5 years,870760,Internship,Python; SQL; Excel; Power BI; Pandas; Statistics; Data Visualization; HTML; PyTorch
JOB00999,Data Scientist,VisionWorks,Chennai,1-3 years,371643,Internship,Python; SQL; Pandas; NumPy; Statistics; Machine Learning; Scikit-learn; Power BI
JOB01000,Data Scientist,CodeCraft,Delhi NCR,3-5 years,1835733,Contract,Python; SQL; Pandas; NumPy; Statistics; Machine Learning; Scikit-learn; Power BI; Networking
JOB01001,Software Developer,TechNova,Bengaluru,1-3 years,1518113,Full-time,Python; SQL; Git; REST API; HTML; CSS; JavaScript; DSA
JOB01002,Data Scientist,CodeCraft,Hyderabad,1-3 years,881957,Internship,Python; SQL; Pandas; NumPy; Statistics; Machine Learning; Scikit-learn; Power BI; Azure; AWS
JOB01003,Data Analyst,CloudPeak,Hyderabad,0-1 years,436245,Internship,Python; SQL; Excel; Power BI; Pandas; Statistics; Data Visualization; Scikit-learn
JOB01004,Data Scientist,Aster Labs,Delhi NCR,3-5 years,538005,Contract,Python; SQL; Pandas; NumPy; Statistics; Machine Learning; Scikit-learn; Power BI; PyTorch; Data Visualization
JOB01005,Full Stack Developer,CloudPeak,Pune,1-3 years,442614,Internship,HTML; CSS; JavaScript; React; Node.js; SQL; Git; REST API; Data Visualization; NumPy
JOB01006,Data Analyst,Aster Labs,Pune,0-1 years,1434170,Contract,Python; SQL; Excel; Power BI; Pandas; Statistics; Data Visualization; Linux; JavaScript; Scikit-learn
JOB01007,AI/ML Engineer,CloudPeak,Bengaluru,0-1 years,746193,Full-time,Python; SQL; Pandas; NumPy; Machine Learning; Deep Learning; PyTorch; Git; Data Visualization; React; Azure
JOB01008,Software Developer,InnoByte,Pune,0-1 years,1265259,Contract,Python; SQL; Git; REST API; HTML; CSS; JavaScript; DSA; Networking; Excel; React
JOB01009,Data Analyst,CloudPeak,Bengaluru,1-3 years,2123851,Full-time,Python; SQL; Excel; Power BI; Pandas; Statistics; Data Visualization; PyTorch; REST API; DSA
JOB01010,Full Stack Developer,NextGen Systems,Mumbai,3-5 years,1922731,Internship,HTML; CSS; JavaScript; React; Node.js; SQL; Git; REST API; Docker; Terraform
JOB01011,Full Stack Developer,CloudPeak,Pune,0-1 years,1453134,Full-time,HTML; CSS; JavaScript; React; Node.js; SQL; Git; REST API
JOB01012,Data Scientist,TechNova,Hyderabad,3-5 years,1039245,Internship,Python; SQL; Pandas; NumPy; Statistics; Machine Learning; Scikit-learn; Power BI
JOB01013,Software Developer,TechNova,Bengaluru,1-3 years,672490,Internship,Python; SQL; Git; REST API; HTML; CSS; JavaScript; DSA; Pandas; Deep Learning; NumPy
JOB01014,AI/ML Engineer,TechNova,Delhi NCR,3-5 years,1040858,Contract,Python; SQL; Pandas; NumPy; Machine Learning; Deep Learning; PyTorch; Git; React; JavaScript; AWS
JOB01015,Data Analyst,TechNova,Remote,3-5 years,2160426,Contract,Python; SQL; Excel; Power BI; Pandas; Statistics; Data Visualization; Git
JOB01016,Data Analyst,InnoByte,Mumbai,3-5 years,1909861,Contract,Python; SQL; Excel; Power BI; Pandas; Statistics; Data Visualization
JOB01017,Software Developer,CodeCraft,Bengaluru,0-1 years,1966647,Full-time,Python; SQL; Git; REST API; HTML; CSS; JavaScript; DSA; Networking; Excel; Machine Learning
JOB01018,Full Stack Developer,NextGen Systems,Pune,1-3 years,602920,Internship,HTML; CSS; JavaScript; React; Node.js; SQL; Git; REST API; Power BI; Networking; Deep Learning
JOB01019,Data Analyst,InnoByte,Remote,1-3 years,1745697,Internship,Python; SQL; Excel; Power BI; Pandas; Statistics; Data Visualization; Networking
JOB01020,Full Stack Developer,CodeCraft,Bengaluru,1-3 years,913042,Contract,HTML; CSS; JavaScript; React; Node.js; SQL; Git; REST API; Python; Power BI; Scikit-learn
JOB01021,Cloud Engineer,CodeCraft,Bengaluru,0-1 years,1672644,Internship,Python; Linux; Git; AWS; Azure; Docker; Networking; Terraform; REST API
JOB01022,Data Analyst,InnoByte,Hyderabad,1-3 years,1455783,Contract,Python; SQL; Excel; Power BI; Pandas; Statistics; Data Visualization; HTML; Deep Learning; REST API
JOB01023,Software Developer,NextGen Systems,Remote,0-1 years,1785110,Internship,Python; SQL; Git; REST API; HTML; CSS; JavaScript; DSA; Node.js; Docker; Statistics
JOB01024,Data Scientist,InnoByte,Mumbai,1-3 years,444570,Contract,Python; SQL; Pandas; NumPy; Statistics; Machine Learning; Scikit-learn; Power BI; Azure; CSS
JOB01025,Software Developer,InnoByte,Remote,3-5 years,1578024,Full-time,Python; SQL; Git; REST API; HTML; CSS; JavaScript; DSA; Networking; Pandas; Terraform
JOB01026,Software Developer,InnoByte,Pune,3-5 years,444914,Contract,Python; SQL; Git; REST API; HTML; CSS; JavaScript; DSA; Excel; Terraform; Power BI
JOB01027,Data Analyst,CloudPeak,Chennai,0-1 years,2177342,Full-time,Python; SQL; Excel; Power BI; Pandas; Statistics; Data Visualization; PyTorch; JavaScript; Machine Learning
JOB01028,AI/ML Engineer,TechNova,Bengaluru,1-3 years,1470667,Full-time,Python; SQL; Pandas; NumPy; Machine Learning; Deep Learning; PyTorch; Git; DSA; REST API
JOB01029,Software Developer,CodeCraft,Remote,3-5 years,1315031,Internship,Python; SQL; Git; REST API; HTML; CSS; JavaScript; DSA; Scikit-learn
JOB01030,Cloud Engineer,NextGen Systems,Bengaluru,0-1 years,2037453,Full-time,Python; Linux; Git; AWS; Azure; Docker; Networking; Terraform; NumPy; Power BI; PyTorch
JOB01031,Software Developer,TechNova,Delhi NCR,0-1 years,2061209,Full-time,Python; SQL; Git; REST API; HTML; CSS; JavaScript; DSA; Deep Learning
JOB01032,Full Stack Developer,DataBridge,Bengaluru,1-3 years,2115990,Contract,HTML; CSS; JavaScript; React; Node.js; SQL; Git; REST API; Deep Learning; Linux; PyTorch
JOB01033,Full Stack Developer,CloudPeak,Delhi NCR,3-5 years,698348,Contract,HTML; CSS; JavaScript; React; Node.js; SQL; Git; REST API; PyTorch; AWS; Data Visualization
JOB01034,Data Scientist,NextGen Systems,Mumbai,1-3 years,772237,Full-time,Python; SQL; Pandas; NumPy; Statistics; Machine Learning; Scikit-learn; Power BI; AWS; PyTorch; Excel
JOB01035,Data Analyst,CodeCraft,Pune,1-3 years,565301,Internship,Python; SQL; Excel; Power BI; Pandas; Statistics; Data Visualization
JOB01036,Cloud Engineer,VisionWorks,Mumbai,3-5 years,1188190,Internship,Python; Linux; Git; AWS; Azure; Docker; Networking; Terraform; DSA; SQL
JOB01037,Cloud Engineer,Aster Labs,Mumbai,0-1 years,1235007,Contract,Python; Linux; Git; AWS; Azure; Docker; Networking; Terraform; Machine Learning; DSA; CSS
JOB01038,AI/ML Engineer,Aster Labs,Pune,3-5 years,1655889,Contract,Python; SQL; Pandas; NumPy; Machine Learning; Deep Learning; PyTorch; Git; Scikit-learn; DSA; Terraform
JOB01039,Software Developer,DataBridge,Pune,1-3 years,1872970,Contract,Python; SQL; Git; REST API; HTML; CSS; JavaScript; DSA; Node.js
JOB01040,Full Stack Developer,VisionWorks,Chennai,1-3 years,1612695,Internship,HTML; CSS; JavaScript; React; Node.js; SQL; Git; REST API; NumPy
JOB01041,AI/ML Engineer,CloudPeak,Mumbai,0-1 years,2027207,Contract,Python; SQL; Pandas; NumPy; Machine Learning; Deep Learning; PyTorch; Git; REST API; Node.js; Scikit-learn
JOB01042,AI/ML Engineer,VisionWorks,Chennai,0-1 years,1748918,Full-time,Python; SQL; Pandas; NumPy; Machine Learning; Deep Learning; PyTorch; Git
JOB01043,Full Stack Developer,DataBridge,Chennai,3-5 years,986804,Full-time,HTML; CSS; JavaScript; React; Node.js; SQL; Git; REST API; Data Visualization; PyTorch; Scikit-learn
JOB01044,Software Developer,CloudPeak,Chennai,3-5 years,1769620,Full-time,Python; SQL; Git; REST API; HTML; CSS; JavaScript; DSA; Networking; Pandas
JOB01045,Software Developer,DataBridge,Bengaluru,3-5 years,1645123,Full-time,Python; SQL; Git; REST API; HTML; CSS; JavaScript; DSA; PyTorch; Deep Learning
JOB01046,Data Scientist,TechNova,Remote,3-5 years,1963494,Contract,Python; SQL; Pandas; NumPy; Statistics; Machine Learning; Scikit-learn; Power BI; JavaScript; Linux
JOB01047,Full Stack Developer,TechNova,Pune,1-3 years,1831438,Full-time,HTML; CSS; JavaScript; React; Node.js; SQL; Git; REST API
JOB01048,Software Developer,TechNova,Mumbai,0-1 years,2077235,Full-time,Python; SQL; Git; REST API; HTML; CSS; JavaScript; DSA
JOB01049,AI/ML Engineer,DataBridge,Hyderabad,0-1 years,2176345,Internship,Python; SQL; Pandas; NumPy; Machine Learning; Deep Learning; PyTorch; Git
JOB01050,Data Analyst,Aster Labs,Hyderabad,0-1 years,673581,Full-time,Python; SQL; Excel; Power BI; Pandas; Statistics; Data Visualization; React; REST API; DSA
JOB01051,Full Stack Developer,VisionWorks,Hyderabad,1-3 years,2100730,Internship,HTML; CSS; JavaScript; React; Node.js; SQL; Git; REST API; PyTorch; AWS; Linux
JOB01052,Full Stack Developer,Aster Labs,Delhi NCR,1-3 years,907875,Contract,HTML; CSS; JavaScript; React; Node.js; SQL; Git; REST API
JOB01053,AI/ML Engineer,CodeCraft,Remote,0-1 years,1929588,Full-time,Python; SQL; Pandas; NumPy; Machine Learning; Deep Learning; PyTorch; Git; Data Visualization
JOB01054,Data Scientist,VisionWorks,Chennai,0-1 years,412417,Internship,Python; SQL; Pandas; NumPy; Statistics; Machine Learning; Scikit-learn; Power BI; Node.js; PyTorch; Linux
JOB01055,Cloud Engineer,Aster Labs,Hyderabad,1-3 years,527792,Full-time,Python; Linux; Git; AWS; Azure; Docker; Networking; Terraform
JOB01056,Data Scientist,TechNova,Delhi NCR,3-5 years,1174739,Full-time,Python; SQL; Pandas; NumPy; Statistics; Machine Learning; Scikit-learn; Power BI
JOB01057,Cloud Engineer,NextGen Systems,Pune,1-3 years,1674577,Internship,Python; Linux; Git; AWS; Azure; Docker; Networking; Terraform
JOB01058,AI/ML Engineer,NextGen Systems,Mumbai,3-5 years,366572,Full-time,Python; SQL; Pandas; NumPy; Machine Learning; Deep Learning; PyTorch; Git; Networking; Node.js
JOB01059,AI/ML Engineer,Aster Labs,Remote,3-5 years,1812702,Contract,Python; SQL; Pandas; NumPy; Machine Learning; Deep Learning; PyTorch; Git; React; Excel; Terraform
JOB01060,Full Stack Developer,Aster Labs,Pune,3-5 years,1477079,Internship,HTML; CSS; JavaScript; React; Node.js; SQL; Git; REST API; DSA; Azure
JOB01061,AI/ML Engineer,NextGen Systems,Chennai,0-1 years,1484119,Internship,Python; SQL; Pandas; NumPy; Machine Learning; Deep Learning; PyTorch; Git; Statistics
JOB01062,Cloud Engineer,CloudPeak,Bengaluru,0-1 years,1937641,Internship,Python; Linux; Git; AWS; Azure; Docker; Networking; Terraform; Scikit-learn; Pandas
JOB01063,Cloud Engineer,CodeCraft,Mumbai,0-1 years,1873600,Internship,Python; Linux; Git; AWS; Azure; Docker; Networking; Terraform; Machine Learning; NumPy
JOB01064,Software Developer,InnoByte,Bengaluru,3-5 years,1093384,Full-time,Python; SQL; Git; REST API; HTML; CSS; JavaScript; DSA; Networking; Statistics
JOB01065,Data Scientist,DataBridge,Remote,3-5 years,1060893,Internship,Python; SQL; Pandas; NumPy; Statistics; Machine Learning; Scikit-learn; Power BI; AWS; PyTorch
JOB01066,Cloud Engineer,NextGen Systems,Delhi NCR,3-5 years,977471,Internship,Python; Linux; Git; AWS; Azure; Docker; Networking; Terraform; Power BI
JOB01067,AI/ML Engineer,DataBridge,Bengaluru,1-3 years,1439819,Internship,Python; SQL; Pandas; NumPy; Machine Learning; Deep Learning; PyTorch; Git; Power BI
JOB01068,Cloud Engineer,InnoByte,Chennai,3-5 years,1302756,Contract,Python; Linux; Git; AWS; Azure; Docker; Networking; Terraform; Power BI
JOB01069,Data Scientist,TechNova,Pune,0-1 years,543459,Contract,Python; SQL; Pandas; NumPy; Statistics; Machine Learning; Scikit-learn; Power BI
JOB01070,Full Stack Developer,CodeCraft,Remote,1-3 years,1583627,Internship,HTML; CSS; JavaScript; React; Node.js; SQL; Git; REST API; DSA; Pandas; Power BI
JOB01071,Data Scientist,CloudPeak,Chennai,3-5 years,2077658,Full-time,Python; SQL; Pandas; NumPy; Statistics; Machine Learning; Scikit-learn; Power BI; PyTorch; REST API; Node.js
JOB01072,Data Scientist,DataBridge,Pune,1-3 years,1806410,Full-time,Python; SQL; Pandas; NumPy; Statistics; Machine Learning; Scikit-learn; Power BI; Data Visualization; React; DSA
JOB01073,AI/ML Engineer,InnoByte,Mumbai,1-3 years,1124545,Full-time,Python; SQL; Pandas; NumPy; Machine Learning; Deep Learning; PyTorch; Git; Terraform
JOB01074,Software Developer,CloudPeak,Bengaluru,1-3 years,1446343,Contract,Python; SQL; Git; REST API; HTML; CSS; JavaScript; DSA; Node.js; Azure
JOB01075,Data Analyst,CloudPeak,Chennai,3-5 years,408673,Contract,Python; SQL; Excel; Power BI; Pandas; Statistics; Data Visualization; Linux; REST API
JOB01076,Software Developer,VisionWorks,Bengaluru,0-1 years,733940,Internship,Python; SQL; Git; REST API; HTML; CSS; JavaScript; DSA; Node.js; Linux
JOB01077,Data Analyst,TechNova,Pune,1-3 years,2175416,Internship,Python; SQL; Excel; Power BI; Pandas; Statistics; Data Visualization
JOB01078,Data Analyst,CloudPeak,Remote,0-1 years,2099989,Internship,Python; SQL; Excel; Power BI; Pandas; Statistics; Data Visualization; Machine Learning; Node.js; REST API
JOB01079,AI/ML Engineer,Aster Labs,Bengaluru,3-5 years,2166858,Internship,Python; SQL; Pandas; NumPy; Machine Learning; Deep Learning; PyTorch; Git; React; Terraform; Data Visualization
JOB01080,Cloud Engineer,TechNova,Delhi NCR,1-3 years,1060930,Internship,Python; Linux; Git; AWS; Azure; Docker; Networking; Terraform; PyTorch; Machine Learning; Statistics
JOB01081,Data Analyst,CloudPeak,Delhi NCR,0-1 years,2166036,Internship,Python; SQL; Excel; Power BI; Pandas; Statistics; Data Visualization
JOB01082,AI/ML Engineer,InnoByte,Chennai,3-5 years,1700385,Internship,Python; SQL; Pandas; NumPy; Machine Learning; Deep Learning; PyTorch; Git; Terraform; DSA
JOB01083,Cloud Engineer,DataBridge,Remote,1-3 years,1545889,Internship,Python; Linux; Git; AWS; Azure; Docker; Networking; Terraform
JOB01084,Software Developer,CloudPeak,Bengaluru,1-3 years,1730459,Full-time,Python; SQL; Git; REST API; HTML; CSS; JavaScript; DSA
JOB01085,Full Stack Developer,TechNova,Pune,0-1 years,1584998,Contract,HTML; CSS; JavaScript; React; Node.js; SQL; Git; REST API; DSA; NumPy; Power BI
JOB01086,Data Scientist,Aster Labs,Pune,1-3 years,400451,Full-time,Python; SQL; Pandas; NumPy; Statistics; Machine Learning; Scikit-learn; Power BI; Node.js
JOB01087,Software Developer,CloudPeak,Hyderabad,0-1 years,1486193,Full-time,Python; SQL; Git; REST API; HTML; CSS; JavaScript; DSA
JOB01088,Data Analyst,NextGen Systems,Pune,3-5 years,673438,Full-time,Python; SQL; Excel; Power BI; Pandas; Statistics; Data Visualization
JOB01089,Software Developer,TechNova,Hyderabad,1-3 years,1845899,Full-time,Python; SQL; Git; REST API; HTML; CSS; JavaScript; DSA; Excel; AWS
JOB01090,Data Analyst,NextGen Systems,Pune,0-1 years,1029933,Full-time,Python; SQL; Excel; Power BI; Pandas; Statistics; Data Visualization; NumPy
JOB01091,Full Stack Developer,CodeCraft,Bengaluru,1-3 years,1383852,Full-time,HTML; CSS; JavaScript; React; Node.js; SQL; Git; REST API; Linux
JOB01092,Data Analyst,TechNova,Pune,3-5 years,1365381,Full-time,Python; SQL; Excel; Power BI; Pandas; Statistics; Data Visualization; Scikit-learn; NumPy; CSS
JOB01093,Software Developer,CloudPeak,Hyderabad,3-5 years,866562,Contract,Python; SQL; Git; REST API; HTML; CSS; JavaScript; DSA; Terraform; Deep Learning
JOB01094,Data Scientist,DataBridge,Remote,0-1 years,2124773,Contract,Python; SQL; Pandas; NumPy; Statistics; Machine Learning; Scikit-learn; Power BI
JOB01095,Cloud Engineer,CodeCraft,Mumbai,1-3 years,1477293,Full-time,Python; Linux; Git; AWS; Azure; Docker; Networking; Terraform; Machine Learning
JOB01096,Software Developer,VisionWorks,Hyderabad,3-5 years,476196,Contract,Python; SQL; Git; REST API; HTML; CSS; JavaScript; DSA; Node.js; Excel; AWS
JOB01097,AI/ML Engineer,CloudPeak,Delhi NCR,3-5 years,445388,Internship,Python; SQL; Pandas; NumPy; Machine Learning; Deep Learning; PyTorch; Git; Node.js; Excel; Linux
JOB01098,Software Developer,InnoByte,Remote,0-1 years,1814712,Internship,Python; SQL; Git; REST API; HTML; CSS; JavaScript; DSA; Data Visualization; Power BI
JOB01099,Cloud Engineer,Aster Labs,Delhi NCR,1-3 years,1630196,Internship,Python; Linux; Git; AWS; Azure; Docker; Networking; Terraform; REST API; JavaScript
JOB01100,Data Analyst,DataBridge,Pune,3-5 years,1066449,Contract,Python; SQL; Excel; Power BI; Pandas; Statistics; Data Visualization; JavaScript; HTML; Machine Learning
JOB01101,Software Developer,VisionWorks,Bengaluru,0-1 years,1626718,Internship,Python; SQL; Git; REST API; HTML; CSS; JavaScript; DSA; AWS
JOB01102,Full Stack Developer,InnoByte,Remote,3-5 years,1478543,Internship,HTML; CSS; JavaScript; React; Node.js; SQL; Git; REST API; Terraform; Scikit-learn; Power BI
JOB01103,Software Developer,VisionWorks,Delhi NCR,0-1 years,2095006,Contract,Python; SQL; Git; REST API; HTML; CSS; JavaScript; DSA
JOB01104,Data Scientist,TechNova,Bengaluru,1-3 years,2109816,Contract,Python; SQL; Pandas; NumPy; Statistics; Machine Learning; Scikit-learn; Power BI; Networking; Deep Learning
JOB01105,Full Stack Developer,NextGen Systems,Delhi NCR,3-5 years,1940524,Contract,HTML; CSS; JavaScript; React; Node.js; SQL; Git; REST API; AWS; Linux; Terraform
JOB01106,Full Stack Developer,NextGen Systems,Remote,3-5 years,2061864,Full-time,HTML; CSS; JavaScript; React; Node.js; SQL; Git; REST API
JOB01107,Full Stack Developer,DataBridge,Bengaluru,0-1 years,1383555,Internship,HTML; CSS; JavaScript; React; Node.js; SQL; Git; REST API; Pandas; Azure; Machine Learning
JOB01108,Data Scientist,NextGen Systems,Mumbai,3-5 years,2174346,Contract,Python; SQL; Pandas; NumPy; Statistics; Machine Learning; Scikit-learn; Power BI
JOB01109,Full Stack Developer,CloudPeak,Delhi NCR,0-1 years,487071,Full-time,HTML; CSS; JavaScript; React; Node.js; SQL; Git; REST API; Docker
JOB01110,Data Analyst,NextGen Systems,Chennai,3-5 years,1878611,Full-time,Python; SQL; Excel; Power BI; Pandas; Statistics; Data Visualization; React
JOB01111,AI/ML Engineer,CodeCraft,Delhi NCR,3-5 years,354099,Internship,Python; SQL; Pandas; NumPy; Machine Learning; Deep Learning; PyTorch; Git; Terraform; React
JOB01112,Software Developer,InnoByte,Delhi NCR,3-5 years,924694,Contract,Python; SQL; Git; REST API; HTML; CSS; JavaScript; DSA; PyTorch; Terraform
JOB01113,Data Scientist,DataBridge,Bengaluru,1-3 years,1862508,Contract,Python; SQL; Pandas; NumPy; Statistics; Machine Learning; Scikit-learn; Power BI; React; Azure
JOB01114,Cloud Engineer,Aster Labs,Bengaluru,3-5 years,758122,Full-time,Python; Linux; Git; AWS; Azure; Docker; Networking; Terraform; Pandas; CSS; PyTorch
JOB01115,AI/ML Engineer,DataBridge,Chennai,0-1 years,506112,Contract,Python; SQL; Pandas; NumPy; Machine Learning; Deep Learning; PyTorch; Git; REST API
JOB01116,Data Analyst,InnoByte,Bengaluru,1-3 years,1662806,Contract,Python; SQL; Excel; Power BI; Pandas; Statistics; Data Visualization
JOB01117,Software Developer,VisionWorks,Chennai,1-3 years,576158,Full-time,Python; SQL; Git; REST API; HTML; CSS; JavaScript; DSA; Networking; Machine Learning
JOB01118,Data Analyst,VisionWorks,Remote,0-1 years,1976864,Internship,Python; SQL; Excel; Power BI; Pandas; Statistics; Data Visualization; CSS
JOB01119,Data Scientist,TechNova,Bengaluru,1-3 years,529379,Contract,Python; SQL; Pandas; NumPy; Statistics; Machine Learning; Scikit-learn; Power BI
JOB01120,AI/ML Engineer,CloudPeak,Bengaluru,1-3 years,1991328,Full-time,Python; SQL; Pandas; NumPy; Machine Learning; Deep Learning; PyTorch; Git
JOB01121,Data Analyst,TechNova,Hyderabad,1-3 years,1522849,Contract,Python; SQL; Excel; Power BI; Pandas; Statistics; Data Visualization; CSS; DSA; Azure
JOB01122,Software Developer,VisionWorks,Remote,1-3 years,1155138,Internship,Python; SQL; Git; REST API; HTML; CSS; JavaScript; DSA; Machine Learning; AWS; React
JOB01123,Cloud Engineer,TechNova,Pune,3-5 years,1062227,Contract,Python; Linux; Git; AWS; Azure; Docker; Networking; Terraform
JOB01124,Cloud Engineer,TechNova,Mumbai,3-5 years,565355,Full-time,Python; Linux; Git; AWS; Azure; Docker; Networking; Terraform; Deep Learning
JOB01125,Cloud Engineer,NextGen Systems,Hyderabad,1-3 years,1686648,Contract,Python; Linux; Git; AWS; Azure; Docker; Networking; Terraform; Excel
JOB01126,AI/ML Engineer,TechNova,Bengaluru,0-1 years,2021483,Contract,Python; SQL; Pandas; NumPy; Machine Learning; Deep Learning; PyTorch; Git; Docker; HTML; Data Visualization
JOB01127,Cloud Engineer,CloudPeak,Chennai,1-3 years,1574036,Contract,Python; Linux; Git; AWS; Azure; Docker; Networking; Terraform; Scikit-learn; Power BI; NumPy
JOB01128,Cloud Engineer,CloudPeak,Bengaluru,0-1 years,366948,Internship,Python; Linux; Git; AWS; Azure; Docker; Networking; Terraform; NumPy; Power BI
JOB01129,Cloud Engineer,Aster Labs,Chennai,0-1 years,1235126,Internship,Python; Linux; Git; AWS; Azure; Docker; Networking; Terraform
JOB01130,Full Stack Developer,DataBridge,Delhi NCR,1-3 years,1066286,Internship,HTML; CSS; JavaScript; React; Node.js; SQL; Git; REST API
JOB01131,AI/ML Engineer,Aster Labs,Chennai,0-1 years,1228067,Contract,Python; SQL; Pandas; NumPy; Machine Learning; Deep Learning; PyTorch; Git; Networking; Terraform; Linux
JOB01132,Software Developer,DataBridge,Pune,3-5 years,1803788,Full-time,Python; SQL; Git; REST API; HTML; CSS; JavaScript; DSA; Machine Learning; AWS; Terraform
JOB01133,Full Stack Developer,CloudPeak,Remote,0-1 years,1189516,Contract,HTML; CSS; JavaScript; React; Node.js; SQL; Git; REST API; NumPy; Power BI; Excel
JOB01134,Software Developer,TechNova,Mumbai,0-1 years,1100542,Full-time,Python; SQL; Git; REST API; HTML; CSS; JavaScript; DSA
JOB01135,Data Analyst,DataBridge,Chennai,1-3 years,412255,Full-time,Python; SQL; Excel; Power BI; Pandas; Statistics; Data Visualization; Git; Networking; Azure
JOB01136,Full Stack Developer,DataBridge,Chennai,0-1 years,2127408,Full-time,HTML; CSS; JavaScript; React; Node.js; SQL; Git; REST API; Docker; NumPy
JOB01137,Full Stack Developer,CloudPeak,Pune,3-5 years,2093668,Full-time,HTML; CSS; JavaScript; React; Node.js; SQL; Git; REST API; Data Visualization; AWS
JOB01138,Data Analyst,DataBridge,Hyderabad,1-3 years,1306728,Internship,Python; SQL; Excel; Power BI; Pandas; Statistics; Data Visualization; Linux
JOB01139,Full Stack Developer,DataBridge,Chennai,3-5 years,624296,Contract,HTML; CSS; JavaScript; React; Node.js; SQL; Git; REST API; DSA; Data Visualization; Deep Learning
JOB01140,AI/ML Engineer,DataBridge,Bengaluru,3-5 years,1684088,Internship,Python; SQL; Pandas; NumPy; Machine Learning; Deep Learning; PyTorch; Git; Networking; REST API
JOB01141,Full Stack Developer,TechNova,Delhi NCR,1-3 years,868356,Full-time,HTML; CSS; JavaScript; React; Node.js; SQL; Git; REST API; Deep Learning; NumPy
JOB01142,Cloud Engineer,InnoByte,Chennai,3-5 years,2008841,Contract,Python; Linux; Git; AWS; Azure; Docker; Networking; Terraform; JavaScript; Data Visualization; SQL
JOB01143,AI/ML Engineer,CloudPeak,Hyderabad,3-5 years,1323639,Contract,Python; SQL; Pandas; NumPy; Machine Learning; Deep Learning; PyTorch; Git; Scikit-learn; Statistics
JOB01144,Cloud Engineer,CodeCraft,Delhi NCR,3-5 years,1568836,Internship,Python; Linux; Git; AWS; Azure; Docker; Networking; Terraform; SQL; Statistics; Node.js
JOB01145,Software Developer,VisionWorks,Remote,0-1 years,775722,Contract,Python; SQL; Git; REST API; HTML; CSS; JavaScript; DSA; Machine Learning
JOB01146,Full Stack Developer,CloudPeak,Remote,1-3 years,1548250,Contract,HTML; CSS; JavaScript; React; Node.js; SQL; Git; REST API; PyTorch; Power BI
JOB01147,Cloud Engineer,InnoByte,Hyderabad,1-3 years,631711,Internship,Python; Linux; Git; AWS; Azure; Docker; Networking; Terraform
JOB01148,Data Analyst,VisionWorks,Mumbai,3-5 years,436282,Contract,Python; SQL; Excel; Power BI; Pandas; Statistics; Data Visualization; Terraform
JOB01149,Data Scientist,VisionWorks,Hyderabad,1-3 years,1120728,Contract,Python; SQL; Pandas; NumPy; Statistics; Machine Learning; Scikit-learn; Power BI; PyTorch; Node.js; React
JOB01150,Software Developer,NextGen Systems,Delhi NCR,0-1 years,840294,Contract,Python; SQL; Git; REST API; HTML; CSS; JavaScript; DSA; React
JOB01151,Software Developer,InnoByte,Remote,1-3 years,1496412,Full-time,Python; SQL; Git; REST API; HTML; CSS; JavaScript; DSA; Statistics; Terraform
JOB01152,Software Developer,Aster Labs,Bengaluru,3-5 years,499629,Full-time,Python; SQL; Git; REST API; HTML; CSS; JavaScript; DSA
JOB01153,Data Analyst,NextGen Systems,Delhi NCR,3-5 years,874337,Contract,Python; SQL; Excel; Power BI; Pandas; Statistics; Data Visualization; Machine Learning
JOB01154,Full Stack Developer,TechNova,Remote,1-3 years,897640,Contract,HTML; CSS; JavaScript; React; Node.js; SQL; Git; REST API; Terraform
JOB01155,Data Analyst,CloudPeak,Remote,1-3 years,1721728,Full-time,Python; SQL; Excel; Power BI; Pandas; Statistics; Data Visualization; Node.js; AWS; REST API
JOB01156,Full Stack Developer,VisionWorks,Delhi NCR,1-3 years,840153,Contract,HTML; CSS; JavaScript; React; Node.js; SQL; Git; REST API; Scikit-learn
JOB01157,Software Developer,CodeCraft,Chennai,1-3 years,1965081,Contract,Python; SQL; Git; REST API; HTML; CSS; JavaScript; DSA; Linux; PyTorch
JOB01158,Cloud Engineer,CloudPeak,Mumbai,0-1 years,1135803,Contract,Python; Linux; Git; AWS; Azure; Docker; Networking; Terraform
JOB01159,AI/ML Engineer,Aster Labs,Hyderabad,0-1 years,1398157,Contract,Python; SQL; Pandas; NumPy; Machine Learning; Deep Learning; PyTorch; Git
JOB01160,Data Scientist,TechNova,Mumbai,0-1 years,1580934,Full-time,Python; SQL; Pandas; NumPy; Statistics; Machine Learning; Scikit-learn; Power BI; Terraform; HTML; JavaScript
JOB01161,Full Stack Developer,CodeCraft,Bengaluru,3-5 years,778248,Contract,HTML; CSS; JavaScript; React; Node.js; SQL; Git; REST API; Power BI; Terraform
JOB01162,Full Stack Developer,NextGen Systems,Bengaluru,0-1 years,1690087,Full-time,HTML; CSS; JavaScript; React; Node.js; SQL; Git; REST API; Data Visualization; NumPy; Python
JOB01163,AI/ML Engineer,VisionWorks,Bengaluru,0-1 years,2083243,Full-time,Python; SQL; Pandas; NumPy; Machine Learning; Deep Learning; PyTorch; Git; Azure
JOB01164,Software Developer,InnoByte,Pune,0-1 years,960492,Contract,Python; SQL; Git; REST API; HTML; CSS; JavaScript; DSA; Node.js; Linux; Machine Learning
JOB01165,Cloud Engineer,Aster Labs,Remote,1-3 years,710344,Contract,Python; Linux; Git; AWS; Azure; Docker; Networking; Terraform
JOB01166,Full Stack Developer,CodeCraft,Pune,3-5 years,620821,Full-time,HTML; CSS; JavaScript; React; Node.js; SQL; Git; REST API
JOB01167,Data Scientist,DataBridge,Hyderabad,1-3 years,2175464,Internship,Python; SQL; Pandas; NumPy; Statistics; Machine Learning; Scikit-learn; Power BI; Data Visualization
JOB01168,AI/ML Engineer,VisionWorks,Hyderabad,0-1 years,1403766,Full-time,Python; SQL; Pandas; NumPy; Machine Learning; Deep Learning; PyTorch; Git; Docker; Linux; Excel
JOB01169,Full Stack Developer,Aster Labs,Mumbai,1-3 years,1452801,Contract,HTML; CSS; JavaScript; React; Node.js; SQL; Git; REST API; DSA; Power BI; Linux
JOB01170,Data Scientist,InnoByte,Hyderabad,3-5 years,1896210,Contract,Python; SQL; Pandas; NumPy; Statistics; Machine Learning; Scikit-learn; Power BI
JOB01171,Data Analyst,DataBridge,Chennai,3-5 years,1220428,Internship,Python; SQL; Excel; Power BI; Pandas; Statistics; Data Visualization; Node.js; Docker
JOB01172,Data Scientist,TechNova,Chennai,0-1 years,1175336,Contract,Python; SQL; Pandas; NumPy; Statistics; Machine Learning; Scikit-learn; Power BI; Networking; Deep Learning; DSA
JOB01173,AI/ML Engineer,CodeCraft,Remote,3-5 years,1384918,Full-time,Python; SQL; Pandas; NumPy; Machine Learning; Deep Learning; PyTorch; Git; CSS; Excel
JOB01174,Data Analyst,InnoByte,Mumbai,1-3 years,1934182,Contract,Python; SQL; Excel; Power BI; Pandas; Statistics; Data Visualization
JOB01175,Data Scientist,TechNova,Pune,0-1 years,784890,Full-time,Python; SQL; Pandas; NumPy; Statistics; Machine Learning; Scikit-learn; Power BI; Git
JOB01176,AI/ML Engineer,DataBridge,Pune,0-1 years,2144686,Full-time,Python; SQL; Pandas; NumPy; Machine Learning; Deep Learning; PyTorch; Git; Power BI; Networking; Terraform
JOB01177,Data Analyst,CloudPeak,Hyderabad,3-5 years,1837089,Internship,Python; SQL; Excel; Power BI; Pandas; Statistics; Data Visualization
JOB01178,Data Scientist,DataBridge,Delhi NCR,1-3 years,1500138,Full-time,Python; SQL; Pandas; NumPy; Statistics; Machine Learning; Scikit-learn; Power BI; PyTorch; CSS; React
JOB01179,Data Scientist,TechNova,Mumbai,0-1 years,2108453,Full-time,Python; SQL; Pandas; NumPy; Statistics; Machine Learning; Scikit-learn; Power BI; Deep Learning; Terraform
JOB01180,Data Analyst,CodeCraft,Chennai,0-1 years,1471250,Internship,Python; SQL; Excel; Power BI; Pandas; Statistics; Data Visualization
JOB01181,Software Developer,CloudPeak,Chennai,3-5 years,1100962,Full-time,Python; SQL; Git; REST API; HTML; CSS; JavaScript; DSA; Docker; React
JOB01182,AI/ML Engineer,TechNova,Remote,3-5 years,1811174,Internship,Python; SQL; Pandas; NumPy; Machine Learning; Deep Learning; PyTorch; Git; React
JOB01183,AI/ML Engineer,NextGen Systems,Pune,0-1 years,1169186,Internship,Python; SQL; Pandas; NumPy; Machine Learning; Deep Learning; PyTorch; Git
JOB01184,Software Developer,CodeCraft,Remote,0-1 years,1969860,Full-time,Python; SQL; Git; REST API; HTML; CSS; JavaScript; DSA
JOB01185,Data Analyst,TechNova,Pune,0-1 years,541651,Full-time,Python; SQL; Excel; Power BI; Pandas; Statistics; Data Visualization; Git
JOB01186,Data Analyst,InnoByte,Remote,3-5 years,812564,Full-time,Python; SQL; Excel; Power BI; Pandas; Statistics; Data Visualization; CSS
JOB01187,AI/ML Engineer,InnoByte,Remote,1-3 years,1221744,Contract,Python; SQL; Pandas; NumPy; Machine Learning; Deep Learning; PyTorch; Git; Azure
JOB01188,Cloud Engineer,CodeCraft,Pune,0-1 years,1486032,Full-time,Python; Linux; Git; AWS; Azure; Docker; Networking; Terraform; JavaScript
JOB01189,Full Stack Developer,Aster Labs,Chennai,0-1 years,1097794,Contract,HTML; CSS; JavaScript; React; Node.js; SQL; Git; REST API
JOB01190,AI/ML Engineer,VisionWorks,Chennai,0-1 years,796206,Internship,Python; SQL; Pandas; NumPy; Machine Learning; Deep Learning; PyTorch; Git; AWS; Power BI
JOB01191,Data Analyst,CodeCraft,Hyderabad,3-5 years,808355,Contract,Python; SQL; Excel; Power BI; Pandas; Statistics; Data Visualization; Azure; CSS
JOB01192,Software Developer,Aster Labs,Delhi NCR,3-5 years,548693,Contract,Python; SQL; Git; REST API; HTML; CSS; JavaScript; DSA; Networking
JOB01193,AI/ML Engineer,Aster Labs,Remote,3-5 years,717695,Contract,Python; SQL; Pandas; NumPy; Machine Learning; Deep Learning; PyTorch; Git; Networking
JOB01194,Software Developer,DataBridge,Mumbai,3-5 years,1151890,Internship,Python; SQL; Git; REST API; HTML; CSS; JavaScript; DSA; AWS; React
JOB01195,Software Developer,InnoByte,Hyderabad,0-1 years,1642576,Internship,Python; SQL; Git; REST API; HTML; CSS; JavaScript; DSA; AWS
JOB01196,Data Scientist,CloudPeak,Hyderabad,1-3 years,475667,Contract,Python; SQL; Pandas; NumPy; Statistics; Machine Learning; Scikit-learn; Power BI; CSS
JOB01197,Full Stack Developer,TechNova,Chennai,3-5 years,778627,Internship,HTML; CSS; JavaScript; React; Node.js; SQL; Git; REST API; Power BI
JOB01198,Data Scientist,TechNova,Mumbai,1-3 years,1015926,Internship,Python; SQL; Pandas; NumPy; Statistics; Machine Learning; Scikit-learn; Power BI; Data Visualization; Git
JOB01199,Data Analyst,Aster Labs,Hyderabad,0-1 years,830268,Full-time,Python; SQL; Excel; Power BI; Pandas; Statistics; Data Visualization
JOB01200,Cloud Engineer,DataBridge,Remote,3-5 years,1744618,Internship,Python; Linux; Git; AWS; Azure; Docker; Networking; Terraform
